tree
version=v4
num_class=1
num_tree_per_iteration=1
label_index=0
max_feature_idx=16
objective=regression_l1
feature_names=month vehicleId agencyId unitsSoldLastMonth unitsSoldSameMonthLastYear rollingAvgSales3Months rollingAvgSales6Months avgPrice wasOnPromotion promotionDiscountAmount testDrivesCount quotationsAcceptedCount agencyOrdersQuantity agencyTarget vehicleRangeKM agencyRegion vehicleBatteryCapacity
feature_infos=-1:0:2:3:4:5:6:7:8:9 -1:3:0:1:2:4:5:6:7:8:9 -1:0:1:2 [0:54] none [0:41] [0:39] [550000000:1800000000] [0:1] [0:20000000] [0:117] [0:81] [0:54] [0:59] [350:610] -1:0:1:2 -1:1:0:3:2:4:5
tree_sizes=378 389 389 390 389 411 497 497 493 491 484 570 570 573 571 571 572 572 570 572 652 651 654 651 730 729 729 655 737 736 734 736 737 818 904 904 903 904 901 903 904 904 906 905 904 902 901 975 970 973 973 973 976 1031 1034 1033 1055 1056 1056 1059 1052 1056 1054 1058 1059 1052 1003 1074 1070 1074 976 967 1083 998 999 997 988 988 1006 1005 988 988 985 1012 986 986 985 996 991 908 990 1002 991 1002 1009 991 1003 1001 986 1002 917 918 916 1176 1142 1072 1093 1004 1002 1009 1018 1013 1072 1082 1016 1089 917 986 1088 1013 1143 1105 1078 996 991 1091 1090 1085 1012 987 1082 911 918 998 1000 1069 900 1089 999 975 999 1090 1069 1016 997 1004 1084 996 1081 1096 1074 1021 1067 1071 1014 1076 1071 1079 1104 1093 1071 915 1082 990 987 1023 988 1004 1006 1162 1106 1174 1100 1094 990 1010 1078 1000 1062 1001 1094 1096 1077 1083 1006 1082 997 990 1022 1001 994 1049 984 1074 1065 982 1172 1067 928 1014 1000 1015 1016 1075 1078 1016 1080 1103 1162 991 918 1104 1004 1115 986 1019 1009 1006 1094 1003 1073 925 1094 1106 1162 1073 995 1100 1006 993 1080 1015 1102 1012 1015 1001 1103 1000 1015 1002 998 1072 998 998 1017 1019 1005 1086 1079 990 1023 1021 1018 906 1078 1021 987 976 989 1083 1109 903 1090 917 1072 985 988 1015 1002 1000 913 933 911 912 911 905 911 999 1084 1011 988 908 992 993 994 1063 1069 1089 1172 1078 1000 1177 991 932 1009 1085 1082 991 988 1010 917 1107 1019 984 926 1063 919 990 989 1098 1099 998 1088 1085 992 1007 1002 1103 995 1087 1081 1078 1082 1072 1018 1020 987 986 1085 1015 1098 1010 1000 1003 1106 1080 1099 990 1167 980 974 1003 1014 933 1008 1094 1090 1007 1006 1102 1104 1024 1076 1095 1012 999 1168 1162 1017 1099 1014 1088 1088 1081 1105 924 983 1079 913 915 914 1007 1072 1011 912 909 1186 915 1077 1020 1098 1019 1084 1098 1095 1089 1069 1018 1073 1083 1077 1005 1090 1081 1019 1028 993 1016 998 1101 994 1024 1088 1098 1080 1004 1080 1001 1097 1004 1080 923 936 1024 1006 1007 1095 1088 987 1097 1088 998 1084 1166 1003 1075 999 918 1015 1091 1067 1078 1191 1015 1098 1080 1095 1152 1021 1098 1088 1099 1009 1009 1010 1071 1109 1024 1101 1024 991 1058 1093 1010 920 996 1079 1005 1090 1167 986 1081 1069 995 1008 1069 1000 1001 990 1080 993 1022 1023 1083 1000 1021 1094 992 1109 1012 911 1026 1096 1001 1018 1089 1022 1001 1078 1106 1001 1103 1102 1087 1161 1079 910 1105 1000 1022

Tree=0
num_leaves=3
num_cat=0
split_feature=12 12
split_gain=241.326 9.78129
threshold=26.500000000000004 24.500000000000004
decision_type=2 2
left_child=1 -1
right_child=-2 -3
leaf_value=25.550000000000001 26.449999999999999 26
leaf_weight=116 134 22
leaf_count=116 134 22
internal_value=26.0022 25.9558
internal_weight=272 138
internal_count=272 138
is_linear=0
shrinkage=1


Tree=1
num_leaves=3
num_cat=0
split_feature=12 12
split_gain=241.326 9.78129
threshold=26.500000000000004 24.500000000000004
decision_type=2 2
left_child=1 -1
right_child=-2 -3
leaf_value=-0.42750000000000005 0.42750000000000005 0
leaf_weight=116 134 22
leaf_count=116 134 22
internal_value=0.00220588 -0.0442029
internal_weight=272 138
internal_count=272 138
is_linear=0
shrinkage=0.05


Tree=2
num_leaves=3
num_cat=0
split_feature=12 12
split_gain=241.326 9.78129
threshold=26.500000000000004 24.500000000000004
decision_type=2 2
left_child=1 -1
right_child=-2 -3
leaf_value=-0.40612500000000012 0.40612500000000012 0
leaf_weight=116 134 22
leaf_count=116 134 22
internal_value=0.00220588 -0.0442029
internal_weight=272 138
internal_count=272 138
is_linear=0
shrinkage=0.05


Tree=3
num_leaves=3
num_cat=0
split_feature=12 12
split_gain=241.494 8.11642
threshold=27.500000000000004 25.500000000000004
decision_type=2 2
left_child=1 -1
right_child=-2 -3
leaf_value=-0.33581875000000017 0.43581875000000014 0
leaf_weight=122 124 26
leaf_count=122 124 26
internal_value=-0.00147059 -0.0445946
internal_weight=272 148
internal_count=272 148
is_linear=0
shrinkage=0.05


Tree=4
num_leaves=3
num_cat=0
split_feature=12 12
split_gain=241.494 8.11642
threshold=27.500000000000004 25.500000000000004
decision_type=2 2
left_child=1 -1
right_child=-2 -3
leaf_value=-0.31902781250000012 0.4140278125000002 0
leaf_weight=122 124 26
leaf_count=122 124 26
internal_value=-0.00147059 -0.0445946
internal_weight=272 148
internal_count=272 148
is_linear=0
shrinkage=0.05


Tree=5
num_leaves=3
num_cat=0
split_feature=12 12
split_gain=239.872 6.10596
threshold=28.500000000000004 25.500000000000004
decision_type=2 2
left_child=1 -1
right_child=-2 -3
leaf_value=-0.30307642187500011 0.39332642187500028 -0.0066735781249997574
leaf_weight=122 117 33
leaf_count=122 117 33
internal_value=-0.00404412 -0.0448387
internal_weight=272 155
internal_count=272 155
is_linear=0
shrinkage=0.05


Tree=6
num_leaves=4
num_cat=0
split_feature=12 12 8
split_gain=196.358 30.5319 3.73778
threshold=28.500000000000004 23.500000000000004 1.0000000180025095e-35
decision_type=2 2 2
left_child=1 -1 -3
right_child=-2 2 -4
leaf_value=-0.38792260078125002 0.37366010078125034 -0.0063398992187497782 0.00033367890624997899
leaf_weight=110 117 25 20
leaf_count=110 117 25 20
internal_value=0.00110294 -0.0358065 -0.00111111
internal_weight=272 155 45
internal_count=272 155 45
is_linear=0
shrinkage=0.05


Tree=7
num_leaves=4
num_cat=0
split_feature=12 12 8
split_gain=196.358 30.5319 3.73778
threshold=28.500000000000004 23.500000000000004 1.0000000180025095e-35
decision_type=2 2 2
left_child=1 -1 -3
right_child=-2 2 -4
leaf_value=-0.36852647074218758 0.35497709574218778 -0.0060229042578122012 0.00031699496093740009
leaf_weight=110 117 25 20
leaf_count=110 117 25 20
internal_value=0.00110294 -0.0358065 -0.00111111
internal_weight=272 155 45
internal_count=272 155 45
is_linear=0
shrinkage=0.05


Tree=8
num_leaves=4
num_cat=0
split_feature=12 12 12
split_gain=195.892 25.9359 31.1821
threshold=29.500000000000004 23.500000000000004 26.500000000000004
decision_type=2 2 2
left_child=1 -1 -3
right_child=-2 2 -4
leaf_value=-0.35010014720507815 0.3872282409550783 0.00030114521289057453 -0.012771759044921716
leaf_weight=110 111 28 23
leaf_count=110 111 28 23
internal_value=-0.00110294 -0.0363354 -0.00686275
internal_weight=272 161 51
internal_count=272 161 51
is_linear=0
shrinkage=0.05


Tree=9
num_leaves=4
num_cat=0
split_feature=12 12 12
split_gain=175.143 36.3942 39.8252
threshold=22.500000000000004 29.500000000000004 26.500000000000004
decision_type=2 2 2
left_child=-1 2 -2
right_child=1 -3 -4
leaf_value=-0.38259513984482418 0.00093676181943340713 0.36786682890732436 -0.012133171092675711
leaf_weight=101 37 111 23
leaf_count=101 37 111 23
internal_value=0.00220588 0.0330409 0.00166667
internal_weight=272 171 60
internal_count=272 171 60
is_linear=0
shrinkage=0.05


Tree=10
num_leaves=4
num_cat=0
split_feature=12 12 12
split_gain=171.018 35.2245 45.6495
threshold=30.500000000000004 22.500000000000004 26.500000000000004
decision_type=2 2 2
left_child=1 -1 -3
right_child=-2 2 -4
leaf_value=-0.36346538285258295 0.34947348746195817 0.00088992372846181673 -0.011526512538041978
leaf_weight=101 105 37 29
leaf_count=101 105 37 29
internal_value=0 -0.0314371 -0.0030303
internal_weight=272 167 66
internal_count=272 167 66
is_linear=0
shrinkage=0.05


Tree=11
num_leaves=5
num_cat=0
split_feature=12 12 12 12
split_gain=172.414 31.3101 45.0638 3.27273
threshold=21.500000000000004 29.500000000000004 26.500000000000004 24.500000000000004
decision_type=2 2 2 2
left_child=-1 2 3 -2
right_child=1 -3 -4 -5
leaf_value=-0.37029211370995391 0.012263810920945063 0.33199981308886034 -0.010950186911139959 0.00019475367485135566
leaf_weight=94 22 111 23 22
leaf_count=94 22 111 23 22
internal_value=0.00477941 0.0337079 0.00671642 0.0363636
internal_weight=272 178 67 44
internal_count=272 178 67 44
is_linear=0
shrinkage=0.05


Tree=12
num_leaves=5
num_cat=0
split_feature=12 12 12 12
split_gain=158.807 39.5952 52.1494 3.27273
threshold=21.500000000000004 30.500000000000004 26.500000000000004 24.500000000000004
decision_type=2 2 2 2
left_child=-1 2 3 -2
right_child=1 -3 -4 -5
leaf_value=-0.35177750802445618 0.011650620374897792 0.31539982243441733 -0.010860349440583051 0.00018501599110880564
leaf_weight=94 22 105 29 22
leaf_count=94 22 105 29 22
internal_value=0.00257353 0.0303371 0.00205479 0.0363636
internal_weight=272 178 73 44
internal_count=272 178 73 44
is_linear=0
shrinkage=0.05


Tree=13
num_leaves=5
num_cat=0
split_feature=12 12 12 12
split_gain=153.523 40.4699 57.2214 3.27273
threshold=31.500000000000004 21.500000000000004 26.500000000000004 24.500000000000004
decision_type=2 2 2 2
left_child=1 -1 3 -3
right_child=-2 2 -4 -5
leaf_value=-0.33418863262323345 0.34962983131269643 0.011068089356152911 -0.0098596600935538358 0.00017576519155344529
leaf_weight=94 100 22 34 22
leaf_count=94 100 22 34 22
internal_value=0.000735294 -0.027907 -0.00128205 0.0363636
internal_weight=272 172 78 44
internal_count=272 172 78 44
is_linear=0
shrinkage=0.05


Tree=14
num_leaves=5
num_cat=0
split_feature=12 12 12 12
split_gain=154.439 33.5529 58.9609 3.82847
threshold=20.500000000000004 30.500000000000004 26.500000000000004 24.500000000000004
decision_type=2 2 2 2
left_child=-1 2 3 -2
right_child=1 -3 -4 -5
leaf_value=-0.34247920099207169 0.0075207990079283254 0.28214833974706155 -0.009824348963876163 0.00016697693197578192
leaf_weight=85 31 105 29 22
leaf_count=85 31 105 29 22
internal_value=0.00588235 0.0312834 0.00731707 0.0386792
internal_weight=272 187 82 53
internal_count=272 187 82 53
is_linear=0
shrinkage=0.05


Tree=15
num_leaves=5
num_cat=0
split_feature=12 12 12 12
split_gain=144.445 39.3386 65.1538 3.82847
threshold=20.500000000000004 31.500000000000004 26.500000000000004 24.500000000000004
decision_type=2 2 2 2
left_child=-1 2 3 -2
right_child=1 -3 -4 -5
leaf_value=-0.3253552409424682 0.0071447590575319355 0.31804092275970852 -0.0093331315156824253 0.00015862808537701057
leaf_weight=85 31 100 34 22
leaf_count=85 31 100 34 22
internal_value=0.00404412 0.0286096 0.00402299 0.0386792
internal_weight=272 187 87 53
internal_count=272 187 87 53
is_linear=0
shrinkage=0.05


Tree=16
num_leaves=5
num_cat=0
split_feature=12 12 12 12
split_gain=144.445 39.3386 65.1538 3.82847
threshold=20.500000000000004 31.500000000000004 26.500000000000004 24.500000000000004
decision_type=2 2 2 2
left_child=-1 2 3 -2
right_child=1 -3 -4 -5
leaf_value=-0.30908747889534482 0.0067875211046553481 0.30213887662172323 -0.0088664749398983389 0.00015069668110818669
leaf_weight=85 31 100 34 22
leaf_count=85 31 100 34 22
internal_value=0.00404412 0.0286096 0.00402299 0.0386792
internal_weight=272 187 87 53
internal_count=272 187 87 53
is_linear=0
shrinkage=0.05


Tree=17
num_leaves=5
num_cat=0
split_feature=12 12 12 12
split_gain=124.019 36.4694 83.7473 4.42781
threshold=19.500000000000004 32.500000000000007 26.500000000000004 24.500000000000004
decision_type=2 2 2 2
left_child=-1 2 3 -2
right_child=1 -3 -4 -5
leaf_value=-0.39363310495057746 0.0064481450494225717 0.28703193279063693 -0.0084231511929033342 0.00014316184705283065
leaf_weight=70 46 94 40 22
leaf_count=70 46 94 40 22
internal_value=0.00735294 0.0272277 0.00740741 0.0411765
internal_weight=272 202 108 68
internal_count=272 202 108 68
is_linear=0
shrinkage=0.05


Tree=18
num_leaves=5
num_cat=0
split_feature=12 12 12 12
split_gain=124.019 36.4694 83.7473 4.42781
threshold=19.500000000000004 32.500000000000007 26.500000000000004 24.500000000000004
decision_type=2 2 2 2
left_child=-1 2 3 -2
right_child=1 -3 -4 -5
leaf_value=-0.37395144970304861 0.0061257377969514692 0.27268033615110493 -0.0080019936332581306 0.000136003754700198
leaf_weight=70 46 94 40 22
leaf_count=70 46 94 40 22
internal_value=0.00735294 0.0272277 0.00740741 0.0411765
internal_weight=272 202 108 68
internal_count=272 202 108 68
is_linear=0
shrinkage=0.05


Tree=19
num_leaves=5
num_cat=0
split_feature=12 12 12 12
split_gain=124.019 36.4694 83.7473 4.42781
threshold=19.500000000000004 32.500000000000007 26.500000000000004 24.500000000000004
decision_type=2 2 2 2
left_child=-1 2 3 -2
right_child=1 -3 -4 -5
leaf_value=-0.35525387721789614 0.0058194509071039851 0.25904631934354966 -0.0076018939515952516 0.00012920356696515258
leaf_weight=70 46 94 40 22
leaf_count=70 46 94 40 22
internal_value=0.00735294 0.0272277 0.00740741 0.0411765
internal_weight=272 202 108 68
internal_count=272 202 108 68
is_linear=0
shrinkage=0.05


Tree=20
num_leaves=6
num_cat=0
split_feature=12 12 12 12 12
split_gain=108.71 35.1554 82.6944 4.59951 2.42475
threshold=18.500000000000004 33.500000000000007 26.500000000000004 24.500000000000004 29.500000000000004
decision_type=2 2 2 2 2
left_child=-1 2 3 -2 -4
right_child=1 -3 4 -5 -6
leaf_value=-0.33749118335700123 0.005528478361748768 0.29609400337637232 -0.0067641273790156834 0.00012274338861697486 -0.011766715270475459
leaf_weight=64 52 82 23 22 29
leaf_count=64 52 82 23 22 29
internal_value=0.00698529 0.0245192 0.00793651 0.0418919 -0.0403846
internal_weight=272 208 126 74 52
internal_count=272 208 126 74 52
is_linear=0
shrinkage=0.05


Tree=21
num_leaves=6
num_cat=0
split_feature=12 12 12 12 12
split_gain=108.71 35.1554 82.6944 4.59951 2.42475
threshold=18.500000000000004 33.500000000000007 26.500000000000004 24.500000000000004 29.500000000000004
decision_type=2 2 2 2 2
left_child=-1 2 3 -2 -4
right_child=1 -3 4 -5 -6
leaf_value=-0.3206166241891511 0.0052520544436612587 0.28128930320755358 -0.0064259210100649613 0.0001166062191861883 -0.011178379506951686
leaf_weight=64 52 82 23 22 29
leaf_count=64 52 82 23 22 29
internal_value=0.00698529 0.0245192 0.00793651 0.0418919 -0.0403846
internal_weight=272 208 126 74 52
internal_count=272 208 126 74 52
is_linear=0
shrinkage=0.05


Tree=22
num_leaves=6
num_cat=0
split_feature=12 12 12 12 12
split_gain=111.534 32.5522 75.1437 4.75251 4.59951
threshold=18.500000000000004 33.500000000000007 26.500000000000004 29.500000000000004 24.500000000000004
decision_type=2 2 2 2 2
left_child=-1 2 4 -4 -2
right_child=1 -3 3 -5 -6
leaf_value=-0.30458579297969363 0.0049894517214781331 0.26722483804717606 -0.0061046249595616336 -0.010619460531604119 0.00011077590822683447
leaf_weight=64 52 82 23 29 22
leaf_count=64 52 82 23 29 22
internal_value=0.00772059 0.0254808 0.00952381 -0.0365385 0.0418919
internal_weight=272 208 126 52 74
internal_count=272 208 126 52 74
is_linear=0
shrinkage=0.05


Tree=23
num_leaves=6
num_cat=0
split_feature=12 12 12 12 12
split_gain=107.884 30.9553 77.5846 4.75251 4.6993
threshold=17.500000000000004 33.500000000000007 26.500000000000004 29.500000000000004 24.500000000000004
decision_type=2 2 2 2 2
left_child=-1 2 4 -4 -2
right_child=1 -3 3 -5 -6
leaf_value=-0.33935650333070894 0.004739979135404227 0.25386359614481718 -0.0057993937115835342 -0.010088487505024092 0.00010523711281553717
leaf_weight=60 56 82 23 29 22
leaf_count=60 56 82 23 29 22
internal_value=0.00919118 0.0259434 0.0107692 -0.0365385 0.0423077
internal_weight=272 212 130 52 78
internal_count=272 212 130 52 78
is_linear=0
shrinkage=0.05


Tree=24
num_leaves=7
num_cat=0
split_feature=12 12 12 12 12 5
split_gain=93.646 42.218 65.4204 6.69697 5.02174 2.27273
threshold=17.500000000000004 34.500000000000007 26.500000000000004 21.500000000000004 29.500000000000004 23.833333333333339
decision_type=2 2 2 2 2 2
left_child=-1 2 3 -2 -4 -5
right_child=1 -3 4 5 -6 -7
leaf_value=-0.32238867816417349 0.0045029801786339975 0.2411704163375763 -0.0055094240260043399 9.9975257174733661e-05 -0.0095840631297729583 0.00075064912436211277
leaf_weight=60 34 78 23 22 33 22
leaf_count=60 34 78 23 22 33 22
internal_value=0.00514706 0.0207547 0.00373134 0.0333333 -0.0375 0.0204545
internal_weight=272 212 134 78 56 44
internal_count=272 212 134 78 56 44
is_linear=0
shrinkage=0.05


Tree=25
num_leaves=7
num_cat=0
split_feature=12 12 12 12 12 5
split_gain=93.646 42.218 65.4204 6.69697 5.02174 2.27273
threshold=17.500000000000004 34.500000000000007 26.500000000000004 21.500000000000004 29.500000000000004 23.833333333333339
decision_type=2 2 2 2 2 2
left_child=-1 2 3 -2 -4 -5
right_child=1 -3 4 5 -6 -7
leaf_value=-0.3062692442559648 0.0042778311697022177 0.22911189552069758 -0.005233952824704069 9.4976494315979215e-05 -0.0091048599732843627 0.00071311666814395387
leaf_weight=60 34 78 23 22 33 22
leaf_count=60 34 78 23 22 33 22
internal_value=0.00514706 0.0207547 0.00373134 0.0333333 -0.0375 0.0204545
internal_weight=272 212 134 78 56 44
internal_count=272 212 134 78 56 44
is_linear=0
shrinkage=0.05


Tree=26
num_leaves=7
num_cat=0
split_feature=12 12 12 12 12 5
split_gain=91.2663 40.7173 67.6121 7.01796 5.02174 2.27273
threshold=16.500000000000004 34.500000000000007 26.500000000000004 21.500000000000004 29.500000000000004 23.833333333333339
decision_type=2 2 2 2 2 2
left_child=-1 2 3 -2 -4 -5
right_child=1 -3 4 5 -6 -7
leaf_value=-0.29095578204316652 0.0040639396112171159 0.2176563007446628 -0.0049722551834689103 9.0227669600118085e-05 -0.0086496169746201456 0.00067746083473672067
leaf_weight=57 37 78 23 22 33 22
leaf_count=57 37 78 23 22 33 22
internal_value=0.00625 0.0211628 0.00474453 0.0339506 -0.0375 0.0204545
internal_weight=272 215 137 81 56 44
internal_count=272 215 137 81 56 44
is_linear=0
shrinkage=0.05


Tree=27
num_leaves=6
num_cat=0
split_feature=12 12 12 12 12
split_gain=92.3855 40.8424 59.1352 14.8205 5.58706
threshold=34.500000000000007 16.500000000000004 24.500000000000004 28.500000000000004 21.500000000000004
decision_type=2 2 2 2 2
left_child=1 -1 4 -4 -3
right_child=-2 2 3 -5 -6
leaf_value=-0.27640799294100821 0.20677348570742959 0.0038607426306562333 -7.0860741875122816e-06 -0.0074626566585397573 0.007389804727688621
leaf_weight=57 78 37 39 39 22
leaf_count=57 78 37 39 39 22
internal_value=0.00404412 -0.014433 0.000364964 -0.0282051 0.0381356
internal_weight=272 194 137 78 59
internal_count=272 194 137 78 59
is_linear=0
shrinkage=0.05


Tree=28
num_leaves=7
num_cat=0
split_feature=12 12 12 12 12 12
split_gain=84.2485 38.1063 44.5656 5.58706 3.55737 9.27731
threshold=16.500000000000004 35.500000000000007 24.500000000000004 21.500000000000004 28.500000000000004 32.500000000000007
decision_type=2 2 2 2 2 2
left_child=-1 2 3 -2 -4 -6
right_child=1 -3 4 -5 5 -7
leaf_value=-0.26258759329395787 0.0036677054991233861 0.1964348114220581 -6.7317704781189043e-06 0.0070203144913042696 -0.0078440032929620439 -0.0035651885779419247
leaf_weight=57 37 66 39 22 23 28
leaf_count=57 37 66 39 22 23 28
internal_value=0.00404412 0.0183721 0.00436242 0.0381356 -0.0177778 -0.0264706
internal_weight=272 215 149 59 90 51
internal_count=272 215 149 59 90 51
is_linear=0
shrinkage=0.05


Tree=29
num_leaves=7
num_cat=0
split_feature=12 12 12 12 12 12
split_gain=80.308 36.0312 48.3364 5.84659 3.55737 9.27731
threshold=15.500000000000002 35.500000000000007 24.500000000000004 21.500000000000004 28.500000000000004 32.500000000000007
decision_type=2 2 2 2 2 2
left_child=-1 2 3 -2 -4 -6
right_child=1 -3 4 -5 5 -7
leaf_value=-0.29945821362926001 0.0034843202241672702 0.18661307085095516 -6.3951819541330229e-06 0.0066692987667391181 -0.0074518031283140832 -0.003386929149044704
leaf_weight=52 42 66 39 22 23 28
leaf_count=52 42 66 39 22 23 28
internal_value=0.00588235 0.0190909 0.00584416 0.0390625 -0.0177778 -0.0264706
internal_weight=272 220 154 64 90 51
internal_count=272 220 154 64 90 51
is_linear=0
shrinkage=0.05


Tree=30
num_leaves=7
num_cat=0
split_feature=12 12 12 12 12 12
split_gain=80.308 36.0312 48.3364 5.84659 3.55737 9.27731
threshold=15.500000000000002 35.500000000000007 24.500000000000004 21.500000000000004 28.500000000000004 32.500000000000007
decision_type=2 2 2 2 2 2
left_child=-1 2 3 -2 -4 -6
right_child=1 -3 4 -5 5 -7
leaf_value=-0.284485302947797 0.0033101042129588978 0.17728241730840752 -6.075422856355317e-06 0.0063358338284022157 -0.0070792129718984858 -0.0032175826915924691
leaf_weight=52 42 66 39 22 23 28
leaf_count=52 42 66 39 22 23 28
internal_value=0.00588235 0.0190909 0.00584416 0.0390625 -0.0177778 -0.0264706
internal_weight=272 220 154 64 90 51
internal_count=272 220 154 64 90 51
is_linear=0
shrinkage=0.05


Tree=31
num_leaves=7
num_cat=0
split_feature=12 12 12 12 12 12
split_gain=80.308 36.0312 48.3364 5.84659 3.55737 9.27731
threshold=15.500000000000002 35.500000000000007 24.500000000000004 21.500000000000004 28.500000000000004 32.500000000000007
decision_type=2 2 2 2 2 2
left_child=-1 2 3 -2 -4 -6
right_child=1 -3 4 -5 5 -7
leaf_value=-0.27026103780040717 0.003144599002311033 0.16841829644298728 -5.7716517135375515e-06 0.0060190421369821223 -0.0067252523233037216 -0.0030567035570129523
leaf_weight=52 42 66 39 22 23 28
leaf_count=52 42 66 39 22 23 28
internal_value=0.00588235 0.0190909 0.00584416 0.0390625 -0.0177778 -0.0264706
internal_weight=272 220 154 64 90 51
internal_count=272 220 154 64 90 51
is_linear=0
shrinkage=0.05


Tree=32
num_leaves=7
num_cat=0
split_feature=12 12 12 12 12 12
split_gain=80.308 36.0312 48.3364 5.84659 3.55737 9.27731
threshold=15.500000000000002 35.500000000000007 24.500000000000004 21.500000000000004 28.500000000000004 32.500000000000007
decision_type=2 2 2 2 2 2
left_child=-1 2 3 -2 -4 -6
right_child=1 -3 4 -5 5 -7
leaf_value=-0.25674798591038678 0.0029873690521954547 0.15999738162083796 -5.4830691277985018e-06 0.0057180900301329277 -0.0063889897071383933 -0.0029038683791622333
leaf_weight=52 42 66 39 22 23 28
leaf_count=52 42 66 39 22 23 28
internal_value=0.00588235 0.0190909 0.00584416 0.0390625 -0.0177778 -0.0264706
internal_weight=272 220 154 64 90 51
internal_count=272 220 154 64 90 51
is_linear=0
shrinkage=0.05


Tree=33
num_leaves=8
num_cat=0
split_feature=12 12 12 12 12 12 12
split_gain=70.9731 39.3251 39.6627 3.55737 9.27731 2.68892 2.22017
threshold=14.500000000000002 35.500000000000007 24.500000000000004 28.500000000000004 32.500000000000007 21.500000000000004 19.500000000000004
decision_type=2 2 2 2 2 2 2
left_child=-1 2 5 -4 -5 6 -2
right_child=1 -3 3 4 -6 -7 -8
leaf_value=-0.24391058661486742 0.007818278945202017 0.15199751253979593 -5.2089156714174585e-06 -0.0060695402217813667 -0.0027586749602040331 0.0054321855286262989 0.0027567505995854447
leaf_weight=47 23 66 39 23 28 22 24
leaf_count=47 23 66 39 23 28 22 24
internal_value=0.00588235 0.0175556 0.00408805 -0.0177778 -0.0264706 0.0326087 0.0393617
internal_weight=272 225 159 90 51 69 47
internal_count=272 225 159 90 51 69 47
is_linear=0
shrinkage=0.05


Tree=34
num_leaves=9
num_cat=0
split_feature=12 12 12 12 12 12 12 12
split_gain=65.3018 38.9067 45.5247 11.1329 2.68892 2.25069 2.27377 2.22017
threshold=36.500000000000007 14.500000000000002 24.500000000000004 33.500000000000007 21.500000000000004 30.500000000000004 26.500000000000004 19.500000000000004
decision_type=2 2 2 2 2 2 2 2
left_child=1 -1 4 5 7 6 -4 -3
right_child=-2 2 3 -5 -6 -7 -8 -9
leaf_value=-0.23171505728412412 0.26939763691280627 0.0074273649979419432 -4.9484698878998758e-06 -0.0041115521496937644 0.0051605762521949932 0.00096116271963424542 -0.0051791766949957465 0.0026189130696062436
leaf_weight=47 58 23 22 24 22 23 29 24
leaf_count=47 58 23 22 24 22 23 29 24
internal_value=0.00294118 -0.00981308 0.00149701 -0.0204082 0.0326087 -0.0108108 -0.0166667 0.0393617
internal_weight=272 214 167 98 69 74 51 47
internal_count=272 214 167 98 69 74 51 47
is_linear=0
shrinkage=0.05


Tree=35
num_leaves=9
num_cat=0
split_feature=12 12 12 12 12 12 12 12
split_gain=65.3018 38.9067 45.5247 11.1329 2.68892 2.25069 2.27377 2.22017
threshold=36.500000000000007 14.500000000000002 24.500000000000004 33.500000000000007 21.500000000000004 30.500000000000004 26.500000000000004 19.500000000000004
decision_type=2 2 2 2 2 2 2 2
left_child=1 -1 4 5 7 6 -4 -3
right_child=-2 2 3 -5 -6 -7 -8 -9
leaf_value=-0.22012930441991793 0.25592775506716592 0.0070559967480448909 -4.7010463935848182e-06 -0.0039059745422090233 0.0049025474395852702 0.00091310458365256864 -0.0049202178602460126 0.0024879674161258692
leaf_weight=47 58 23 22 24 22 23 29 24
leaf_count=47 58 23 22 24 22 23 29 24
internal_value=0.00294118 -0.00981308 0.00149701 -0.0204082 0.0326087 -0.0108108 -0.0166667 0.0393617
internal_weight=272 214 167 98 69 74 51 47
internal_count=272 214 167 98 69 74 51 47
is_linear=0
shrinkage=0.05


Tree=36
num_leaves=9
num_cat=0
split_feature=12 12 12 12 12 12 12 12
split_gain=65.3018 38.9067 45.5247 11.1329 2.68892 2.25069 2.27377 2.22017
threshold=36.500000000000007 14.500000000000002 24.500000000000004 33.500000000000007 21.500000000000004 30.500000000000004 26.500000000000004 19.500000000000004
decision_type=2 2 2 2 2 2 2 2
left_child=1 -1 4 5 7 6 -4 -3
right_child=-2 2 3 -5 -6 -7 -8 -9
leaf_value=-0.20912283919892199 0.2431313673138078 0.0067031969106427173 -4.4659940739322225e-06 -0.0037106758150986965 0.0046574200676060334 0.00086744935446994023 -0.0046742069672337299 0.0023635690453195583
leaf_weight=47 58 23 22 24 22 23 29 24
leaf_count=47 58 23 22 24 22 23 29 24
internal_value=0.00294118 -0.00981308 0.00149701 -0.0204082 0.0326087 -0.0108108 -0.0166667 0.0393617
internal_weight=272 214 167 98 69 74 51 47
internal_count=272 214 167 98 69 74 51 47
is_linear=0
shrinkage=0.05


Tree=37
num_leaves=9
num_cat=0
split_feature=12 12 12 12 12 12 12 12
split_gain=60.2998 37.7963 49.5289 11.1329 3.04838 2.62238 2.25069 2.27377
threshold=36.500000000000007 13.500000000000002 24.500000000000004 33.500000000000007 21.500000000000004 18.500000000000004 30.500000000000004 26.500000000000004
decision_type=2 2 2 2 2 2 2 2
left_child=1 -1 4 6 5 -3 7 -4
right_child=-2 2 3 -5 -6 -7 -8 -9
leaf_value=-0.29866669723897588 0.23097479894811743 0.0046391715050410733 -4.2426943702267293e-06 -0.0035251420243437082 0.0044245490642257582 0.0022860155930537474 0.00082407688674628336 -0.0044404966188720252
leaf_weight=42 58 22 22 24 22 30 23 29
leaf_count=42 58 22 22 24 22 30 23 29
internal_value=0.00477941 -0.00747664 0.00290698 -0.0204082 0.0337838 0.0403846 -0.0108108 -0.0166667
internal_weight=272 214 172 98 74 52 74 51
internal_count=272 214 172 98 74 52 74 51
is_linear=0
shrinkage=0.05


Tree=38
num_leaves=9
num_cat=0
split_feature=12 12 12 12 12 12 12 12
split_gain=57.843 35.5263 54.0401 13.1133 3.04838 2.62238 2.25069 2.27377
threshold=37.500000000000007 13.500000000000002 24.500000000000004 33.500000000000007 21.500000000000004 18.500000000000004 30.500000000000004 26.500000000000004
decision_type=2 2 2 2 2 2 2 2
left_child=1 -1 4 6 5 -3 7 -4
right_child=-2 2 3 -5 -6 -7 -8 -9
leaf_value=-0.28373336237702701 0.26942605900071154 0.0044072129297890511 -4.0305596517242753e-06 -0.0048396958606264917 0.0042033216110144876 0.00217171481340106 0.0007828730424090935 -0.0042184717879283793
leaf_weight=42 52 22 22 30 22 30 23 29
leaf_count=42 52 22 22 30 22 30 23 29
internal_value=0.00257353 -0.00863636 0.0011236 -0.0221154 0.0337838 0.0403846 -0.0108108 -0.0166667
internal_weight=272 220 178 104 74 52 74 51
internal_count=272 220 178 104 74 52 74 51
is_linear=0
shrinkage=0.05


Tree=39
num_leaves=9
num_cat=0
split_feature=12 12 12 12 12 12 12 12
split_gain=57.843 35.5263 54.0401 13.1133 3.04838 2.62238 2.25069 2.27377
threshold=37.500000000000007 13.500000000000002 24.500000000000004 33.500000000000007 21.500000000000004 18.500000000000004 30.500000000000004 26.500000000000004
decision_type=2 2 2 2 2 2 2 2
left_child=1 -1 4 6 5 -3 7 -4
right_child=-2 2 3 -5 -6 -7 -8 -9
leaf_value=-0.26954669425817562 0.2559547560506758 0.0041868522832995579 -3.8290316691558249e-06 -0.0045977110675952558 0.0039931555304637103 0.0020631290727310516 0.00074372939028855001 -0.0040075481985319076
leaf_weight=42 52 22 22 30 22 30 23 29
leaf_count=42 52 22 22 30 22 30 23 29
internal_value=0.00257353 -0.00863636 0.0011236 -0.0221154 0.0337838 0.0403846 -0.0108108 -0.0166667
internal_weight=272 220 178 104 74 52 74 51
internal_count=272 220 178 104 74 52 74 51
is_linear=0
shrinkage=0.05


Tree=40
num_leaves=9
num_cat=0
split_feature=12 12 12 12 12 12 12 12
split_gain=57.843 35.5263 54.0401 13.1133 3.04838 2.62238 2.25069 2.27377
threshold=37.500000000000007 13.500000000000002 24.500000000000004 33.500000000000007 21.500000000000004 18.500000000000004 30.500000000000004 26.500000000000004
decision_type=2 2 2 2 2 2 2 2
left_child=1 -1 4 6 5 -3 7 -4
right_child=-2 2 3 -5 -6 -7 -8 -9
leaf_value=-0.25606935954526683 0.24315701824814193 0.0039775096691346155 -3.6375800856802701e-06 -0.0043678255142154399 0.0037934977539405782 0.0019599726190945078 0.00070654292077421132 -0.0038071707886052409
leaf_weight=42 52 22 22 30 22 30 23 29
leaf_count=42 52 22 22 30 22 30 23 29
internal_value=0.00257353 -0.00863636 0.0011236 -0.0221154 0.0337838 0.0403846 -0.0108108 -0.0166667
internal_weight=272 220 178 104 74 52 74 51
internal_count=272 220 178 104 74 52 74 51
is_linear=0
shrinkage=0.05


Tree=41
num_leaves=9
num_cat=0
split_feature=12 12 12 12 12 12 12 12
split_gain=53.446 33.879 58.1947 13.1133 3.37234 3.24561 2.25069 2.27377
threshold=37.500000000000007 12.500000000000002 24.500000000000004 33.500000000000007 21.500000000000004 16.500000000000004 30.500000000000004 26.500000000000004
decision_type=2 2 2 2 2 2 2 2
left_child=1 -1 4 6 5 -3 7 -4
right_child=-2 2 3 -5 -6 -7 -8 -9
leaf_value=-0.29326589156800348 0.23099916733573489 0.0021256998136694352 -3.4557010813784931e-06 -0.0041494342385046679 0.0036038228662436111 0.0019025989881399142 0.00067121577473550076 -0.0036168122491750058
leaf_weight=37 52 20 22 30 22 37 23 29
leaf_count=37 52 20 22 30 22 37 23 29
internal_value=0.00441176 -0.00636364 0.00245902 -0.0221154 0.0348101 0.0412281 -0.0108108 -0.0166667
internal_weight=272 220 183 104 79 57 74 51
internal_count=272 220 183 104 79 57 74 51
is_linear=0
shrinkage=0.05


Tree=42
num_leaves=9
num_cat=0
split_feature=12 12 12 12 12 12 12 12
split_gain=48.2194 33.7428 46.9201 31.8094 3.37234 3.24561 2.25069 2.27377
threshold=38.500000000000007 33.500000000000007 12.500000000000002 24.500000000000004 21.500000000000004 16.500000000000004 30.500000000000004 26.500000000000004
decision_type=2 2 2 2 2 2 2 2
left_child=1 2 -1 4 5 -4 7 -5
right_child=-2 -3 3 6 -6 -7 -8 -9
leaf_value=-0.27860259698960332 0.34444920896894832 -0.0042133192129147901 0.0020194148229859543 -3.2829160273806225e-06 0.003423631722931475 0.0018074690387329896 0.00063765498599863699 -0.0034359716367163176
leaf_weight=37 42 40 20 22 22 37 23 29
leaf_count=37 42 40 20 22 22 37 23 29
internal_value=0.000735294 -0.00826087 0.000526316 0.0127451 0.0348101 0.0412281 -0.0108108 -0.0166667
internal_weight=272 230 190 153 79 57 74 51
internal_count=272 230 190 153 79 57 74 51
is_linear=0
shrinkage=0.05


Tree=43
num_leaves=9
num_cat=0
split_feature=12 12 12 12 12 12 12 12
split_gain=48.2194 33.7428 46.9201 31.8094 3.37234 3.24561 2.25069 2.27377
threshold=38.500000000000007 33.500000000000007 12.500000000000002 24.500000000000004 21.500000000000004 16.500000000000004 30.500000000000004 26.500000000000004
decision_type=2 2 2 2 2 2 2 2
left_child=1 2 -1 4 5 -4 7 -5
right_child=-2 -3 3 6 -6 -7 -8 -9
leaf_value=-0.26467246714012316 0.32722674852050099 -0.0040026532522690061 0.001918444081836679 -3.1187702260737638e-06 0.0032524501367849016 0.001717095586796269 0.00060577223669859852 -0.0032641730548805372
leaf_weight=37 42 40 20 22 22 37 23 29
leaf_count=37 42 40 20 22 22 37 23 29
internal_value=0.000735294 -0.00826087 0.000526316 0.0127451 0.0348101 0.0412281 -0.0108108 -0.0166667
internal_weight=272 230 190 153 79 57 74 51
internal_count=272 230 190 153 79 57 74 51
is_linear=0
shrinkage=0.05


Tree=44
num_leaves=9
num_cat=0
split_feature=12 12 12 12 12 12 12 12
split_gain=48.2194 33.7428 46.9201 31.8094 3.37234 3.24561 2.25069 2.27377
threshold=38.500000000000007 33.500000000000007 12.500000000000002 24.500000000000004 21.500000000000004 16.500000000000004 30.500000000000004 26.500000000000004
decision_type=2 2 2 2 2 2 2 2
left_child=1 2 -1 4 5 -4 7 -5
right_child=-2 -3 3 6 -6 -7 -8 -9
leaf_value=-0.25143884378311698 0.31086541109447591 -0.0038025205896554228 0.001822521877744876 -2.962831714725667e-06 0.003089827629945674 0.0016312408074565356 0.00057548362486379288 -0.0031009644021365193
leaf_weight=37 42 40 20 22 22 37 23 29
leaf_count=37 42 40 20 22 22 37 23 29
internal_value=0.000735294 -0.00826087 0.000526316 0.0127451 0.0348101 0.0412281 -0.0108108 -0.0166667
internal_weight=272 230 190 153 79 57 74 51
internal_count=272 230 190 153 79 57 74 51
is_linear=0
shrinkage=0.05


Tree=45
num_leaves=9
num_cat=0
split_feature=12 12 12 12 12 12 12 12
split_gain=37.3412 45.6316 42.7043 34.5001 3.71992 2.25885 2.25069 2.27377
threshold=39.500000000000007 33.500000000000007 11.500000000000002 24.500000000000004 21.500000000000004 16.500000000000004 30.500000000000004 26.500000000000004
decision_type=2 2 2 2 2 2 2 2
left_child=1 2 -1 4 5 -4 7 -5
right_child=-2 -3 3 6 -6 -7 -8 -9
leaf_value=-0.23886690159396118 0.44532214053975211 -0.0040752830124990425 0.0033843301558660779 -2.8146901289716197e-06 0.0029353362484483727 0.001549678767083762 0.00054670944362058551 -0.0029459161820296845
leaf_weight=31 32 50 26 22 22 37 23 29
leaf_count=31 32 50 26 22 22 37 23 29
internal_value=-0.000735294 -0.0075 0.00368421 0.0141509 0.0358824 0.0420635 -0.0108108 -0.0166667
internal_weight=272 240 190 159 85 63 74 51
internal_count=272 240 190 159 85 63 74 51
is_linear=0
shrinkage=0.05


Tree=46
num_leaves=9
num_cat=0
split_feature=12 12 12 12 12 12 12 6
split_gain=36.802 46.5307 43.5457 16.9231 5.80759 5.10665 5.58706 0.458009
threshold=39.500000000000007 33.500000000000007 11.500000000000002 24.500000000000004 27.500000000000004 16.500000000000004 21.500000000000004 24.083333333333339
decision_type=2 2 2 2 2 2 2 2
left_child=1 2 -1 5 -5 -4 -7 -6
right_child=-2 -3 3 4 7 6 -8 -9
leaf_value=-0.22692355651426308 0.42305603351276455 -0.0038715188618741792 0.0032151136480727872 -0.00084970068562491014 0.00051937397143966282 0.0014721948287295561 0.0027885694360259452 0.00010798681296879664
leaf_weight=31 32 50 26 32 20 37 22 22
leaf_count=31 32 50 26 32 20 37 22 22
internal_value=-0.000367647 -0.00708333 0.00421053 0.0147799 -0.0027027 0.03 0.0381356 0.00952381
internal_weight=272 240 190 159 74 85 59 42
internal_count=272 240 190 159 74 85 59 42
is_linear=0
shrinkage=0.05


Tree=47
num_leaves=10
num_cat=0
split_feature=12 12 12 12 12 12 12 5 6
split_gain=44.2811 19.6794 54.4409 9.65368 18.6563 3.95459 7.01796 2.27273 0.9
threshold=11.500000000000002 39.500000000000007 35.500000000000007 26.500000000000004 32.500000000000007 16.500000000000004 21.500000000000004 23.833333333333339 24.583333333333339
decision_type=2 2 2 2 2 2 2 2 2
left_child=-1 2 3 5 8 -2 -7 -8 -5
right_child=1 -3 -4 4 -6 6 7 -9 -10
leaf_value=-0.2155773786885499 0.0030543579656691303 0.40190323183712628 -0.0042805193665294899 -0.0030814722722409373 3.7924094881347514e-05 0.0013985850872931139 0.00013261343896626699 0.0006904849458459595 -0.0027561353386470703
leaf_weight=31 26 32 34 20 28 37 22 22 20
leaf_count=31 26 32 34 20 28 37 22 22 20
internal_value=0.00625 0.0134855 0.00789474 0.0191429 0.00441176 0.0285047 0.0339506 0.0204545 -0.0175
internal_weight=272 241 209 175 68 107 81 44 40
internal_count=272 241 209 175 68 107 81 44 40
is_linear=0
shrinkage=0.05


Tree=48
num_leaves=10
num_cat=0
split_feature=12 12 12 12 12 12 12 5 6
split_gain=43.131 19.3359 37.0095 25.628 18.6563 3.95459 7.01796 2.27273 0.9
threshold=11.500000000000002 26.500000000000004 41.500000000000007 35.500000000000007 32.500000000000007 16.500000000000004 21.500000000000004 23.833333333333339 24.583333333333339
decision_type=2 2 2 2 2 2 2 2 2
left_child=-1 5 3 4 8 -2 -7 -8 -3
right_child=1 2 -4 -5 -6 6 7 -9 -10
leaf_value=-0.20479850975412239 0.0029016400673857138 -0.0029273986586288107 0.43180807024527007 -0.0040664933982029082 3.6027890137191325e-05 0.0013286558329284048 0.00012598276701787371 0.00065596069855367034 -0.0026183285717147342
leaf_weight=31 26 20 29 37 28 37 22 22 20
leaf_count=31 26 20 29 37 28 37 22 22 20
internal_value=0.00551471 0.0126556 0 -0.0138095 0.00441176 0.0285047 0.0339506 0.0204545 -0.0175
internal_weight=272 241 134 105 68 107 81 44 40
internal_count=272 241 134 105 68 107 81 44 40
is_linear=0
shrinkage=0.05


Tree=49
num_leaves=10
num_cat=0
split_feature=12 12 12 12 12 12 12 7 3
split_gain=35.98 22.5491 36.5413 25.719 18.237 3.6666 5.58706 2.27097 0.4
threshold=10.500000000000002 24.500000000000004 41.500000000000007 35.500000000000007 32.500000000000007 16.500000000000004 21.500000000000004 1150000000.0000002 22.500000000000004
decision_type=2 2 2 2 2 2 2 2 2
left_child=-1 5 3 4 7 -2 -7 -3 -9
right_child=1 2 -4 -5 -6 6 -8 8 -10
leaf_value=-0.2445585842664163 0.0040989868988000836 0.00017189973213858068 0.41021766673300669 -0.0038631687282926208 3.4226495630207408e-05 0.0012622230412819846 0.0025818186820046663 -0.0023867689254680972 -0.0024556917921035649
leaf_weight=27 30 22 29 37 28 37 22 20 20
leaf_count=27 30 22 29 37 28 37 22 20 20
internal_value=0.00477941 0.0108163 -0.000641026 -0.0122047 0.00222222 0.0308989 0.0381356 -0.0129032 -0.02
internal_weight=272 245 156 127 90 89 59 62 40
internal_count=272 245 156 127 90 89 59 62 40
is_linear=0
shrinkage=0.05


Tree=50
num_leaves=10
num_cat=0
split_feature=12 12 12 12 12 12 12 12 6
split_gain=37.9378 19.0318 32.9346 30.5428 13.718 5.50411 3.6666 5.58706 0.9
threshold=10.500000000000002 24.500000000000004 41.500000000000007 35.500000000000007 32.500000000000007 26.500000000000004 16.500000000000004 21.500000000000004 24.583333333333339
decision_type=2 2 2 2 2 2 2 2 2
left_child=-1 6 3 4 5 -3 -2 -8 -7
right_child=1 2 -4 -5 -6 8 7 -9 -10
leaf_value=-0.23233065505309547 0.0038940375538600858 9.527338604389258e-05 0.3897067833963565 -0.0036700102918779012 3.2515170848768092e-05 -0.0027239339241982743 0.0011991118892179743 0.002452727747904504 -0.0024303173416298841
leaf_weight=27 30 22 29 37 28 20 37 22 20
leaf_count=27 30 22 29 37 28 20 37 22 20
internal_value=0.00625 0.012449 0.00192308 -0.00905512 0.00666667 -0.00645161 0.0308989 0.0381356 -0.0175
internal_weight=272 245 156 127 90 62 89 59 40
internal_count=272 245 156 127 90 62 89 59 40
is_linear=0
shrinkage=0.05


Tree=51
num_leaves=10
num_cat=0
split_feature=12 12 12 12 12 12 12 12 6
split_gain=37.9378 19.0318 32.9346 30.5428 13.718 5.50411 3.6666 5.58706 0.9
threshold=10.500000000000002 24.500000000000004 41.500000000000007 35.500000000000007 32.500000000000007 26.500000000000004 16.500000000000004 21.500000000000004 24.583333333333339
decision_type=2 2 2 2 2 2 2 2 2
left_child=-1 6 3 4 5 -3 -2 -8 -7
right_child=1 2 -4 -5 -6 8 7 -9 -10
leaf_value=-0.22071412230044071 0.0036993356761671151 9.05097167416713e-05 0.37022144422653869 -0.0034865097772840414 3.0889412306223107e-05 -0.0025877372279883739 0.0011391562947570932 0.002330091360509279 -0.0023088014745483499
leaf_weight=27 30 22 29 37 28 20 37 22 20
leaf_count=27 30 22 29 37 28 20 37 22 20
internal_value=0.00625 0.012449 0.00192308 -0.00905512 0.00666667 -0.00645161 0.0308989 0.0381356 -0.0175
internal_weight=272 245 156 127 90 62 89 59 40
internal_count=272 245 156 127 90 62 89 59 40
is_linear=0
shrinkage=0.05


Tree=52
num_leaves=10
num_cat=0
split_feature=12 12 12 12 12 12 12 12 6
split_gain=37.9378 19.0318 32.9346 30.5428 13.718 5.50411 3.6666 5.58706 0.9
threshold=10.500000000000002 24.500000000000004 41.500000000000007 35.500000000000007 32.500000000000007 26.500000000000004 16.500000000000004 21.500000000000004 24.583333333333339
decision_type=2 2 2 2 2 2 2 2 2
left_child=-1 6 3 4 5 -3 -2 -8 -7
right_child=1 2 -4 -5 -6 8 7 -9 -10
leaf_value=-0.20967841618541866 0.0035143688923587658 8.5984230904578859e-05 0.35171037201521183 -0.0033121842884199283 2.9344941690823134e-05 -0.0024583503665890128 0.0010821984800191587 0.0022135867924838238 -0.0021933614008209368
leaf_weight=27 30 22 29 37 28 20 37 22 20
leaf_count=27 30 22 29 37 28 20 37 22 20
internal_value=0.00625 0.012449 0.00192308 -0.00905512 0.00666667 -0.00645161 0.0308989 0.0381356 -0.0175
internal_weight=272 245 156 127 90 62 89 59 40
internal_count=272 245 156 127 90 62 89 59 40
is_linear=0
shrinkage=0.05


Tree=53
num_leaves=11
num_cat=0
split_feature=12 12 12 12 12 12 12 12 6 3
split_gain=30.6913 22.3312 31.2 32.5 13.718 5.50411 3.36337 5.58706 0.9 0.1
threshold=8.5000000000000018 24.500000000000004 42.500000000000007 35.500000000000007 32.500000000000007 26.500000000000004 16.500000000000004 21.500000000000004 24.583333333333339 23.500000000000004
decision_type=2 2 2 2 2 2 2 2 2 2
left_child=-1 6 3 4 5 -3 -2 -8 -7 -5
right_child=1 2 -4 9 -6 8 7 -9 -10 -11
leaf_value=-0.19919449537614772 0.001996221612957161 8.1685019359412092e-05 0.3341248534144512 -0.0031465750739990031 2.7877694606104342e-05 -0.0023354328482596111 0.0010280885560181475 0.0021029074528597035 -0.0020836933307799123 -0.0031465750739990031
leaf_weight=22 35 22 26 20 28 20 37 22 20 20
leaf_count=22 35 22 26 20 28 20 37 22 20 20
internal_value=0.00661765 0.0116 0 -0.01 0.00666667 -0.00645161 0.0308511 0.0381356 -0.0175 -0.0475
internal_weight=272 250 156 130 90 62 94 59 40 40
internal_count=272 250 156 130 90 62 94 59 40 40
is_linear=0
shrinkage=0.05


Tree=54
num_leaves=11
num_cat=0
split_feature=12 12 12 12 12 12 12 12 6 3
split_gain=30.6913 22.3312 31.2 32.5 13.718 5.50411 3.36337 5.58706 0.9 0.1
threshold=8.5000000000000018 24.500000000000004 42.500000000000007 35.500000000000007 32.500000000000007 26.500000000000004 16.500000000000004 21.500000000000004 24.583333333333339 23.500000000000004
decision_type=2 2 2 2 2 2 2 2 2 2
left_child=-1 6 3 4 5 -3 -2 -8 -7 -5
right_child=1 2 -4 9 -6 8 7 -9 -10 -11
leaf_value=-0.18923477060734034 0.0018964105323092896 7.7600768391405953e-05 0.31741861074372868 -0.0029892463202990886 2.6483809875799125e-05 -0.0022186612058466616 0.00097668412821718688 0.0019977620802167808 -0.0019795086642409921 -0.0029892463202990886
leaf_weight=22 35 22 26 20 28 20 37 22 20 20
leaf_count=22 35 22 26 20 28 20 37 22 20 20
internal_value=0.00661765 0.0116 0 -0.01 0.00666667 -0.00645161 0.0308511 0.0381356 -0.0175 -0.0475
internal_weight=272 250 156 130 90 62 94 59 40 40
internal_count=272 250 156 130 90 62 94 59 40 40
is_linear=0
shrinkage=0.05


Tree=55
num_leaves=11
num_cat=0
split_feature=12 12 12 12 12 12 12 12 6 3
split_gain=30.6913 22.3312 31.2 32.5 13.718 5.50411 3.36337 5.58706 0.9 0.1
threshold=8.5000000000000018 24.500000000000004 42.500000000000007 35.500000000000007 32.500000000000007 26.500000000000004 16.500000000000004 21.500000000000004 24.583333333333339 23.500000000000004
decision_type=2 2 2 2 2 2 2 2 2 2
left_child=-1 6 3 4 5 -3 -2 -8 -7 -5
right_child=1 2 -4 9 -6 8 7 -9 -10 -11
leaf_value=-0.17977303207697332 0.0018015900056938428 7.3720729971782367e-05 0.30154768020654221 -0.0028397840042842406 2.515961938200917e-05 -0.0021077281455542441 0.00092784992180625645 0.0018978739762060216 -0.0018805332310289026 -0.0028397840042842406
leaf_weight=22 35 22 26 20 28 20 37 22 20 20
leaf_count=22 35 22 26 20 28 20 37 22 20 20
internal_value=0.00661765 0.0116 0 -0.01 0.00666667 -0.00645161 0.0308511 0.0381356 -0.0175 -0.0475
internal_weight=272 250 156 130 90 62 94 59 40 40
internal_count=272 250 156 130 90 62 94 59 40 40
is_linear=0
shrinkage=0.05


Tree=56
num_leaves=11
num_cat=0
split_feature=12 12 12 12 12 12 12 3 6 3
split_gain=29.8993 24.3926 27.3506 27.1479 18.6563 3.86642 7.10635 1.74545 0.9 0.1
threshold=8.5000000000000018 26.500000000000004 42.500000000000007 35.500000000000007 32.500000000000007 21.500000000000004 16.500000000000004 20.500000000000004 24.583333333333339 23.500000000000004
decision_type=2 2 2 2 2 2 2 2 2 2
left_child=-1 5 3 4 8 6 -2 -7 -3 -5
right_child=1 2 -4 9 -6 7 -8 -9 -10 -11
leaf_value=-0.17078438047312466 0.0017115105054091196 -0.0020023417382765809 0.28647029619621522 -0.0026977948040698865 2.3901638412837657e-05 0.0002137833823697477 0.00088145742571601462 0.00058932898444847843 -0.0017865065694775417 -0.0026977948040698865
leaf_weight=22 35 20 26 20 28 20 37 24 20 20
leaf_count=22 35 20 26 20 28 20 37 24 20 20
internal_value=0.00588235 0.0108 -0.00373134 -0.0148148 0.00441176 0.0275862 0.0347222 0.0159091 -0.0175 -0.0475
internal_weight=272 250 134 108 68 116 72 44 40 40
internal_count=272 250 134 108 68 116 72 44 40 40
is_linear=0
shrinkage=0.05


Tree=57
num_leaves=11
num_cat=0
split_feature=12 12 12 12 12 12 12 3 6 3
split_gain=29.8993 24.3926 27.3506 27.1479 18.6563 3.86642 7.10635 1.74545 0.9 0.1
threshold=8.5000000000000018 26.500000000000004 42.500000000000007 35.500000000000007 32.500000000000007 21.500000000000004 16.500000000000004 20.500000000000004 24.583333333333339 23.500000000000004
decision_type=2 2 2 2 2 2 2 2 2 2
left_child=-1 5 3 4 8 6 -2 -7 -3 -5
right_child=1 2 -4 9 -6 7 -8 -9 -10 -11
leaf_value=-0.16224516144946843 0.0016259349801386769 -0.0019022246513627828 0.27214678138640452 -0.0025629050638663387 2.2706556492124719e-05 0.00020309421325119816 0.00083738455443018724 0.00055986253522597449 -0.0016971812410036869 -0.0025629050638663387
leaf_weight=22 35 20 26 20 28 20 37 24 20 20
leaf_count=22 35 20 26 20 28 20 37 24 20 20
internal_value=0.00588235 0.0108 -0.00373134 -0.0148148 0.00441176 0.0275862 0.0347222 0.0159091 -0.0175 -0.0475
internal_weight=272 250 134 108 68 116 72 44 40 40
internal_count=272 250 134 108 68 116 72 44 40 40
is_linear=0
shrinkage=0.05


Tree=58
num_leaves=11
num_cat=0
split_feature=12 12 12 12 12 12 12 3 6 3
split_gain=29.8993 24.3926 27.3506 27.1479 18.6563 3.86642 7.10635 1.74545 0.9 0.1
threshold=8.5000000000000018 26.500000000000004 42.500000000000007 35.500000000000007 32.500000000000007 21.500000000000004 16.500000000000004 20.500000000000004 24.583333333333339 23.500000000000004
decision_type=2 2 2 2 2 2 2 2 2 2
left_child=-1 5 3 4 8 6 -2 -7 -3 -5
right_child=1 2 -4 9 -6 7 -8 -9 -10 -11
leaf_value=-0.15413290337699498 0.0015446382311317564 -0.0018071134187946038 0.25853944231708431 -0.0024347598106729154 2.1571228667482956e-05 0.00019293950258862937 0.00079551532670869569 0.00053186940846465807 -0.0016123221789535514 -0.0024347598106729154
leaf_weight=22 35 20 26 20 28 20 37 24 20 20
leaf_count=22 35 20 26 20 28 20 37 24 20 20
internal_value=0.00588235 0.0108 -0.00373134 -0.0148148 0.00441176 0.0275862 0.0347222 0.0159091 -0.0175 -0.0475
internal_weight=272 250 134 108 68 116 72 44 40 40
internal_count=272 250 134 108 68 116 72 44 40 40
is_linear=0
shrinkage=0.05


Tree=59
num_leaves=11
num_cat=0
split_feature=12 12 12 12 12 12 12 10 7 3
split_gain=28.3464 28.2463 26.6063 20.8223 18.237 3.36337 5.58706 2.37154 2.27097 0.4
threshold=8.5000000000000018 24.500000000000004 45.500000000000007 35.500000000000007 32.500000000000007 16.500000000000004 21.500000000000004 78.500000000000014 1150000000.0000002 22.500000000000004
decision_type=2 2 2 2 2 2 2 2 2 2
left_child=-1 5 3 4 8 -2 -7 -5 -3 -10
right_child=1 2 -4 7 -6 6 -8 -9 9 -11
leaf_value=-0.14642625820814523 0.0014674063195752041 0.00020672010019593401 0.29561247020122999 -0.0023130218201391274 2.0492667234250916e-05 0.00075573956037331422 0.0017457083267369278 -0.0023130218201391274 -0.0014663702311699112 -0.0013958736540273797
leaf_weight=22 35 22 20 24 28 37 22 22 20 20
leaf_count=22 35 22 20 24 28 37 22 22 20 20
internal_value=0.00441176 0.0092 -0.00384615 -0.0117647 0.00222222 0.0308511 0.0381356 -0.0391304 -0.0129032 -0.02
internal_weight=272 250 156 136 90 94 59 46 62 40
internal_count=272 250 156 136 90 94 59 46 62 40
is_linear=0
shrinkage=0.05


Tree=60
num_leaves=11
num_cat=0
split_feature=12 12 12 12 12 12 12 3 6 3
split_gain=29.8993 24.3926 27.3506 27.1479 18.6563 3.86642 7.10635 1.74545 0.9 0.1
threshold=8.5000000000000018 26.500000000000004 42.500000000000007 35.500000000000007 32.500000000000007 21.500000000000004 16.500000000000004 20.500000000000004 24.583333333333339 23.500000000000004
decision_type=2 2 2 2 2 2 2 2 2 2
left_child=-1 5 3 4 8 6 -2 -7 -3 -5
right_child=1 2 -4 9 -6 7 -8 -9 -10 -11
leaf_value=-0.13910494529773798 0.0013940360035964439 -0.001686989566246311 0.23083184669116863 -0.002197370729132331 1.946803387262719e-05 0.00025661103901768455 0.00071795258235471957 0.00049493993303162398 -0.0015019772311601011 -0.002197370729132331
leaf_weight=22 35 20 26 20 28 20 37 24 20 20
leaf_count=22 35 20 26 20 28 20 37 24 20 20
internal_value=0.00588235 0.0108 -0.00373134 -0.0148148 0.00441176 0.0275862 0.0347222 0.0159091 -0.0175 -0.0475
internal_weight=272 250 134 108 68 116 72 44 40 40
internal_count=272 250 134 108 68 116 72 44 40 40
is_linear=0
shrinkage=0.05


Tree=61
num_leaves=11
num_cat=0
split_feature=12 12 12 12 12 12 12 3 6 3
split_gain=29.8993 24.3926 27.3506 27.1479 18.6563 3.86642 7.10635 1.74545 0.9 0.1
threshold=8.5000000000000018 26.500000000000004 42.500000000000007 35.500000000000007 32.500000000000007 21.500000000000004 16.500000000000004 20.500000000000004 24.583333333333339 23.500000000000004
decision_type=2 2 2 2 2 2 2 2 2 2
left_child=-1 5 3 4 8 6 -2 -7 -3 -5
right_child=1 2 -4 9 -6 7 -8 -9 -10 -11
leaf_value=-0.13214969803285107 0.0013243342034166439 -0.0016026400879340487 0.21929025435661026 -0.0020875021926755723 1.8494632179155703e-05 0.00024378048706683587 0.00068205495323692134 0.00047019293638008721 -0.0014268783696020472 -0.0020875021926755723
leaf_weight=22 35 20 26 20 28 20 37 24 20 20
leaf_count=22 35 20 26 20 28 20 37 24 20 20
internal_value=0.00588235 0.0108 -0.00373134 -0.0148148 0.00441176 0.0275862 0.0347222 0.0159091 -0.0175 -0.0475
internal_weight=272 250 134 108 68 116 72 44 40 40
internal_count=272 250 134 108 68 116 72 44 40 40
is_linear=0
shrinkage=0.05


Tree=62
num_leaves=11
num_cat=0
split_feature=12 12 12 12 12 12 12 3 6 3
split_gain=29.8993 24.3926 27.3506 27.1479 18.6563 3.86642 7.10635 1.74545 0.9 0.1
threshold=8.5000000000000018 26.500000000000004 42.500000000000007 35.500000000000007 32.500000000000007 21.500000000000004 16.500000000000004 20.500000000000004 24.583333333333339 23.500000000000004
decision_type=2 2 2 2 2 2 2 2 2 2
left_child=-1 5 3 4 8 6 -2 -7 -3 -5
right_child=1 2 -4 9 -6 7 -8 -9 -10 -11
leaf_value=-0.1255422131312085 0.0012581174932457806 -0.0015225080835373106 0.20832574163877987 -0.0019831270830419356 1.7569900570180153e-05 0.0002315914627134319 0.00064795220557503088 0.00044668328956110059 -0.0013555344511218871 -0.0019831270830419356
leaf_weight=22 35 20 26 20 28 20 37 24 20 20
leaf_count=22 35 20 26 20 28 20 37 24 20 20
internal_value=0.00588235 0.0108 -0.00373134 -0.0148148 0.00441176 0.0275862 0.0347222 0.0159091 -0.0175 -0.0475
internal_weight=272 250 134 108 68 116 72 44 40 40
internal_count=272 250 134 108 68 116 72 44 40 40
is_linear=0
shrinkage=0.05


Tree=63
num_leaves=11
num_cat=0
split_feature=12 12 12 12 12 12 12 10 7 3
split_gain=28.3464 28.2463 26.6063 20.8223 18.237 3.36337 5.58706 2.37154 2.27097 0.4
threshold=8.5000000000000018 24.500000000000004 45.500000000000007 35.500000000000007 32.500000000000007 16.500000000000004 21.500000000000004 78.500000000000014 1150000000.0000002 22.500000000000004
decision_type=2 2 2 2 2 2 2 2 2 2
left_child=-1 5 3 4 8 -2 -7 -5 -3 -10
right_child=1 2 -4 7 -6 6 -8 -9 9 -11
leaf_value=-0.11926510247464811 0.0011952116185835139 0.00014278911649192593 0.24790945455684082 -0.0018839707288897502 1.6691405541635619e-05 0.00061555459529625276 0.001604827931705799 -0.0018839707288897502 -0.0012910478508884717 -0.0010986667765860326
leaf_weight=22 35 22 20 24 28 37 22 22 20 20
leaf_count=22 35 22 20 24 28 37 22 22 20 20
internal_value=0.00441176 0.0092 -0.00384615 -0.0117647 0.00222222 0.0308511 0.0381356 -0.0391304 -0.0129032 -0.02
internal_weight=272 250 156 136 90 94 59 46 62 40
internal_count=272 250 156 136 90 94 59 46 62 40
is_linear=0
shrinkage=0.05


Tree=64
num_leaves=11
num_cat=0
split_feature=12 12 12 12 12 12 12 3 6 3
split_gain=35.4987 23.6525 27.3506 27.1479 18.6563 3.90217 7.36318 1.74545 0.9 0.1
threshold=10.500000000000002 26.500000000000004 42.500000000000007 35.500000000000007 32.500000000000007 21.500000000000004 16.500000000000004 20.500000000000004 24.583333333333339 23.500000000000004
decision_type=2 2 2 2 2 2 2 2 2 2
left_child=-1 5 3 4 8 6 -2 -7 -3 -5
right_child=1 2 -4 9 -6 7 -8 -9 -10 -11
leaf_value=-0.11330184735091571 0.0024778798724379939 -0.0014176762110006181 0.18551398182899881 -0.0017897721924452271 1.5856835264571601e-05 0.00028456428212209062 0.00058477686553146666 0.00041720966925851144 -0.0012638607870634644 -0.0017897721924452271
leaf_weight=27 30 20 26 20 28 20 37 24 20 20
leaf_count=27 30 20 26 20 28 20 37 24 20 20
internal_value=0.00441176 0.0104082 -0.00373134 -0.0148148 0.00441176 0.0274775 0.0350746 0.0159091 -0.0175 -0.0475
internal_weight=272 245 134 108 68 111 67 44 40 40
internal_count=272 245 134 108 68 111 67 44 40 40
is_linear=0
shrinkage=0.05


Tree=65
num_leaves=11
num_cat=0
split_feature=12 12 12 12 12 12 12 3 6 3
split_gain=29.8993 24.3926 27.3506 27.1479 18.6563 3.86642 7.10635 1.74545 0.9 0.1
threshold=8.5000000000000018 26.500000000000004 42.500000000000007 35.500000000000007 32.500000000000007 21.500000000000004 16.500000000000004 20.500000000000004 24.583333333333339 23.500000000000004
decision_type=2 2 2 2 2 2 2 2 2 2
left_child=-1 5 3 4 8 6 -2 -7 -3 -5
right_child=1 2 -4 9 -6 7 -8 -9 -10 -11
leaf_value=-0.10763675498336989 0.003696414713599694 -0.001346792400450525 0.17623828273754896 -0.001700283582822948 1.5063993501485129e-05 0.00027033606801598611 0.00055553802225496442 0.00039634918579558589 -0.0012006677477103267 -0.001700283582822948
leaf_weight=22 35 20 26 20 28 20 37 24 20 20
leaf_count=22 35 20 26 20 28 20 37 24 20 20
internal_value=0.00588235 0.0108 -0.00373134 -0.0148148 0.00441176 0.0275862 0.0347222 0.0159091 -0.0175 -0.0475
internal_weight=272 250 134 108 68 116 72 44 40 40
internal_count=272 250 134 108 68 116 72 44 40 40
is_linear=0
shrinkage=0.05


Tree=66
num_leaves=10
num_cat=1
split_feature=12 12 12 12 12 12 12 5 2
split_gain=27.2088 31.4642 28.5407 31.8693 17.047 3.36337 5.58706 2.33035 0.113043
threshold=8.5000000000000018 24.500000000000004 45.500000000000007 35.500000000000007 32.500000000000007 16.500000000000004 21.500000000000004 28.583333333333339 0
decision_type=2 2 2 2 2 2 2 2 9
left_child=-1 5 3 4 7 -2 -7 -3 -5
right_child=1 2 -4 8 -6 6 -8 -9 -10
leaf_value=-0.10225491723420142 0.0035115939779196918 -0.00081247594792532851 0.21742636860067144 -0.0017512728627126608 1.4310793826410872e-05 0.00052776112114223401 0.0014903750549907892 -0.0010038433310363361 -0.0016152694036819073
leaf_weight=22 35 39 20 20 28 37 22 23 26
leaf_count=22 35 39 20 20 28 37 22 23 26
internal_value=0.00330882 0.008 -0.00576923 -0.0139706 0.00333333 0.0308511 0.0381356 -0.0112903 -0.0478261
internal_weight=272 250 156 136 90 94 59 62 46
internal_count=272 250 156 136 90 94 59 62 46
cat_boundaries=0 1
cat_threshold=4
is_linear=0
shrinkage=0.05


Tree=67
num_leaves=11
num_cat=1
split_feature=12 12 12 12 12 12 12 3 6 2
split_gain=19.5738 53.3597 24.1115 11.6632 10.7143 9.35455 7.10635 1.74545 0.9 0.113043
threshold=35.500000000000007 45.500000000000007 8.5000000000000018 21.500000000000004 32.500000000000007 26.500000000000004 16.500000000000004 20.500000000000004 24.583333333333339 0
decision_type=2 2 2 2 2 2 2 2 2 9
left_child=2 9 -1 6 5 7 -4 -5 -7 -2
right_child=1 -3 3 4 -6 8 -8 -9 -10 -11
leaf_value=-0.097142171372491329 -0.0016637092195770364 0.20655505017063797 0.0033360142790237468 0.00029744306201138219 1.3595254134912693e-05 -0.0012388289830317591 0.00050137306508517558 0.00041715552390204637 -0.0010952263783507554 -0.0015345059334979539
leaf_weight=22 20 20 35 20 28 20 37 24 20 26
leaf_count=22 20 20 35 20 28 20 37 24 20 26
internal_value=0.00551471 -0.0181818 0.0131068 0.0190217 0.00892857 0 0.0347222 0.0159091 -0.0175 -0.0478261
internal_weight=272 66 206 184 112 84 72 44 40 46
internal_count=272 66 206 184 112 84 72 44 40 46
cat_boundaries=0 1
cat_threshold=4
is_linear=0
shrinkage=0.05


Tree=68
num_leaves=11
num_cat=1
split_feature=12 12 12 12 12 12 12 3 6 2
split_gain=21.5154 48.0445 24.1115 11.6632 10.7143 9.35455 7.10635 1.74545 0.9 0.113043
threshold=35.500000000000007 45.500000000000007 8.5000000000000018 21.500000000000004 32.500000000000007 26.500000000000004 16.500000000000004 20.500000000000004 24.583333333333339 0
decision_type=2 2 2 2 2 2 2 2 2 9
left_child=2 9 -1 6 5 7 -4 -5 -7 -2
right_child=1 -3 3 4 -6 8 -8 -9 -10 -11
leaf_value=-0.09228506280386678 -0.0015805237585981404 0.1962272976621062 0.0031692135650725818 0.00028257090891088411 1.2915491428344694e-05 -0.0011768875338802331 0.0004763044118309523 0.00039629774770695293 -0.0010404650594332489 -0.0014577806368230029
leaf_weight=22 20 20 35 20 28 20 37 24 20 26
leaf_count=22 20 20 35 20 28 20 37 24 20 26
internal_value=0.00514706 -0.019697 0.0131068 0.0190217 0.00892857 0 0.0347222 0.0159091 -0.0175 -0.0478261
internal_weight=272 66 206 184 112 84 72 44 40 46
internal_count=272 66 206 184 112 84 72 44 40 46
cat_boundaries=0 1
cat_threshold=4
is_linear=0
shrinkage=0.05


Tree=69
num_leaves=11
num_cat=1
split_feature=12 12 12 12 12 12 12 3 6 2
split_gain=21.5154 48.0445 24.1115 11.6632 10.7143 9.35455 7.10635 1.74545 0.9 0.113043
threshold=35.500000000000007 45.500000000000007 8.5000000000000018 21.500000000000004 32.500000000000007 26.500000000000004 16.500000000000004 20.500000000000004 24.583333333333339 0
decision_type=2 2 2 2 2 2 2 2 2 9
left_child=2 9 -1 6 5 7 -4 -5 -7 -2
right_child=1 -3 3 4 -6 8 -8 -9 -10 -11
leaf_value=-0.087670809663673452 -0.0015014975706682421 0.18641593277900093 0.0030107528868189349 0.00026844236346530438 1.2269716857105097e-05 -0.0011180431571862215 0.00045248919123945801 0.00037648286032165856 -0.00098844180646162627 -0.0013848916049816751
leaf_weight=22 20 20 35 20 28 20 37 24 20 26
leaf_count=22 20 20 35 20 28 20 37 24 20 26
internal_value=0.00514706 -0.019697 0.0131068 0.0190217 0.00892857 0 0.0347222 0.0159091 -0.0175 -0.0478261
internal_weight=272 66 206 184 112 84 72 44 40 46
internal_count=272 66 206 184 112 84 72 44 40 46
cat_boundaries=0 1
cat_threshold=4
is_linear=0
shrinkage=0.05


Tree=70
num_leaves=10
num_cat=0
split_feature=12 12 12 12 12 12 12 7 3
split_gain=17.6877 25.202 20.2045 31.3394 24.4374 3.36337 5.58706 2.27097 0.4
threshold=8.5000000000000018 24.500000000000004 45.500000000000007 36.500000000000007 32.500000000000007 16.500000000000004 21.500000000000004 1150000000.0000002 22.500000000000004
decision_type=2 2 2 2 2 2 2 2 2
left_child=-1 5 3 4 7 -2 -7 -3 -9
right_child=1 2 -4 -5 -6 6 -8 8 -10
leaf_value=-0.083287269180489787 0.0028602152424779706 9.5886350853646723e-05 0.17709513614005098 -0.0015624261511657522 2.1174561678094508e-05 0.00042986473167747622 0.001364896490583245 -0.000920501100418214 -0.00070115320416856979
leaf_weight=22 35 22 20 38 36 37 22 20 20
leaf_count=22 35 22 20 38 36 37 22 20 20
internal_value=0.00661765 0.0104 -0.00192308 -0.00882353 0.00612245 0.0308511 0.0381356 -0.0129032 -0.02
internal_weight=272 250 156 136 98 94 59 62 40
internal_count=272 250 156 136 98 94 59 62 40
is_linear=0
shrinkage=0.05


Tree=71
num_leaves=10
num_cat=0
split_feature=12 12 12 12 12 12 12 3 6
split_gain=18.9187 22.8737 44.7191 9.56806 15.2444 9.35455 7.10635 1.74545 0.9
threshold=8.5000000000000018 36.500000000000007 45.500000000000007 21.500000000000004 32.500000000000007 26.500000000000004 16.500000000000004 20.500000000000004 24.583333333333339
decision_type=2 2 2 2 2 2 2 2 2
left_child=-1 3 -3 6 5 7 -2 -5 -7
right_child=1 2 -4 4 -6 8 -8 -9 -10
leaf_value=-0.079122905721465298 0.0027172044803540629 -0.0014843048436073759 0.16824037933304831 0.00030104530031280777 2.0115833594047674e-05 -0.0010415256305878807 0.0004083714950935402 0.00035286439976296436 -0.00092388804480556539
leaf_weight=22 35 38 20 20 36 20 37 24 20
leaf_count=22 35 38 20 20 36 20 37 24 20
internal_value=0.00808824 0.012 -0.0155172 0.0203125 0.0116667 0 0.0347222 0.0159091 -0.0175
internal_weight=272 250 58 192 120 84 72 44 40
internal_count=272 250 58 192 120 84 72 44 40
is_linear=0
shrinkage=0.05


Tree=72
num_leaves=11
num_cat=1
split_feature=12 12 12 12 12 12 12 12 2 6
split_gain=17.3864 19.6695 44.7191 9.31202 12.4333 5.60741 12.9008 11.5402 2.77766 3.37191
threshold=8.5000000000000018 36.500000000000007 45.500000000000007 34.500000000000007 29.500000000000004 13.500000000000002 18.500000000000004 21.500000000000004 0 26.100000000000005
decision_type=2 2 2 2 2 2 2 2 9 2
left_child=-1 3 -3 4 5 -2 -7 -8 -9 -10
right_child=1 2 -4 -5 -6 6 7 8 9 -11
leaf_value=-0.075166760435392013 0.0036733583959597917 -0.0014100896014269894 0.15982836036639583 9.591711250678259e-06 -0.0024958754389894366 -0.00010351341323087127 0.00034732792033871364 -0.00049706283027415308 0.00031060710753605392 0.00089489112990843729
leaf_weight=22 20 38 20 20 33 22 30 21 26 20
leaf_count=22 20 38 20 20 33 22 30 21 26 20
internal_value=0.00625 0.01 -0.0155172 0.0177083 0.0139535 0.0205036 0.0163866 0.0242268 0.0126866 0.0195652
internal_weight=272 250 58 192 172 139 119 97 67 46
internal_count=272 250 58 192 172 139 119 97 67 46
cat_boundaries=0 1
cat_threshold=2
is_linear=0
shrinkage=0.05


Tree=73
num_leaves=10
num_cat=1
split_feature=12 12 12 12 12 12 12 2 7
split_gain=16.498 17.863 44.7191 10.235 14.7164 10.0685 5.58706 3.69231 3.55577
threshold=8.5000000000000018 36.500000000000007 45.500000000000007 34.500000000000007 24.500000000000004 16.500000000000004 21.500000000000004 0 1150000000.0000002
decision_type=2 2 2 2 2 2 2 9 2
left_child=-1 3 -3 4 5 -2 -7 -6 -9
right_child=1 2 -4 -5 7 6 -8 8 -10
leaf_value=-0.071408422413622399 0.0023976763365383571 -0.0013395851213555687 0.15183694234807599 9.1121256883042182e-06 0.00043875700000306495 0.00037058652432193641 0.001250166467616154 0.00034466675742113041 -0.0015868015674685766
leaf_weight=22 35 38 20 20 26 37 22 20 32
leaf_count=22 35 38 20 20 26 37 22 20 32
internal_value=0.00514706 0.0088 -0.0155172 0.0161458 0.0122093 0.0255319 0.0381356 -0.00384615 -0.0115385
internal_weight=272 250 58 192 172 94 59 78 52
internal_count=272 250 58 192 172 94 59 78 52
cat_boundaries=0 1
cat_threshold=1
is_linear=0
shrinkage=0.05


Tree=74
num_leaves=10
num_cat=1
split_feature=12 12 12 12 12 12 12 2 6
split_gain=18.5797 31.3742 22.2033 9.92248 13.46 10.0685 5.58706 3.87821 2.59286
threshold=36.500000000000007 45.500000000000007 8.5000000000000018 34.500000000000007 24.500000000000004 16.500000000000004 21.500000000000004 0 26.916666666666668
decision_type=2 2 2 2 2 2 2 9 2
left_child=2 -2 -1 4 5 -4 -7 -6 -9
right_child=1 -3 3 -5 7 6 -8 8 -10
leaf_value=-0.067838001292941291 -0.0012726058652877015 0.14424509523067217 0.0022777925197114079 8.6565194038712431e-06 -0.0013254421743829959 0.00035205719810580408 0.0011876581442352931 -3.8977205416479423e-05 0.00058675699418504485
leaf_weight=22 38 20 35 20 30 37 22 28 20
leaf_count=22 38 20 35 20 30 37 22 28 20
internal_value=0.00441176 -0.0206897 0.011215 0.0166667 0.0127907 0.0255319 0.0381356 -0.0025641 0.00625
internal_weight=272 58 214 192 172 94 59 78 48
internal_count=272 58 214 192 172 94 59 78 48
cat_boundaries=0 1
cat_threshold=2
is_linear=0
shrinkage=0.05


Tree=75
num_leaves=10
num_cat=1
split_feature=12 12 12 12 12 12 12 2 6
split_gain=18.5797 31.3742 22.2033 9.92248 13.46 10.0685 5.58706 3.87821 2.59286
threshold=36.500000000000007 45.500000000000007 8.5000000000000018 34.500000000000007 24.500000000000004 16.500000000000004 21.500000000000004 0 26.916666666666668
decision_type=2 2 2 2 2 2 2 9 2
left_child=2 -2 -1 4 5 -4 -7 -6 -9
right_child=1 -3 3 -5 7 6 -8 8 -10
leaf_value=-0.064446101228294236 -0.0012089755720232631 0.13703284046913852 0.002163902893725833 8.223693433606628e-06 -0.0012591700656638062 0.00033445433820045167 0.0011282752370235017 -3.7028345145628805e-05 0.00055741914447580141
leaf_weight=22 38 20 35 20 30 37 22 28 20
leaf_count=22 38 20 35 20 30 37 22 28 20
internal_value=0.00441176 -0.0206897 0.011215 0.0166667 0.0127907 0.0255319 0.0381356 -0.0025641 0.00625
internal_weight=272 58 214 192 172 94 59 78 48
internal_count=272 58 214 192 172 94 59 78 48
cat_boundaries=0 1
cat_threshold=2
is_linear=0
shrinkage=0.05


Tree=76
num_leaves=10
num_cat=0
split_feature=12 12 12 12 12 12 12 12 5
split_gain=17.5072 31.3742 21.3396 10.5523 16.0288 10.0685 5.58706 4.02731 1.23679
threshold=36.500000000000007 45.500000000000007 8.5000000000000018 34.500000000000007 24.500000000000004 16.500000000000004 21.500000000000004 27.500000000000004 23.166666666666668
decision_type=2 2 2 2 2 2 2 2 2
left_child=2 -2 -1 4 5 -4 -7 -6 -9
right_child=1 -3 3 -5 7 6 -8 8 -10
leaf_value=-0.061223796166879521 -0.0011485267934219223 0.13018119844568155 0.0020557077490395595 7.8125087618730056e-06 -0.00027397156541120182 0.00031773162129038472 0.0010718614751723976 -0.0019639507250385434 0.00060214818963224561
leaf_weight=22 38 20 35 20 32 37 22 20 26
leaf_count=22 38 20 35 20 32 37 22 20 26
internal_value=0.00367647 -0.0206897 0.0102804 0.015625 0.0116279 0.0255319 0.0381356 -0.00512821 0.00434783
internal_weight=272 58 214 192 172 94 59 78 46
internal_count=272 58 214 192 172 94 59 78 46
is_linear=0
shrinkage=0.05


Tree=77
num_leaves=10
num_cat=0
split_feature=12 12 12 12 12 12 12 12 5
split_gain=17.5072 31.3742 21.3396 10.5523 16.0288 10.0685 5.58706 4.02731 1.23679
threshold=36.500000000000007 45.500000000000007 8.5000000000000018 34.500000000000007 24.500000000000004 16.500000000000004 21.500000000000004 27.500000000000004 23.166666666666668
decision_type=2 2 2 2 2 2 2 2 2
left_child=2 -2 -1 4 5 -4 -7 -6 -9
right_child=1 -3 3 -5 7 6 -8 8 -10
leaf_value=-0.058162606358535568 -0.0010911004537508262 0.12367213852339738 0.0019529223615875502 7.4218833237438277e-06 -0.00026027298714073057 0.00030184504022585658 0.0010182684014138133 -0.0018657531887866343 0.00057204078015047342
leaf_weight=22 38 20 35 20 32 37 22 20 26
leaf_count=22 38 20 35 20 32 37 22 20 26
internal_value=0.00367647 -0.0206897 0.0102804 0.015625 0.0116279 0.0255319 0.0381356 -0.00512821 0.00434783
internal_weight=272 58 214 192 172 94 59 78 46
internal_count=272 58 214 192 172 94 59 78 46
is_linear=0
shrinkage=0.05


Tree=78
num_leaves=10
num_cat=1
split_feature=12 12 12 12 12 12 12 2 6
split_gain=19.128 31.3742 22.6416 9.61483 12.2596 10.0685 5.58706 4.61538 1.86667
threshold=36.500000000000007 45.500000000000007 8.5000000000000018 34.500000000000007 24.500000000000004 16.500000000000004 21.500000000000004 0 26.916666666666668
decision_type=2 2 2 2 2 2 2 9 2
left_child=2 -2 -1 4 5 -4 -7 -6 -9
right_child=1 -3 3 -5 7 6 -8 8 -10
leaf_value=-0.055254476040608805 -0.0010365454310633738 0.11748853159722757 0.0018552762435081862 7.0507891575033458e-06 -0.0011694993347530769 0.00028675278821452824 0.00096735498134314923 -8.4647002607241006e-06 0.00051438032805926068
leaf_weight=22 38 20 35 20 30 37 22 28 20
leaf_count=22 38 20 35 20 30 37 22 28 20
internal_value=0.00477941 -0.0206897 0.0116822 0.0171875 0.0133721 0.0255319 0.0381356 -0.00128205 0.00833333
internal_weight=272 58 214 192 172 94 59 78 48
internal_count=272 58 214 192 172 94 59 78 48
cat_boundaries=0 1
cat_threshold=2
is_linear=0
shrinkage=0.05


Tree=79
num_leaves=10
num_cat=1
split_feature=12 12 12 12 12 12 12 2 7
split_gain=18.0395 31.3742 21.7693 10.235 14.7164 10.0685 5.58706 3.69231 3.55577
threshold=36.500000000000007 45.500000000000007 8.5000000000000018 34.500000000000007 24.500000000000004 16.500000000000004 21.500000000000004 0 1150000000.0000002
decision_type=2 2 2 2 2 2 2 9 2
left_child=2 -2 -1 4 5 -4 -7 -6 -9
right_child=1 -3 3 -5 7 6 -8 8 -10
leaf_value=-0.052491752238578382 -0.00098471815951022283 0.11161410501736634 0.0017625124313327412 6.6982496996104148e-06 0.0003964517226633824 0.00027241514880387284 0.00091898723227590295 0.00039247931805492798 -0.0014765257489262496
leaf_weight=22 38 20 35 20 26 37 22 20 32
leaf_count=22 38 20 35 20 26 37 22 20 32
internal_value=0.00404412 -0.0206897 0.0107477 0.0161458 0.0122093 0.0255319 0.0381356 -0.00384615 -0.0115385
internal_weight=272 58 214 192 172 94 59 78 52
internal_count=272 58 214 192 172 94 59 78 52
cat_boundaries=0 1
cat_threshold=1
is_linear=0
shrinkage=0.05


Tree=80
num_leaves=10
num_cat=0
split_feature=12 12 12 12 12 12 12 6 5
split_gain=21.4007 31.3742 11.7237 8.73174 10.4759 15.4839 6.16643 3.50087 2.80358
threshold=36.500000000000007 45.500000000000007 34.500000000000007 29.500000000000004 16.500000000000004 21.500000000000004 12.500000000000002 26.916666666666668 19.166666666666668
decision_type=2 2 2 2 2 2 2 2 2
left_child=2 -2 3 4 6 -6 -1 8 -7
right_child=1 -3 -4 -5 5 7 -8 -9 -10
leaf_value=0.00013283537335055941 -0.000935482251534836 0.106033399766498 6.3633372146654217e-06 -0.0020889191709692057 0.00025879439136371473 0.00089183450104748376 -0.002474561641350004 0.00048947630211229056 -0.00021208764949793847
leaf_weight=37 38 20 20 33 37 22 20 24 21
leaf_count=37 38 20 20 33 37 22 20 24 21
internal_value=0.00625 -0.0206897 0.0135514 0.00979381 0.0145963 0.0240385 -0.00263158 0.00970149 0.00116279
internal_weight=272 58 214 194 161 104 57 67 43
internal_count=272 58 214 194 161 104 57 67 43
is_linear=0
shrinkage=0.05


Tree=81
num_leaves=10
num_cat=0
split_feature=12 12 12 12 12 12 12 6 5
split_gain=21.9888 31.3742 11.425 9.12017 11.2449 14.3582 6.16643 2.85109 1.85563
threshold=36.500000000000007 45.500000000000007 34.500000000000007 29.500000000000004 16.500000000000004 21.500000000000004 12.500000000000002 26.916666666666668 19.166666666666668
decision_type=2 2 2 2 2 2 2 2 2
left_child=2 -2 3 4 6 -6 -1 8 -7
right_child=1 -3 -4 -5 5 7 -8 -9 -10
leaf_value=0.00012619360468302254 -0.00088870813895809426 0.10073172977817323 6.0451703539854412e-06 -0.0019844732124207455 0.00024585467179552014 0.00084724277599512732 -0.0023508335592825171 0.00046500248700676039 -0.00020148326702305042
leaf_weight=37 38 20 20 33 37 22 20 24 21
leaf_count=37 38 20 20 33 37 22 20 24 21
internal_value=0.00661765 -0.0206897 0.0140187 0.0103093 0.0152174 0.025 -0.00263158 0.011194 0.00348837
internal_weight=272 58 214 194 161 104 57 67 43
internal_count=272 58 214 194 161 104 57 67 43
is_linear=0
shrinkage=0.05


Tree=82
num_leaves=10
num_cat=0
split_feature=12 12 12 12 12 12 12 6 5
split_gain=17.5602 29.0942 14.4474 9.12017 11.2449 14.3582 6.16643 2.85109 1.85563
threshold=37.500000000000007 45.500000000000007 34.500000000000007 29.500000000000004 16.500000000000004 21.500000000000004 12.500000000000002 26.916666666666668 19.166666666666668
decision_type=2 2 2 2 2 2 2 2 2
left_child=2 -2 3 4 6 -6 -1 8 -7
right_child=1 -3 -4 -5 5 7 -8 -9 -10
leaf_value=0.00011988392444886032 -0.00084427273201015396 0.095695143289264456 5.7429118363927504e-06 -0.0018852495517997171 0.00023356193820571748 0.00080488063719545981 -0.0022332918813184224 0.0004417523626563558 -0.00019140910367188013
leaf_weight=37 32 20 26 33 37 22 20 24 21
leaf_count=37 32 20 26 33 37 22 20 24 21
internal_value=0.00882353 -0.0173077 0.015 0.0103093 0.0152174 0.025 -0.00263158 0.011194 0.00348837
internal_weight=272 52 220 194 161 104 57 67 43
internal_count=272 52 220 194 161 104 57 67 43
is_linear=0
shrinkage=0.05


Tree=83
num_leaves=10
num_cat=1
split_feature=12 12 12 12 12 12 12 2 7
split_gain=16.5858 29.0942 15.2077 8.98802 19.273 6.16643 5.58706 3.69231 3.55577
threshold=37.500000000000007 45.500000000000007 34.500000000000007 24.500000000000004 16.500000000000004 12.500000000000002 21.500000000000004 0 1150000000.0000002
decision_type=2 2 2 2 2 2 2 9 2
left_child=2 -2 3 4 5 -1 -6 -5 -9
right_child=1 -3 -4 7 6 -7 -8 8 -10
leaf_value=0.00011388972822641287 -0.00080205909540964626 0.090910386124801346 5.4557662444665316e-06 0.00028428157921043254 0.00022188384129542273 -0.0021216272872525365 0.00085325659237254223 0.00041070494862607279 -0.0013422321784036129
leaf_weight=37 32 20 26 26 37 20 22 20 32
leaf_count=37 32 20 26 26 37 20 22 20 32
internal_value=0.00808824 -0.0173077 0.0140909 0.00927835 0.0181034 -0.00263158 0.0381356 -0.00384615 -0.0115385
internal_weight=272 52 220 194 116 57 59 78 52
internal_count=272 52 220 194 116 57 59 78 52
cat_boundaries=0 1
cat_threshold=1
is_linear=0
shrinkage=0.05


Tree=84
num_leaves=10
num_cat=0
split_feature=12 12 12 12 12 12 12 6 5
split_gain=17.5602 29.0942 14.4474 9.12017 11.2449 14.3582 6.16643 2.85109 1.85563
threshold=37.500000000000007 45.500000000000007 34.500000000000007 29.500000000000004 16.500000000000004 21.500000000000004 12.500000000000002 26.916666666666668 19.166666666666668
decision_type=2 2 2 2 2 2 2 2 2
left_child=2 -2 3 4 6 -6 -1 8 -7
right_child=1 -3 -4 -5 5 7 -8 -9 -10
leaf_value=0.00010819524181511221 -0.00076195614063934158 0.086364866818561134 5.1829779323497867e-06 -0.0017238754652895594 0.00021078964923066935 0.00083174821425586749 -0.0020155459228899278 0.00039122629023387035 -0.00019605272744893654
leaf_weight=37 32 20 26 33 37 22 20 24 21
leaf_count=37 32 20 26 33 37 22 20 24 21
internal_value=0.00882353 -0.0173077 0.015 0.0103093 0.0152174 0.025 -0.00263158 0.011194 0.00348837
internal_weight=272 52 220 194 161 104 57 67 43
internal_count=272 52 220 194 161 104 57 67 43
is_linear=0
shrinkage=0.05


Tree=85
num_leaves=10
num_cat=0
split_feature=12 12 12 12 12 12 12 6 5
split_gain=17.5602 29.0942 14.4474 9.12017 11.2449 14.3582 6.16643 2.85109 1.85563
threshold=37.500000000000007 45.500000000000007 34.500000000000007 29.500000000000004 16.500000000000004 21.500000000000004 12.500000000000002 26.916666666666668 19.166666666666668
decision_type=2 2 2 2 2 2 2 2 2
left_child=2 -2 3 4 6 -6 -1 8 -7
right_child=1 -3 -4 -5 5 7 -8 -9 -10
leaf_value=0.00010278547972437658 -0.00072385833360755214 0.082046623477632974 4.9238290358744054e-06 -0.0016376816920251613 0.00020025016676914476 0.00079016080354303857 -0.0019147686267454668 0.00037166497572220796 -0.00018625009107644532
leaf_weight=37 32 20 26 33 37 22 20 24 21
leaf_count=37 32 20 26 33 37 22 20 24 21
internal_value=0.00882353 -0.0173077 0.015 0.0103093 0.0152174 0.025 -0.00263158 0.011194 0.00348837
internal_weight=272 52 220 194 161 104 57 67 43
internal_count=272 52 220 194 161 104 57 67 43
is_linear=0
shrinkage=0.05


Tree=86
num_leaves=10
num_cat=0
split_feature=12 12 12 12 12 12 12 6 5
split_gain=17.5602 29.0942 14.4474 9.12017 11.2449 14.3582 6.16643 2.85109 1.85563
threshold=37.500000000000007 45.500000000000007 34.500000000000007 29.500000000000004 16.500000000000004 21.500000000000004 12.500000000000002 26.916666666666668 19.166666666666668
decision_type=2 2 2 2 2 2 2 2 2
left_child=2 -2 3 4 6 -6 -1 8 -7
right_child=1 -3 -4 -5 5 7 -8 -9 -10
leaf_value=9.7646205738177735e-05 -0.0006876654169271746 0.077944292303751439 4.6776375839385764e-06 -0.0015557976074239478 0.00019023765843062534 0.00075065276336587776 -0.0018190301954081889 0.00035308172693602205 -0.00017693758652264082
leaf_weight=37 32 20 26 33 37 22 20 24 21
leaf_count=37 32 20 26 33 37 22 20 24 21
internal_value=0.00882353 -0.0173077 0.015 0.0103093 0.0152174 0.025 -0.00263158 0.011194 0.00348837
internal_weight=272 52 220 194 161 104 57 67 43
internal_count=272 52 220 194 161 104 57 67 43
is_linear=0
shrinkage=0.05


Tree=87
num_leaves=10
num_cat=0
split_feature=12 12 12 12 12 12 12 6 5
split_gain=17.0695 29.0942 14.8251 8.73174 10.4759 15.4839 6.16643 3.50087 1.13259
threshold=37.500000000000007 45.500000000000007 34.500000000000007 29.500000000000004 16.500000000000004 21.500000000000004 12.500000000000002 26.916666666666668 19.166666666666668
decision_type=2 2 2 2 2 2 2 2 2
left_child=2 -2 3 4 6 -6 -1 8 -7
right_child=1 -3 -4 -5 5 7 -8 -9 -10
leaf_value=9.2763895451275513e-05 -0.00065328214608086912 0.074047077688563695 4.4437557047416476e-06 -0.0014780077270527771 0.0001807257755091385 0.00071312012519761945 -0.0017280786856377795 0.00033542764058926979 -0.00016809070719645547
leaf_weight=37 32 20 26 33 37 22 20 24 21
leaf_count=37 32 20 26 33 37 22 20 24 21
internal_value=0.00845588 -0.0173077 0.0145455 0.00979381 0.0145963 0.0240385 -0.00263158 0.00970149 0.00116279
internal_weight=272 52 220 194 161 104 57 67 43
internal_count=272 52 220 194 161 104 57 67 43
is_linear=0
shrinkage=0.05


Tree=88
num_leaves=10
num_cat=0
split_feature=12 12 12 12 12 7 12 12 6
split_gain=19.0738 29.0942 13.3436 12.8647 14.1133 3.76068 3.36337 5.58706 1.7567
threshold=37.500000000000007 45.500000000000007 34.500000000000007 24.500000000000004 8.5000000000000018 1300000000.0000002 16.500000000000004 21.500000000000004 25.083333333333339
decision_type=2 2 2 2 2 2 2 2 2
left_child=2 -2 3 4 -1 8 -6 -8 -5
right_child=1 -3 -4 5 6 -7 7 -9 -10
leaf_value=-0.049911874299321292 -0.00062061803877675467 0.070344723804135617 4.2215679194157472e-06 0.00067134066038700981 0.0016296771370944542 -0.00047101640395421642 0.00017168948673376152 0.00079249202472304609 -8.7600110246199853e-05
leaf_weight=22 32 20 26 23 35 33 37 22 22
leaf_count=22 32 20 26 23 35 33 37 22 22
internal_value=0.00992647 -0.0173077 0.0163636 0.0118557 0.0224138 -0.00384615 0.0308511 0.0381356 0.00555556
internal_weight=272 52 220 194 116 78 94 59 45
internal_count=272 52 220 194 116 78 94 59 45
is_linear=0
shrinkage=0.05


Tree=89
num_leaves=9
num_cat=0
split_feature=12 12 12 12 12 12 12 6
split_gain=17.0695 29.0942 14.8251 8.73174 10.4759 15.4839 6.16643 2.30618
threshold=37.500000000000007 45.500000000000007 34.500000000000007 29.500000000000004 16.500000000000004 21.500000000000004 12.500000000000002 23.183333333333337
decision_type=2 2 2 2 2 2 2 2
left_child=2 -2 3 4 6 -6 -1 -7
right_child=1 -3 -4 -5 5 7 -8 -9
leaf_value=0.0015481932802397403 -0.00058958713683807682 0.06682748761392894 4.010489523409433e-06 -0.0013805565205025517 0.0001631050123970468 2.7868231824434986e-05 -0.0017231586082106177 0.00032628253696458391
leaf_weight=37 32 20 26 33 37 32 20 35
leaf_count=37 32 20 26 33 37 32 20 35
internal_value=0.00845588 -0.0173077 0.0145455 0.00979381 0.0145963 0.0240385 -0.00263158 0.00970149
internal_weight=272 52 220 194 161 104 57 67
internal_count=272 52 220 194 161 104 57 67
is_linear=0
shrinkage=0.05


Tree=90
num_leaves=10
num_cat=0
split_feature=12 12 12 12 12 12 12 12 5
split_gain=18.5623 29.0942 13.7067 14.1515 14.1133 4.02731 3.36337 5.58706 1.23679
threshold=37.500000000000007 45.500000000000007 34.500000000000007 24.500000000000004 8.5000000000000018 27.500000000000004 16.500000000000004 21.500000000000004 23.166666666666668
decision_type=2 2 2 2 2 2 2 2 2
left_child=2 -2 3 4 -1 -5 -6 -8 -7
right_child=1 -3 -4 5 6 8 7 -9 -10
leaf_value=-0.047493690248367186 -0.00056010777999624393 0.063486113233232541 3.809965047096853e-06 -0.00033572998371145246 0.0014707836162277665 -0.00089133272527988085 0.0001549497617771678 0.00073655329663875342 0.0012521581661513181
leaf_weight=22 32 20 26 32 35 20 37 22 26
leaf_count=22 32 20 26 32 35 20 37 22 26
internal_value=0.00955882 -0.0173077 0.0159091 0.0113402 0.0224138 -0.00512821 0.0308511 0.0381356 0.00434783
internal_weight=272 52 220 194 116 78 94 59 46
internal_count=272 52 220 194 116 78 94 59 46
is_linear=0
shrinkage=0.05


Tree=91
num_leaves=10
num_cat=1
split_feature=12 12 12 12 12 12 12 2 6
split_gain=17.5602 29.0942 14.4474 9.12017 11.2449 14.3582 6.16643 2.25463 2.25017
threshold=37.500000000000007 45.500000000000007 34.500000000000007 29.500000000000004 16.500000000000004 21.500000000000004 12.500000000000002 0 26.100000000000005
decision_type=2 2 2 2 2 2 2 9 2
left_child=2 -2 3 4 6 -6 -1 -7 -9
right_child=1 -3 -4 -5 5 7 -8 8 -10
leaf_value=0.0013972444354164006 -0.00053210239099641397 0.060311807571570952 3.6194667949018824e-06 -0.0013741366027851143 0.00014720227368822947 -0.00028005199089093936 -0.0017105398586114264 0.00017298974121349175 0.00028428465836913833
leaf_weight=37 32 20 26 33 37 21 20 26 20
leaf_count=37 32 20 26 33 37 21 20 26 20
internal_value=0.00882353 -0.0173077 0.015 0.0103093 0.0152174 0.025 -0.00263158 0.011194 0.0173913
internal_weight=272 52 220 194 161 104 57 67 46
internal_count=272 52 220 194 161 104 57 67 46
cat_boundaries=0 1
cat_threshold=2
is_linear=0
shrinkage=0.05


Tree=92
num_leaves=10
num_cat=0
split_feature=12 12 12 12 12 12 12 12 5
split_gain=18.5623 29.0942 13.7067 14.1515 14.1133 4.02731 3.36337 5.58706 1.23679
threshold=37.500000000000007 45.500000000000007 34.500000000000007 24.500000000000004 8.5000000000000018 27.500000000000004 16.500000000000004 21.500000000000004 23.166666666666668
decision_type=2 2 2 2 2 2 2 2 2
left_child=2 -2 3 4 -1 -5 -6 -8 -7
right_child=1 -3 -4 5 6 8 7 -9 -10
leaf_value=-0.045188867957719661 -0.00050549727144648675 0.05729621719299232 3.4384934551212611e-06 -0.00030494088498134175 0.0013273822136455672 -0.00077805925887659561 0.00013984216000384464 0.00068829377181716116 0.0012582570879828836
leaf_weight=22 32 20 26 32 35 20 37 22 26
leaf_count=22 32 20 26 32 35 20 37 22 26
internal_value=0.00955882 -0.0173077 0.0159091 0.0113402 0.0224138 -0.00512821 0.0308511 0.0381356 0.00434783
internal_weight=272 52 220 194 116 78 94 59 46
internal_count=272 52 220 194 116 78 94 59 46
is_linear=0
shrinkage=0.05


Tree=93
num_leaves=10
num_cat=1
split_feature=12 12 12 12 12 12 12 2 6
split_gain=17.5602 29.0942 14.4474 9.12017 11.2449 14.3582 6.16643 2.25463 2.25017
threshold=37.500000000000007 45.500000000000007 34.500000000000007 29.500000000000004 16.500000000000004 21.500000000000004 12.500000000000002 0 26.100000000000005
decision_type=2 2 2 2 2 2 2 9 2
left_child=2 -2 3 4 6 -6 -1 -7 -9
right_child=1 -3 -4 -5 5 7 -8 8 -10
leaf_value=0.0012610131029632933 -0.00048022240787410909 0.054431406333342737 3.2665687822230897e-06 -0.0013683426270450383 0.00013285005200369682 -0.00025080234709733417 -0.0016913819763630933 0.00017958729840188427 0.00026048660327973041
leaf_weight=37 32 20 26 33 37 21 20 26 20
leaf_count=37 32 20 26 33 37 21 20 26 20
internal_value=0.00882353 -0.0173077 0.015 0.0103093 0.0152174 0.025 -0.00263158 0.011194 0.0173913
internal_weight=272 52 220 194 161 104 57 67 46
internal_count=272 52 220 194 161 104 57 67 46
cat_boundaries=0 1
cat_threshold=2
is_linear=0
shrinkage=0.05


Tree=94
num_leaves=10
num_cat=1
split_feature=12 12 12 12 12 2 7 12 12
split_gain=19.0738 29.0942 13.3436 12.8647 14.1133 3.69231 3.55577 3.36337 5.58706
threshold=37.500000000000007 45.500000000000007 34.500000000000007 24.500000000000004 8.5000000000000018 0 1150000000.0000002 16.500000000000004 21.500000000000004
decision_type=2 2 2 2 2 9 2 2 2
left_child=2 -2 3 4 -1 -5 -7 -6 -9
right_child=1 -3 -4 5 7 6 -8 8 -10
leaf_value=-0.042992475214981868 -0.00045621128748045696 0.051709836016675587 3.1032403430941715e-06 0.00017060793348182559 0.0011979624478151152 0.00037765079845613063 -0.00067073916458042508 0.00012620754940346758 0.00064287723568430273
leaf_weight=22 32 20 26 26 35 20 32 37 22
leaf_count=22 32 20 26 26 35 20 32 37 22
internal_value=0.00992647 -0.0173077 0.0163636 0.0118557 0.0224138 -0.00384615 -0.0115385 0.0308511 0.0381356
internal_weight=272 52 220 194 116 78 52 94 59
internal_count=272 52 220 194 116 78 52 94 59
cat_boundaries=0 1
cat_threshold=1
is_linear=0
shrinkage=0.05


Tree=95
num_leaves=10
num_cat=0
split_feature=12 12 12 12 12 12 12 6 5
split_gain=26.3094 15.925 14.8251 8.73174 10.4759 15.4839 6.16643 3.50087 1.13259
threshold=37.500000000000007 45.500000000000007 34.500000000000007 29.500000000000004 16.500000000000004 21.500000000000004 12.500000000000002 26.916666666666668 19.166666666666668
decision_type=2 2 2 2 2 2 2 2 2
left_child=2 -2 3 4 6 -6 -1 8 -7
right_child=1 -3 -4 -5 5 7 -8 -9 -10
leaf_value=0.0011380643254243594 -0.00043340072310655843 0.049124344215841734 2.9480783258151178e-06 -0.0012663885374637474 0.00011989717193330308 0.00072764371863556223 -0.0016667109999357168 0.00022712514388656402 -0.00016574599839280779
leaf_weight=37 32 20 26 33 37 22 20 24 21
leaf_count=37 32 20 26 33 37 22 20 24 21
internal_value=0.00698529 -0.025 0.0145455 0.00979381 0.0145963 0.0240385 -0.00263158 0.00970149 0.00116279
internal_weight=272 52 220 194 161 104 57 67 43
internal_count=272 52 220 194 161 104 57 67 43
is_linear=0
shrinkage=0.05


Tree=96
num_leaves=10
num_cat=1
split_feature=12 12 12 12 12 12 12 2 12
split_gain=28.7842 15.925 13.3436 12.8647 14.1133 3.36337 5.58706 3.20513 2.75238
threshold=37.500000000000007 45.500000000000007 34.500000000000007 24.500000000000004 8.5000000000000018 16.500000000000004 21.500000000000004 0 27.500000000000004
decision_type=2 2 2 2 2 2 2 9 2
left_child=2 -2 3 4 -1 -6 -7 -5 -9
right_child=1 -3 -4 7 5 6 -8 8 -10
leaf_value=-0.040899754670503975 -0.00041173068695137265 0.0466681270050497 2.8006744095421256e-06 -0.00055748566225322094 0.0010811611091531505 0.00011390231333656687 0.00060919889526269701 -2.3704431523086102e-05 0.0014886443587986522
leaf_weight=22 32 20 26 30 35 37 22 20 28
leaf_count=22 32 20 26 30 35 37 22 20 28
internal_value=0.00845588 -0.025 0.0163636 0.0118557 0.0224138 0.0308511 0.0381356 -0.00384615 0.00416667
internal_weight=272 52 220 194 116 94 59 78 48
internal_count=272 52 220 194 116 94 59 78 48
cat_boundaries=0 1
cat_threshold=2
is_linear=0
shrinkage=0.05


Tree=97
num_leaves=10
num_cat=1
split_feature=12 12 12 12 12 2 12 12 6
split_gain=29.4203 15.925 12.9854 11.6392 14.1133 3.87821 3.36337 5.58706 2.59286
threshold=37.500000000000007 45.500000000000007 34.500000000000007 24.500000000000004 8.5000000000000018 0 16.500000000000004 21.500000000000004 26.916666666666668
decision_type=2 2 2 2 2 9 2 2 2
left_child=2 -2 3 4 -1 -5 -6 -8 -7
right_child=1 -3 -4 5 6 8 7 -9 -10
leaf_value=-0.038854766936978757 -0.00039114415260392836 0.044334720654797266 2.6606406891005463e-06 -0.00052961137914060436 0.0010271030536954662 -2.2519209946914033e-05 0.00010820719766968523 0.00057873895049960218 0.00034745338552930608
leaf_weight=22 32 20 26 30 35 28 37 22 20
leaf_count=22 32 20 26 30 35 28 37 22 20
internal_value=0.00882353 -0.025 0.0168182 0.0123711 0.0224138 -0.0025641 0.0308511 0.0381356 0.00625
internal_weight=272 52 220 194 116 78 94 59 48
internal_count=272 52 220 194 116 78 94 59 48
cat_boundaries=0 1
cat_threshold=2
is_linear=0
shrinkage=0.05


Tree=98
num_leaves=10
num_cat=0
split_feature=12 12 12 12 12 12 12 12 5
split_gain=25.1136 15.925 15.5951 10.0686 19.273 6.16643 5.58706 4.02731 1.23679
threshold=37.500000000000007 45.500000000000007 34.500000000000007 24.500000000000004 16.500000000000004 12.500000000000002 21.500000000000004 27.500000000000004 23.166666666666668
decision_type=2 2 2 2 2 2 2 2 2
left_child=2 -2 3 4 5 -1 -6 -5 -9
right_child=1 -3 -4 7 6 -7 -8 8 -10
leaf_value=0.0009757479010106707 -0.00037158694497385625 0.042117984622057493 2.5276086546455192e-06 -0.0002217146025266459 0.00010279683778620098 -0.0016887886580813751 0.00054980200297469748 -0.00051952792740870277 0.0012898052604196409
leaf_weight=37 32 20 26 32 37 20 22 20 26
leaf_count=37 32 20 26 32 37 20 22 20 26
internal_value=0.00625 -0.025 0.0136364 0.00876289 0.0181034 -0.00263158 0.0381356 -0.00512821 0.00434783
internal_weight=272 52 220 194 116 57 59 78 46
internal_count=272 52 220 194 116 57 59 78 46
is_linear=0
shrinkage=0.05


Tree=99
num_leaves=10
num_cat=1
split_feature=12 12 12 12 12 2 12 12 5
split_gain=29.4203 15.925 12.9854 11.6392 14.1133 3.87821 3.36337 5.58706 1.73571
threshold=37.500000000000007 45.500000000000007 34.500000000000007 24.500000000000004 8.5000000000000018 0 16.500000000000004 21.500000000000004 23.833333333333339
decision_type=2 2 2 2 2 9 2 2 2
left_child=2 -2 3 4 -1 -5 -6 -8 -7
right_child=1 -3 -4 5 6 8 7 -9 -10
leaf_value=-0.036960815985180376 -0.00035300759772525229 0.040012085390954515 2.4012282217711347e-06 -0.00048459974693519929 0.00092696050596012829 -0.00022615607241451843 9.7656995896855395e-05 0.00052231190282592266 0.00021079179928040759
leaf_weight=22 32 20 26 30 35 20 37 22 28
leaf_count=22 32 20 26 30 35 20 37 22 28
internal_value=0.00882353 -0.025 0.0168182 0.0123711 0.0224138 -0.0025641 0.0308511 0.0381356 0.00625
internal_weight=272 52 220 194 116 78 94 59 48
internal_count=272 52 220 194 116 78 94 59 48
cat_boundaries=0 1
cat_threshold=2
is_linear=0
shrinkage=0.05


Tree=100
num_leaves=9
num_cat=1
split_feature=12 12 12 12 12 12 2 10
split_gain=26.3094 15.925 14.8251 13.5124 17.2639 5.60529 2.8236 3.73535
threshold=37.500000000000007 45.500000000000007 34.500000000000007 21.500000000000004 16.500000000000004 8.5000000000000018 0 54.500000000000007
decision_type=2 2 2 2 2 2 9 2
left_child=2 -2 3 4 5 -1 -5 -8
right_child=1 -3 -4 6 -6 -7 7 -9
leaf_value=-0.035112775185921354 -0.0003353572178390607 0.038011481121406732 2.2811668106470505e-06 -0.0004603697595883638 9.2774146101959337e-05 0.00088061248066209077 -1.7908824451318141e-05 0.00067819356812517386
leaf_weight=22 32 20 26 34 37 35 30 36
leaf_count=22 32 20 26 34 37 35 30 36
internal_value=0.00698529 -0.025 0.0145455 0.00979381 0.0234043 0.00614035 -0.003 0.0030303
internal_weight=272 52 220 194 94 57 100 66
internal_count=272 52 220 194 94 57 100 66
cat_boundaries=0 1
cat_threshold=2
is_linear=0
shrinkage=0.05


Tree=101
num_leaves=9
num_cat=1
split_feature=12 12 12 12 12 12 2 10
split_gain=23.9457 16.3846 15.925 7.8187 24.86 6.16643 3.32663 2.76566
threshold=37.500000000000007 34.500000000000007 45.500000000000007 21.500000000000004 16.500000000000004 12.500000000000002 0 54.500000000000007
decision_type=2 2 2 2 2 2 9 2
left_child=1 3 -2 4 5 -1 -5 -8
right_child=2 -3 -4 6 -6 -7 7 -9
leaf_value=0.00083658185662898181 -0.0003185893569472853 2.1671084702745704e-06 0.03611090706533631 -0.00043735127160902113 8.8135438796932419e-05 -0.0016947278745084839 -1.7013383228814406e-05 0.00064428388971888857
leaf_weight=37 32 26 20 34 37 20 30 36
leaf_count=37 32 26 20 34 37 20 30 36
internal_value=0.00551471 0.0127273 -0.025 0.00773196 0.0180851 -0.00263158 -0.002 0.00454545
internal_weight=272 220 52 194 94 57 100 66
internal_count=272 220 52 194 94 57 100 66
cat_boundaries=0 1
cat_threshold=2
is_linear=0
shrinkage=0.05


Tree=102
num_leaves=9
num_cat=1
split_feature=12 12 12 12 12 12 2 10
split_gain=26.9176 15.925 14.4474 12.5083 17.2639 5.60529 3.32663 2.76566
threshold=37.500000000000007 45.500000000000007 34.500000000000007 21.500000000000004 16.500000000000004 8.5000000000000018 0 54.500000000000007
decision_type=2 2 2 2 2 2 9 2
left_child=2 -2 3 4 5 -1 -5 -8
right_child=1 -3 -4 6 -6 -7 7 -9
leaf_value=-0.033398965519456737 -0.00030265988909974342 0.034305361712069528 2.0587530467963688e-06 -0.00041548370802848569 8.3728666857041398e-05 0.00079475276379756829 -1.6162714067391448e-05 0.00061206969523288637
leaf_weight=22 32 20 26 34 37 35 30 36
leaf_count=22 32 20 26 34 37 35 30 36
internal_value=0.00735294 -0.025 0.015 0.0103093 0.0234043 0.00614035 -0.002 0.00454545
internal_weight=272 52 220 194 94 57 100 66
internal_count=272 52 220 194 94 57 100 66
cat_boundaries=0 1
cat_threshold=2
is_linear=0
shrinkage=0.05


Tree=103
num_leaves=12
num_cat=1
split_feature=12 12 12 12 12 12 2 8 10 6 3
split_gain=18.0193 22.2693 15.925 9.41799 10.0054 4.40238 3.47941 3.96281 0.942857 0.513124 0.458009
threshold=37.500000000000007 32.500000000000007 45.500000000000007 19.500000000000004 8.5000000000000018 13.500000000000002 0 1.0000000180025095e-35 50.500000000000007 22.416666666666668 26.500000000000004
decision_type=2 2 2 2 2 2 9 2 2 2 2
left_child=1 3 -2 4 -1 -6 9 8 -8 -5 -3
right_child=2 10 -4 6 5 -7 7 -9 -10 -11 -12
leaf_value=-0.031729017243483919 -0.00028752689464468518 1.1474146058176871e-05 0.032590093626465942 -1.7077664860920551e-06 0.0027698359088945248 3.2052530355208834e-06 7.9542233514118271e-05 -1.3559550055575188e-05 -0.00014340610816629962 -0.00015570064524297325 1.1474146058176871e-05
leaf_weight=22 32 22 20 20 20 28 20 25 22 21 20
leaf_count=22 32 22 20 20 20 28 20 25 22 21 20
internal_value=0.00147059 0.00772727 -0.025 0 0.0142857 0.0270833 -0.00925926 -0.00223881 0.00714286 -0.0207317 0.0404762
internal_weight=272 220 52 178 70 48 108 67 42 41 42
internal_count=272 220 52 178 70 48 108 67 42 41 42
cat_boundaries=0 1
cat_threshold=2
is_linear=0
shrinkage=0.05


Tree=104
num_leaves=12
num_cat=0
split_feature=12 12 12 12 12 12 7 14 5 3 6
split_gain=20.077 19.8652 15.925 8.735 6.24531 8.57148 2.28935 1.96621 3.01385 0.458009 0.4
threshold=37.500000000000007 32.500000000000007 45.500000000000007 24.500000000000004 8.5000000000000018 13.500000000000002 1425000000.0000002 450.00000000000006 25.583333333333339 26.500000000000004 24.708333333333339
decision_type=2 2 2 2 2 2 2 2 2 2 2
left_child=1 3 -2 4 -1 -6 10 -5 -9 -3 -7
right_child=2 9 -4 7 5 6 -8 8 -10 -11 -12
leaf_value=-0.030142566381309702 -0.00027315054991241541 1.0900438755356846e-05 0.030960588945142576 -9.4790131583977204e-07 0.002631344113449785 -1.3260835725503741e-06 7.7596371838417621e-05 -0.00070552630952791517 -8.0398592766783858e-05 1.0900438755356846e-05 4.5611280799384703e-06
leaf_weight=22 32 22 20 20 20 20 34 22 20 20 20
leaf_count=22 32 22 20 20 20 20 34 22 20 20 20
internal_value=0.00294118 0.00954545 -0.025 0.00224719 0.0103448 0.0159574 0.00810811 -0.0129032 -0.0190476 0.0404762 0
internal_weight=272 220 52 178 116 94 74 62 42 42 40
internal_count=272 220 52 178 116 94 74 62 42 42 40
is_linear=0
shrinkage=0.05


Tree=105
num_leaves=11
num_cat=0
split_feature=12 12 12 12 5 6 5 10 6 3
split_gain=13.9311 19.8652 11.1077 8.0477 4.93682 2.46666 4.84924 4.83436 0.9 0.458009
threshold=37.500000000000007 32.500000000000007 45.500000000000007 26.500000000000004 32.500000000000007 22.416666666666668 15.333333333333334 34.500000000000007 24.583333333333339 26.500000000000004
decision_type=2 2 2 2 2 2 2 2 2 2
left_child=1 3 -2 4 5 6 -1 -7 -5 -3
right_child=2 9 -4 8 -6 7 -8 -9 -10 -11
leaf_value=0.0002383775203073313 -0.00025949302241663476 1.0355416817731113e-05 0.029412559497885484 -0.00043339256241443637 -9.2131698340658388e-06 0.0023983678269861031 -5.5021967536816879e-06 6.2401035766157523e-06 -0.00057666738862627298 1.0355416817731113e-05
leaf_weight=31 32 22 20 20 20 33 26 28 20 20
leaf_count=31 32 22 20 20 20 33 26 28 20 20
internal_value=0.00404412 0.00954545 -0.0192308 0.00224719 0.00797101 0.0118644 0.00438596 0.0188525 -0.0175 0.0404762
internal_weight=272 220 52 178 138 118 57 61 40 42
internal_count=272 220 52 178 138 118 57 61 40 42
is_linear=0
shrinkage=0.05


Tree=106
num_leaves=11
num_cat=1
split_feature=0 12 12 12 10 14 5 5 14 8
split_gain=5.62661 6.99595 4.69565 4.6719 5.40487 4.65975 2.40667 5.17026 7.68345 3
threshold=0 32.500000000000007 36.500000000000007 13.500000000000002 36.500000000000007 505.00000000000006 16.166666666666668 26.500000000000004 490.00000000000006 1.0000000180025095e-35
decision_type=9 2 2 2 2 2 2 2 2 2
left_child=6 3 -3 -2 -5 -6 -1 9 -9 -8
right_child=1 2 -4 4 5 -7 7 8 -10 -11
leaf_value=4.9388993803489713e-05 0.002379858516427991 3.1931531303541765e-07 2.6075513730461354e-07 -4.4581325914805349e-05 0.00024744581073052888 -1.7098797547010491e-05 -6.1164272142777429e-05 -0.00015163376276010611 7.2145961738101505e-05 -0.0020377658020269253
leaf_weight=20 29 23 25 21 28 26 24 21 31 24
leaf_count=20 29 23 25 21 28 26 24 21 31 24
internal_value=0.00257353 0.00864198 0.025 0.00192308 -0.00466667 0.0037037 -0.00538462 -0.009 0.00192308 -0.0208333
internal_weight=272 152 48 104 75 54 120 100 52 48
internal_count=272 152 48 104 75 54 120 100 52 48
cat_boundaries=0 1
cat_threshold=540
is_linear=0
shrinkage=0.05


Tree=107
num_leaves=10
num_cat=2
split_feature=1 12 12 12 12 10 2 6 12
split_gain=7.11337 8.5946 6.96479 6.03821 4.66122 4.58858 3.14881 1.76007 1.38376
threshold=0 32.500000000000007 26.500000000000004 36.500000000000007 13.500000000000002 37.500000000000007 1 22.100000000000005 26.500000000000004
decision_type=1 2 2 2 2 2 9 2 2
left_child=2 4 7 -3 -2 -6 -4 -1 -7
right_child=1 3 6 -5 5 8 -8 -9 -10
leaf_value=-6.0501419930858452e-06 0.0022608655906066312 1.7419334114876506e-05 -0.00067525448767113971 2.337762409929667e-05 -0.00011184011568126096 3.7424710234468256e-05 -0.00024775961501912749 0.00023024301911376278 -0.000320540497890498
leaf_weight=24 31 27 24 30 23 32 32 28 21
leaf_count=24 31 27 24 30 23 32 32 28 21
internal_value=0.00294118 0.0091954 -0.00677966 0.0254386 0.00140187 -0.00526316 -0.0196429 0.00576923 0.00283019
internal_weight=272 164 108 57 107 76 56 52 53
internal_count=272 164 108 57 107 76 56 52 53
cat_boundaries=0 1 2
cat_threshold=848 2
is_linear=0
shrinkage=0.05


Tree=108
num_leaves=10
num_cat=2
split_feature=0 12 2 6 5 5 12 12 5
split_gain=3.73052 3.08388 4.27367 3.01587 4.7619 3.42342 2.83801 3.70772 2.75627
threshold=0 13.500000000000002 1 25.366666666666671 19.583333333333339 33.166666666666679 36.500000000000007 25.500000000000004 21.416666666666668
decision_type=9 2 9 2 2 2 2 2 2
left_child=3 -2 8 4 -1 -5 7 -4 -3
right_child=1 2 6 5 -6 -7 -8 -9 -10
leaf_value=3.7261980271097173e-05 0.0021004129879520494 -9.2116382433005128e-07 -2.341443070896787e-05 0.00013300152778947805 -2.5518381839617635e-06 1.1568750578483389e-05 -0.0035011234644459323 6.4511909932285507e-06 0.0008134629776630931
leaf_weight=27 24 21 31 37 36 20 20 34 22
leaf_count=27 24 21 31 37 36 20 20 34 22
internal_value=0.00147059 -0.0037037 -0.00703125 0.00769231 0.000793651 0.0166667 -0.0135294 -0.00846154 0.00581395
internal_weight=272 152 128 120 63 57 85 65 43
internal_count=272 152 128 120 63 57 85 65 43
cat_boundaries=0 1 2
cat_threshold=452 1
is_linear=0
shrinkage=0.05


Tree=109
num_leaves=10
num_cat=1
split_feature=16 5 5 6 6 14 6 12 10
split_gain=3.50696 4.56281 6.04289 3.56874 13.3594 4.18719 3.21165 2.46809 5.83602
threshold=0 33.166666666666679 29.166666666666668 25.550000000000004 23.083333333333339 505.00000000000006 28.583333333333339 29.500000000000004 44.000000000000007
decision_type=1 2 2 2 2 2 2 2 2
left_child=1 2 7 4 5 -2 -5 8 -1
right_child=3 -3 -4 6 -6 -7 -8 -9 -10
leaf_value=-2.9343257315161966e-05 0.0007532708948671641 -0.00065050968634352559 3.1846592045070568e-05 0.0018816419232840611 -0.00030416698270716583 2.5141133621175984e-06 2.8580097254859996e-05 -0.00014817065001846431 0.00020305667186111266
leaf_weight=35 29 21 22 22 20 34 30 36 23
leaf_count=35 29 21 22 22 20 34 30 36 23
internal_value=0.00110294 -0.00442177 -0.000862069 0.00655172 0.00060241 0.0119048 0.0173077 -0.00638298 0
internal_weight=272 137 116 135 83 63 52 94 58
internal_count=272 137 116 135 83 63 52 94 58
cat_boundaries=0 1
cat_threshold=41
is_linear=0
shrinkage=0.05


Tree=110
num_leaves=10
num_cat=1
split_feature=0 6 3 12 7 14 12 14 5
split_gain=4.69766 3.91468 4.29512 2.82869 4.09973 2.93595 4.46282 1.4881 0.692726
threshold=0 27.666666666666668 21.500000000000004 32.500000000000007 1300000000.0000002 580.00000000000011 19.500000000000004 505.00000000000006 11.083333333333334
decision_type=9 2 2 2 2 2 2 2 2
left_child=1 2 8 5 -5 6 -2 -8 -1
right_child=3 -3 -4 4 -6 -7 7 -9 -10
leaf_value=6.5334268679606566e-06 0.0021370427670019511 3.5055448238985319e-05 -5.4135134511312803e-05 4.7756717494706892e-05 -4.4083996683141893e-05 -0.0028663291803873395 -3.7925304768382521e-05 -9.4042366227320434e-05 3.0903206491039727e-05
leaf_weight=31 30 34 35 28 25 21 28 20 20
leaf_count=31 30 34 35 28 25 21 28 20 20
internal_value=0.00147059 0.00846154 0.00348837 -0.00432099 0.00471698 -0.00959596 -0.00512821 -0.0145833 0.0127451
internal_weight=272 120 86 152 53 99 78 48 51
internal_count=272 120 86 152 53 99 78 48 51
cat_boundaries=0 1
cat_threshold=393
is_linear=0
shrinkage=0.05


Tree=111
num_leaves=10
num_cat=1
split_feature=0 7 10 6 12 12 12 12 3
split_gain=5.97848 3.33333 5.13404 3.47143 2.0848 3.5744 2.80618 3.49215 2.93492
threshold=0 1300000000.0000002 61.500000000000007 23.183333333333337 39.500000000000007 32.500000000000007 26.500000000000004 16.500000000000004 26.500000000000004
decision_type=9 2 2 2 2 2 2 2 2
left_child=1 3 -3 -1 5 6 7 -2 -9
right_child=4 2 -4 -5 -6 -7 -8 8 -10
leaf_value=5.8075156886161496e-06 -0.0031495883997156859 0.00014095183258877597 -2.837173041747576e-05 0.00016330501335559688 -0.012513079912090497 3.7369633923844964e-05 -0.00093420859374706568 -5.3682466889526381e-06 7.9418114489904215e-05
leaf_weight=28 33 37 23 32 22 28 24 24 21
leaf_count=28 33 37 23 32 22 28 24 24 21
internal_value=0.00294118 0.0107692 0.00333333 0.02 -0.0037037 -0.00153846 -0.00588235 -0.00128205 0.00777778
internal_weight=272 120 60 60 152 130 102 78 45
internal_count=272 120 60 60 152 130 102 78 45
cat_boundaries=0 1
cat_threshold=449
is_linear=0
shrinkage=0.05


Tree=112
num_leaves=11
num_cat=2
split_feature=1 12 6 6 3 10 12 5 6 2
split_gain=4.16203 3.89226 3.13213 3.09226 3.86551 2.34678 9.16409 2.7432 4.31788 2.41311
threshold=0 24.500000000000004 22.100000000000005 27.666666666666668 22.500000000000004 37.500000000000007 13.500000000000002 29.166666666666668 23.750000000000004 1
decision_type=1 2 2 2 2 2 2 2 2 9
left_child=1 2 -1 4 -3 6 -2 8 9 -7
right_child=5 3 -4 -5 -6 7 -8 -9 -10 -11
leaf_value=-8.9225393294256615e-06 0.002103954832415589 -2.9126272343305006e-06 0.00022223942215084949 7.0917183036200986e-06 -0.0010173925519076476 6.5583502252053453e-06 -4.2488015298136622e-05 2.1461406550571382e-05 -0.00019458461503738534 0.00015688749229836318
leaf_weight=21 31 20 23 23 21 26 23 35 21 28
leaf_count=21 31 20 23 23 21 26 23 35 21 28
internal_value=0.00330882 -0.00423729 0.00681818 -0.0125 -0.0207317 0.00804598 0 0.0127273 0.00733333 0.0148148
internal_weight=272 108 44 64 41 164 54 110 75 54
internal_count=272 108 44 64 41 164 54 110 75 54
cat_boundaries=0 1 2
cat_threshold=848 2
is_linear=0
shrinkage=0.05


Tree=113
num_leaves=11
num_cat=1
split_feature=1 6 5 12 3 5 6 12 7 10
split_gain=4.20733 5.60185 6.66667 4.92196 2.24402 2.4381 5.63333 2.97924 2.5 1.86556
threshold=0 25.708333333333339 18.416666666666668 29.500000000000004 36.500000000000007 24.416666666666668 26.583333333333339 29.500000000000004 800000000.00000012 35.500000000000007
decision_type=1 2 2 2 2 2 2 2 2 2
left_child=1 2 -1 -3 5 7 -7 9 -8 -2
right_child=4 3 -4 -5 -6 6 8 -9 -10 -11
leaf_value=-1.5039867857780111e-07 0.0010287391624061116 0.00024250674314671983 -0.0010567592266282233 -0.00029903678278166981 2.2728862915499804e-05 -7.3608961127114017e-05 -1.559538377371439e-06 -1.9279948748618381e-06 5.9200073335752282e-05 0.00021458607802937735
leaf_weight=30 24 27 30 21 24 20 20 33 20 23
leaf_count=30 24 27 30 21 24 20 20 33 20 23
internal_value=0.00147059 -0.0059322 -0.0166667 0.00625 0.00632184 0.00428571 -0.00333333 0.01 0.0075 0.0180851
internal_weight=272 108 60 48 164 140 60 80 40 47
internal_count=272 108 60 48 164 140 60 80 40 47
cat_boundaries=0 1
cat_threshold=624
is_linear=0
shrinkage=0.05


Tree=114
num_leaves=10
num_cat=1
split_feature=2 10 12 6 12 3 3 14 7
split_gain=4.60182 3.98017 4.18979 3.60636 2.4392 2.33584 6.62759 2.82236 1.83344
threshold=0 17.500000000000004 19.500000000000004 30.083333333333339 19.500000000000004 22.500000000000004 33.500000000000007 490.00000000000006 1300000000.0000002
decision_type=9 2 2 2 2 2 2 2 2
left_child=4 -2 -3 5 -1 7 -7 -4 -6
right_child=1 2 3 -5 8 6 -8 -9 -10
leaf_value=0.0018936075122183206 -0.028922991077283668 0.0021125971674355705 0.00020142944400696196 2.970712155292432e-05 -2.230816555304216e-06 -5.6072159966902295e-05 7.2156948207346969e-05 -1.8315951312075641e-06 -3.3532931212310045e-05
leaf_weight=21 20 29 24 25 35 29 20 35 34
leaf_count=21 20 29 24 25 35 29 20 35 34
internal_value=0.00147059 0.00604396 0.00864198 0.00488722 -0.00777778 0.000925926 -0.00714286 0.00762712 -0.0123188
internal_weight=272 182 162 133 90 108 49 59 69
internal_count=272 182 162 133 90 108 49 59 69
cat_boundaries=0 1
cat_threshold=2
is_linear=0
shrinkage=0.05


Tree=115
num_leaves=11
num_cat=1
split_feature=2 10 12 6 7 12 7 12 6 3
split_gain=4.98342 5.28938 4.01391 3.29642 2.26203 2.3663 2.17778 1.96 1.77778 0.4
threshold=0 23.500000000000004 19.500000000000004 30.083333333333339 1550000000.0000002 33.500000000000007 1300000000.0000002 24.500000000000004 22.100000000000005 21.500000000000004
decision_type=9 2 2 2 2 2 2 2 2 2
left_child=6 -2 -3 4 5 9 8 -8 -1 -4
right_child=1 2 3 -5 -6 -7 7 -9 -10 -11
leaf_value=0.00013914037756990183 -0.027229755798820299 0.0035820522153594326 0.00019135797180656056 2.8221765475322515e-05 -4.9248992839157073e-05 -1.533926764452076e-06 -2.3794745017857722e-05 -0.00017239314313179934 -0.00011457559885155178 3.1409185121411558e-05
leaf_weight=20 26 23 20 25 34 34 20 25 25 20
leaf_count=20 26 23 20 25 34 34 20 25 25 20
internal_value=0.000735294 0.00549451 0.00897436 0.0056391 0.00185185 0.00675676 -0.00888889 -0.0166667 -0.00111111 0.015
internal_weight=272 182 156 133 108 74 90 45 45 40
internal_count=272 182 156 133 108 74 90 45 45 40
cat_boundaries=0 1
cat_threshold=2
is_linear=0
shrinkage=0.05


Tree=116
num_leaves=9
num_cat=2
split_feature=1 2 12 12 10 12 3 3
split_gain=3.2839 4.16667 1.987 2.64585 1.64058 2.73661 4.93545 2.57499
threshold=0 1 29.500000000000004 22.500000000000004 30.000000000000004 32.500000000000007 17.500000000000004 22.500000000000004
decision_type=1 9 2 2 2 2 2 2
left_child=1 -1 3 -3 -2 7 -7 -6
right_child=4 2 -4 -5 5 6 -8 -9
leaf_value=-0.00020444365475702497 0.002591397337429191 -1.718156022549877e-05 -0.00011211995285194122 0.00022748496163806922 1.3527833229787235e-05 -2.4467276336537226e-06 5.6562370422241774e-05 -3.2755454094690609e-05
leaf_weight=36 30 24 25 23 35 23 37 39
leaf_count=36 30 24 25 23 35 23 37 39
internal_value=0.00147059 -0.00508475 0.00138889 0.00744681 0.00574713 0.00373134 0.0116667 -0.0027027
internal_weight=272 108 72 47 164 134 60 74
internal_count=272 108 72 47 164 134 60 74
cat_boundaries=0 1 2
cat_threshold=864 2
is_linear=0
shrinkage=0.05


Tree=117
num_leaves=10
num_cat=3
split_feature=1 2 3 8 10 10 2 6 12
split_gain=3.43721 4.74074 2.5037 1.81036 2.92985 2.80152 3.70389 1.16965 0.914286
threshold=0 1 26.500000000000004 1.0000000180025095e-35 60.500000000000007 30.000000000000004 2 26.733333333333338 26.500000000000004
decision_type=1 9 2 2 2 2 9 2 2
left_child=1 -1 8 5 -5 -2 -7 -8 -3
right_child=3 2 -4 4 -6 6 7 -9 -10
leaf_value=-0.00019422147201915153 0.0024618274705577206 0.0001089034195929095 -2.0664723341923265e-05 4.1503452346436376e-05 4.5775639104839175e-05 -0.00010720904620438177 -2.3955432482125619e-08 2.8885296033465125e-05 7.6782290214794102e-07
leaf_weight=36 30 24 27 20 34 29 28 23 21
leaf_count=36 30 24 27 20 34 29 28 23 21
internal_value=0.00257353 -0.00423729 0.00277778 0.00689655 0.0148148 0.00363636 -0.00125 0.00686275 0.01
internal_weight=272 108 72 164 54 110 80 51 45
internal_count=272 108 72 164 54 110 80 51 45
cat_boundaries=0 1 2 3
cat_threshold=864 2 2
is_linear=0
shrinkage=0.05


Tree=118
num_leaves=11
num_cat=1
split_feature=10 12 2 5 5 3 14 6 12 3
split_gain=2.5563 7.69294 3.98358 4.75357 2.77778 2.15652 4.26596 3.76165 2.02359 1.60444
threshold=16.500000000000004 13.500000000000002 0 26.500000000000004 18.416666666666668 22.500000000000004 490.00000000000006 27.083333333333339 24.500000000000004 8.5000000000000018
decision_type=2 2 9 2 2 2 2 2 2 2
left_child=-1 -2 3 4 -3 8 -7 -8 -4 -10
right_child=1 2 5 -5 -6 6 7 -9 9 -11
leaf_value=-0.026194886416289111 0.0023868977145859562 -1.3041314238293467e-05 0.0008107728868952613 4.9472788948179415e-06 -0.0011159618918275883 -3.1904266371540756e-05 -3.5851791976959646e-05 6.8080290507133159e-05 -5.9504398262077984e-06 2.2924997323414689e-05
leaf_weight=20 22 20 26 34 25 31 26 23 20 25
leaf_count=20 22 20 26 34 25 31 26 23 20 25
internal_value=0.00220588 0.00357143 0.000869565 -0.00822785 -0.0188889 0.00562914 0 0.00918367 0.0119718 0.00555556
internal_weight=272 252 230 79 45 151 80 49 71 45
internal_count=272 252 230 79 45 151 80 49 71 45
cat_boundaries=0 1
cat_threshold=2
is_linear=0
shrinkage=0.05


Tree=119
num_leaves=10
num_cat=1
split_feature=1 8 12 10 3 3 14 3 5
split_gain=4.00127 4.16667 4.44444 8.1 2.43935 6.23294 2.74552 1.7042 1.45587
threshold=0 1.0000000180025095e-35 22.500000000000004 61.500000000000007 34.500000000000007 28.500000000000004 530.00000000000011 17.500000000000004 23.833333333333339
decision_type=1 2 2 2 2 2 2 2 2
left_child=1 2 -1 -4 5 6 8 -8 -2
right_child=4 -3 3 -5 -6 -7 7 -9 -10
leaf_value=-3.0370132226753556e-05 0.0027788490499306207 -0.001170723435151988 0.00076819396218246187 -9.5865132244021822e-05 5.1391329257199918e-05 -7.9856890595664262e-05 -8.5634658411493092e-05 6.6405823821291674e-05 9.1880241015473985e-07
leaf_weight=32 31 36 20 20 38 23 30 21 21
leaf_count=32 31 36 20 20 38 23 30 21 21
internal_value=0.00220588 -0.00508475 0.00138889 0.0125 0.00689655 0.00396825 0.0092233 0.000980392 0.0173077
internal_weight=272 108 72 40 164 126 103 51 52
internal_count=272 108 72 40 164 126 103 51 52
cat_boundaries=0 1
cat_threshold=864
is_linear=0
shrinkage=0.05


Tree=120
num_leaves=12
num_cat=2
split_feature=0 2 12 12 12 12 5 14 12 7 3
split_gain=4.47358 2.81667 2.70302 8.381 2.80618 3.49215 2.45 2.5 2.15111 0.9 0.4
threshold=0 1 39.500000000000007 32.500000000000007 26.500000000000004 16.500000000000004 23.833333333333339 505.00000000000006 21.500000000000004 1300000000.0000002 34.500000000000007
decision_type=9 9 2 2 2 2 2 2 2 2 2
left_child=1 9 3 4 5 -2 7 -3 -7 -1 -8
right_child=2 6 -4 -5 -6 8 10 -9 -10 -11 -12
leaf_value=0.001169572216992787 -0.0030774135678150573 -3.6080291465001582e-05 -0.011821449896897108 4.4062660311539048e-05 -0.0008599963425288238 9.7313910697227612e-05 5.9834075609899177e-05 4.0601331987399905e-05 -2.2578687849161837e-06 4.5288632059126145e-05 5.5265095021184152e-05
leaf_weight=20 33 20 22 28 24 20 20 20 25 20 20
leaf_count=20 33 20 22 28 24 20 20 20 25 20 20
internal_value=0.00404412 0.0107692 -0.00185185 0.000769231 -0.00588235 -0.00128205 0.00625 -0.0025 0.00777778 0.0225 0.015
internal_weight=272 120 152 130 102 78 80 40 45 40 40
internal_count=272 120 152 130 102 78 80 40 45 40 40
cat_boundaries=0 1 2
cat_threshold=449 1
is_linear=0
shrinkage=0.05


Tree=121
num_leaves=11
num_cat=1
split_feature=0 12 12 7 10 12 12 10 10 10
split_gain=2.87072 2.53206 4.77407 2.89897 4.11739 2.82539 2.11657 4.66341 3.61488 2.9901
threshold=0 11.500000000000002 19.500000000000004 1425000000.0000002 61.500000000000007 32.500000000000007 39.500000000000007 61.500000000000007 32.500000000000007 50.500000000000007
decision_type=9 2 2 2 2 2 2 2 2 2
left_child=6 -2 -3 5 -5 -4 7 8 -1 -10
right_child=1 2 3 4 -6 -7 -8 -9 9 -11
leaf_value=0.0017864105516722795 -0.012405730029295438 0.0016225387103801837 -1.1756449556621363e-05 0.00048759931550979019 -4.7066627487346581e-05 3.8342513147604507e-05 -0.011230377402052127 6.4045330751838489e-05 -8.412909094843713e-05 -1.6956708350335248e-06
leaf_weight=22 20 21 38 21 22 30 22 27 26 23
leaf_count=22 20 21 38 21 22 30 22 27 26 23
internal_value=0.00183824 0.00617284 0.00909091 0.00495495 0.0151163 -0.00147059 -0.00384615 -0.00102041 -0.00774648 -0.0153061
internal_weight=272 152 132 111 43 68 120 98 71 49
internal_count=272 152 132 111 43 68 120 98 71 49
cat_boundaries=0 1
cat_threshold=568
is_linear=0
shrinkage=0.05


Tree=122
num_leaves=11
num_cat=1
split_feature=0 12 12 5 10 14 12 5 5 5
split_gain=3.39755 2.62416 5.51556 2.75392 4.08333 2.59564 2.40667 1.56 2.925 1.5291
threshold=0 29.500000000000004 25.500000000000004 28.583333333333339 32.500000000000007 490.00000000000006 14.500000000000002 23.833333333333339 17.500000000000004 30.166666666666668
decision_type=9 2 2 2 2 2 2 2 2 2
left_child=6 2 3 4 -2 -3 -1 8 -8 -9
right_child=1 5 -4 -5 -6 -7 7 9 -10 -11
leaf_value=0.0018904219267414923 0.0024300527642402425 -0.001439664123614648 0.00010361529637865631 -4.1631910095984992e-05 -0.00015839380800932725 -2.2204828644234456e-06 4.8664779024321092e-05 5.9865586205631871e-05 -7.7160486908312009e-05 2.1712650148941749e-07
leaf_weight=20 24 23 23 20 24 38 32 27 20 21
leaf_count=20 24 23 23 20 24 38 32 27 20 21
internal_value=0.00257353 -0.00246914 0.00274725 -0.00441176 0.00208333 -0.0106557 0.00846154 0.006 0 0.0125
internal_weight=272 152 91 68 48 61 120 100 52 48
internal_count=272 152 91 68 48 61 120 100 52 48
cat_boundaries=0 1
cat_threshold=449
is_linear=0
shrinkage=0.05


Tree=123
num_leaves=10
num_cat=2
split_feature=0 12 10 12 10 6 2 10 3
split_gain=3.88465 3.32124 4.48959 5.7971 3.27516 2.35462 2.82965 2.28527 0.4
threshold=0 16.500000000000004 76.500000000000014 32.500000000000007 47.500000000000007 23.183333333333337 1 66.500000000000014 28.500000000000004
decision_type=9 2 2 2 2 2 9 2 2
left_child=5 -2 3 4 -3 6 -1 -7 -6
right_child=1 2 -4 -5 8 7 -8 -9 -10
leaf_value=0.00026707665744760692 -0.0029114167444763694 0.00012336198739824056 -0.0013676809174338446 0.00013282627039501449 -0.00048706393980504361 0.00026571168408158209 -1.913655246976731e-05 2.6498116022466434e-05 -3.5097917855608785e-06
leaf_weight=24 33 29 27 23 20 36 38 22 20
leaf_count=24 33 29 27 23 20 36 38 22 20
internal_value=0.00294118 -0.00246914 0.0012605 0.00652174 -0.000724638 0.00923077 0.00322581 0.0172414 -0.01
internal_weight=272 152 119 92 69 120 62 58 40
internal_count=272 152 119 92 69 120 62 58 40
cat_boundaries=0 1 2
cat_threshold=449 1
is_linear=0
shrinkage=0.05


Tree=124
num_leaves=10
num_cat=0
split_feature=12 12 12 12 12 12 12 8 14
split_gain=3.7072 10.6186 9.00779 5.48571 4.16529 3.5775 5.92001 2.45429 2.35111
threshold=19.500000000000004 22.500000000000004 8.5000000000000018 13.500000000000002 29.500000000000004 35.500000000000007 39.500000000000007 1.0000000180025095e-35 530.00000000000011
decision_type=2 2 2 2 2 2 2 2 2
left_child=2 -2 -1 -4 7 8 -7 -3 -6
right_child=1 4 3 -5 5 6 -8 -9 -10
leaf_value=-0.024730374660946852 -3.4943433025702576e-05 0.00055036782319426434 0.0024016418369642526 0.0009703730723347626 -1.1218396232592909e-05 4.8515712782659649e-05 -0.002430888009060972 4.0573668640497834e-05 -0.00012269207752977352
leaf_weight=22 31 37 20 28 25 34 32 23 20
leaf_count=22 31 37 20 28 25 34 32 23 20
internal_value=0.00294118 -0.00049505 0.0128571 0.025 0.00438596 -0.00135135 0.00606061 0.015 -0.0122222
internal_weight=272 202 70 48 171 111 66 60 45
internal_count=272 202 70 48 171 111 66 60 45
is_linear=0
shrinkage=0.05


Tree=125
num_leaves=11
num_cat=1
split_feature=0 3 5 5 6 5 3 7 7 10
split_gain=4.15445 4.74178 3.33516 4.3711 1.64983 2.78867 2.76042 1.14783 0.557724 0.452174
threshold=0 35.500000000000007 26.500000000000004 22.416666666666668 25.550000000000004 33.166666666666679 21.500000000000004 1150000000.0000002 1300000000.0000002 47.500000000000007
decision_type=9 2 2 2 2 2 2 2 2 2
left_child=4 2 3 7 6 -6 -1 -2 -4 -9
right_child=1 -3 8 -5 5 -7 -8 9 -10 -11
leaf_value=5.3283502817969008e-05 0.00034628386621116114 -2.4997954953542845e-05 6.7892465263952317e-05 -0.0027520580072183166 7.7730860658231657e-05 4.4298973866929714e-07 -3.3817760792409504e-05 -0.00015100024631884424 0.00012262401532794342 6.4689723089372822e-08
leaf_weight=39 20 24 21 21 34 20 27 20 20 26
leaf_count=39 20 24 21 21 34 20 27 20 20 26
internal_value=0.00110294 -0.00432099 -0.00078125 -0.00632184 0.00769231 0.0148148 0.0030303 0 0.0109756 -0.00434783
internal_weight=272 152 128 87 120 54 66 66 41 46
internal_count=272 152 128 87 120 54 66 66 41 46
cat_boundaries=0 1
cat_threshold=452
is_linear=0
shrinkage=0.05


Tree=126
num_leaves=11
num_cat=1
split_feature=6 6 6 6 12 7 14 2 12 7
split_gain=2.99445 3.51814 6.75518 3.18832 6.40052 1.77094 1.19957 2.45778 1.47759 0.86689
threshold=33.166666666666679 25.550000000000004 23.083333333333339 28.916666666666668 27.500000000000004 1300000000.0000002 530.00000000000011 0 26.500000000000004 1550000000.0000002
decision_type=2 2 2 2 2 2 2 9 2 2
left_child=1 2 6 5 -5 -3 7 -1 -9 -8
right_child=-2 3 -4 4 -6 -7 9 8 -10 -11
leaf_value=-3.101263161333634e-05 -2.4724446828905401e-05 5.2221777872674124e-05 -7.4162491305784792e-05 -2.735901560484422e-05 7.2273096119701571e-05 0.00019484913966500984 3.6882851471720107e-05 0.0004857025100703627 8.5529391858507611e-05 -9.186919225498969e-05
leaf_weight=28 21 23 37 22 28 21 26 26 20 20
leaf_count=28 21 23 37 22 28 21 26 26 20 20
internal_value=0.00147059 0.00298805 -0.00159236 0.0106383 0.002 0.0204545 0.00416667 0.00810811 0.0152174 -0.00217391
internal_weight=272 251 157 94 50 44 120 74 46 46
internal_count=272 251 157 94 50 44 120 74 46 46
cat_boundaries=0 1
cat_threshold=2
is_linear=0
shrinkage=0.05


Tree=127
num_leaves=11
num_cat=1
split_feature=0 3 6 6 6 12 12 14 5 14
split_gain=3.73052 5.59809 3.90419 8.4209 3.38936 2.66667 2.24009 3.56125 2.19651 1.99953
threshold=0 37.500000000000007 25.708333333333339 23.183333333333337 28.916666666666668 14.500000000000002 22.500000000000004 450.00000000000006 17.833333333333339 505.00000000000006
decision_type=9 2 2 2 2 2 2 2 2 2
left_child=5 2 3 9 -4 -1 -7 -8 -9 -2
right_child=1 -3 4 -5 -6 6 7 8 -10 -11
leaf_value=0.0016384505546476191 8.2326692026590828e-05 -2.2445970645090799e-05 0.000185106682681635 -0.00142339152051294 -9.6868444923181585e-06 -1.1358449957654671e-05 9.7712367371904926e-05 4.2616999783184897e-05 -4.9493742733375259e-05 -0.00010282808859729542
leaf_weight=20 31 22 21 20 30 22 24 20 34 28
leaf_count=20 31 22 21 20 30 22 24 20 34 28
internal_value=0.00147059 -0.0037037 0 -0.00696203 0.0107843 0.00769231 0.005 0.00897436 0.00185185 0.00254237
internal_weight=272 152 130 79 51 120 100 78 54 59
internal_count=272 152 130 79 51 120 100 78 54 59
cat_boundaries=0 1
cat_threshold=449
is_linear=0
shrinkage=0.05


Tree=128
num_leaves=10
num_cat=1
split_feature=3 5 3 3 2 5 6 6 7
split_gain=3.47318 3.15976 2.61965 4.09735 3.95967 4.94728 3.39784 2.97514 1.48643
threshold=36.500000000000007 31.416666666666668 17.500000000000004 21.500000000000004 0 17.500000000000004 25.550000000000004 28.916666666666668 1300000000.0000002
decision_type=2 2 2 2 9 2 2 2 2
left_child=2 -2 4 -4 -1 -6 8 -8 -5
right_child=1 -3 3 6 5 -7 7 -9 -10
leaf_value=0.00032571948581301414 3.5292126019470514e-05 -1.7881692107124538e-05 0.00031063049299930869 6.4683429037559756e-05 7.4739111362021049e-06 -0.0017105145850089265 6.1863092120661997e-05 3.0855119180017711e-05 -0.00086922294306717167
leaf_weight=36 23 20 32 22 33 20 22 37 27
leaf_count=36 23 20 32 22 33 20 22 37 27
internal_value=0.00257353 -0.0104651 0.00502183 0.00928571 -0.00168539 -0.0103774 0.00462963 0.0127119 -0.00510204
internal_weight=272 43 229 140 89 53 108 59 49
internal_count=272 43 229 140 89 53 108 59 49
cat_boundaries=0 1
cat_threshold=1
is_linear=0
shrinkage=0.05


Tree=129
num_leaves=10
num_cat=3
split_feature=3 5 1 5 12 3 2 6 2
split_gain=3.28007 3.15976 3.12664 3.74657 2.66678 2.14647 2.283 1.97132 3.47726
threshold=36.500000000000007 31.416666666666668 0 27.833333333333339 19.500000000000004 11.500000000000002 1 19.583333333333339 2
decision_type=2 2 1 2 2 2 9 2 9
left_child=2 -2 4 5 -1 -4 -7 -6 -9
right_child=1 -3 3 -5 7 6 -8 8 -10
leaf_value=0.003020495116104627 3.3527519718390407e-05 -1.6987607501839363e-05 1.4746166700607688e-05 4.919982553417413e-05 -7.1272210705686234e-05 -0.00073393058804089868 -2.1062239598990119e-05 -4.5998732576002514e-05 8.9729212467659644e-05
leaf_weight=33 23 20 30 30 23 21 31 24 37
leaf_count=33 23 20 30 30 23 21 31 24 37
internal_value=0.00220588 -0.0104651 0.00458515 -0.00163934 0.00984252 -0.00731707 -0.0134615 0.00595238 0.0106557
internal_weight=272 43 229 112 117 82 52 84 61
internal_count=272 43 229 112 117 82 52 84 61
cat_boundaries=0 1 2 3
cat_threshold=682 1 4
is_linear=0
shrinkage=0.05


Tree=130
num_leaves=11
num_cat=0
split_feature=10 12 6 10 12 12 7 6 12 3
split_gain=2.77946 5.0596 2.12251 3.91455 3.21978 6.22588 2.5098 2.51499 2.01414 1.32965
threshold=16.500000000000004 13.500000000000002 18.633333333333336 50.500000000000007 32.500000000000007 39.500000000000007 1300000000.0000002 25.083333333333339 24.500000000000004 26.500000000000004
decision_type=2 2 2 2 2 2 2 2 2 2
left_child=-1 -2 3 -3 6 9 7 -4 -8 -6
right_child=1 2 4 -5 5 -7 8 -9 -10 -11
leaf_value=-0.023475551071456824 0.0021052469936058585 8.3144126164125265e-05 3.9332939535796645e-05 -9.6570633616366316e-05 4.5725595627743593e-05 -0.0012393165110362149 8.9341705055367981e-05 -0.00014158143475277997 -0.00023488777597995282 5.4307743787163079e-05
leaf_weight=20 22 24 20 29 22 24 29 31 22 29
leaf_count=20 22 24 20 29 22 24 29 31 22 29
internal_value=0.00294118 0.00436508 0.00217391 -0.00660377 0.00480226 0.0126667 -0.000980392 -0.00882353 0.00686275 0.022549
internal_weight=272 252 230 53 177 75 102 51 51 51
internal_count=272 252 230 53 177 75 102 51 51 51
is_linear=0
shrinkage=0.05


Tree=131
num_leaves=9
num_cat=0
split_feature=12 12 12 12 10 12 12 6
split_gain=2.83449 3.89104 3.98613 5.05769 4.62214 4.40833 5.25952 1.11111
threshold=11.500000000000002 19.500000000000004 22.500000000000004 29.500000000000004 67.500000000000014 39.500000000000007 35.500000000000007 26.100000000000005
decision_type=2 2 2 2 2 2 2 2
left_child=-1 -2 -3 7 -5 6 -6 -4
right_child=1 2 3 4 5 -7 -8 -9
leaf_value=-0.00018037914646082954 0.0022064736709366708 -2.6465916680606939e-05 0.00030142839215496764 -0.0001103244011211757 -2.5346931083092273e-05 -0.0021846260390333328 4.7891184941839532e-05 9.3075060797875875e-05
leaf_weight=31 39 31 36 31 20 32 28 24
leaf_count=31 39 31 36 31 20 32 28 24
internal_value=0.00294118 0.00477178 0.0019802 0.00497076 -0.00135135 0.005 0.0145833 0.0166667
internal_weight=272 241 202 171 111 80 48 60
internal_count=272 241 202 171 111 80 48 60
is_linear=0
shrinkage=0.05


Tree=132
num_leaves=9
num_cat=0
split_feature=12 12 12 12 12 12 6 5
split_gain=2.98283 3.67092 4.22896 4.56456 4.19503 7.13926 1.11111 0.871111
threshold=11.500000000000002 19.500000000000004 22.500000000000004 29.500000000000004 35.500000000000007 39.500000000000007 26.100000000000005 23.833333333333339
decision_type=2 2 2 2 2 2 2 2
left_child=-1 -2 -3 6 7 -6 -4 -5
right_child=1 2 3 4 5 -7 -8 -9
leaf_value=-0.00017136018913781472 0.0020961499873898503 -2.5142620846629882e-05 0.00028635697254717488 -0.0001458799224137053 3.3517628227919262e-05 -0.0020753947370817372 8.8421307758057577e-05 -5.2173049962078728e-06
leaf_weight=31 39 31 36 20 34 32 24 25
leaf_count=31 39 31 36 20 34 32 24 25
internal_value=0.00330882 0.00518672 0.00247525 0.00555556 -0.00045045 0.00757576 0.0166667 -0.0122222
internal_weight=272 241 202 171 111 66 60 45
internal_count=272 241 202 171 111 66 60 45
is_linear=0
shrinkage=0.05


Tree=133
num_leaves=10
num_cat=0
split_feature=12 12 12 12 7 10 6 10 6
split_gain=2.83449 2.9539 5.43647 7.15532 3.38878 3.3049 2.21749 1.89435 0.491521
threshold=11.500000000000002 39.500000000000007 32.500000000000007 28.500000000000004 800000000.00000012 33.500000000000007 22.583333333333339 67.500000000000014 24.583333333333339
decision_type=2 2 2 2 2 2 2 2 2
left_child=-1 2 3 4 -2 -6 -7 -4 -9
right_child=1 -3 7 -5 5 6 -8 8 -10
leaf_value=-0.00016279217968095949 -5.9875845053447566e-05 -0.0019716250002275617 3.6324014242694605e-06 -0.0015075516004806389 0.00084456010973883451 -4.0429466551650255e-05 4.7587995240849779e-05 0.00011869668608035512 3.1739586317591777e-05
leaf_weight=31 23 32 21 23 28 35 38 21 20
leaf_count=31 23 32 21 23 28 35 38 21 20
internal_value=0.00294118 0.00477178 0.0069378 0.00170068 0.00645161 0.010396 0.00479452 0.0193548 0.0256098
internal_weight=272 241 209 147 124 101 73 62 41
internal_count=272 241 209 147 124 101 73 62 41
is_linear=0
shrinkage=0.05


Tree=134
num_leaves=10
num_cat=0
split_feature=12 12 10 12 12 12 10 10 6
split_gain=2.81611 6.96851 3.92649 2.89734 5.48075 5.39969 2.53968 1.89435 0.491521
threshold=32.500000000000007 39.500000000000007 60.500000000000007 22.500000000000004 19.500000000000004 11.500000000000002 49.500000000000007 67.500000000000014 24.583333333333339
decision_type=2 2 2 2 2 2 2 2 2
left_child=2 7 3 4 5 -1 -5 -2 -9
right_child=1 -3 -4 6 -6 -7 -8 8 -10
leaf_value=-0.00015465257069688932 3.4507813531092779e-06 -0.0018730437502160414 -0.00080468867262037955 0.00078536033783880308 -2.0891697551661537e-05 0.0019491144825334317 3.6922184007970316e-06 0.00011276185177635512 3.0152607001632249e-05
leaf_weight=31 21 32 21 20 31 39 36 21 20
leaf_count=31 21 32 21 20 31 39 36 21 20
internal_value=0.00257353 0.00957447 -0.0011236 0.00159236 -0.00346535 0.00428571 0.0107143 0.0193548 0.0256098
internal_weight=272 94 178 157 101 70 56 62 41
internal_count=272 94 178 157 101 70 56 62 41
is_linear=0
shrinkage=0.05


Tree=135
num_leaves=11
num_cat=0
split_feature=12 12 12 7 12 12 12 6 10 6
split_gain=2.81611 6.96851 3.59314 2.67122 4.3914 3.09674 3.64219 2.5 1.89435 0.491521
threshold=32.500000000000007 39.500000000000007 28.500000000000004 800000000.00000012 11.500000000000002 19.500000000000004 22.500000000000004 22.583333333333339 67.500000000000014 24.583333333333339
decision_type=2 2 2 2 2 2 2 2 2 2
left_child=2 8 3 -1 -5 -6 -7 -8 -2 -10
right_child=1 -3 -4 4 5 6 7 -9 9 -11
leaf_value=-5.5837467923147699e-05 3.2782422856314497e-06 -0.0017793915627052571 -0.0014323586313766514 -0.022142670989306581 0.0027883621414723338 -8.7398836816632297e-06 2.177579529405449e-05 9.2760822360204997e-05 0.00010712375918764394 2.8644976651470701e-05
leaf_weight=29 21 32 23 25 35 26 20 20 21 20
leaf_count=29 21 32 23 25 35 26 20 20 21 20
internal_value=0.00257353 0.00957447 -0.0011236 0.0016129 0.0047619 0.00940594 0.0030303 0.0125 0.0193548 0.0256098
internal_weight=272 94 178 155 126 101 66 40 62 41
internal_count=272 94 178 155 126 101 66 40 62 41
is_linear=0
shrinkage=0.05


Tree=136
num_leaves=9
num_cat=2
split_feature=1 3 6 10 10 3 2 7
split_gain=2.94099 3.6344 4.28635 2.66193 5.74626 2.64557 2.59615 2.7
threshold=0 30.500000000000004 19.583333333333339 30.000000000000004 44.000000000000007 33.500000000000007 1 1425000000.0000002
decision_type=1 2 2 2 2 2 9 2
left_child=1 2 -1 -2 -5 6 -6 -8
right_child=3 -3 -4 4 5 -7 7 -9
leaf_value=-7.8764799880737268e-05 0.0034851579649349154 -0.00011980634783990141 3.3886998251730918e-05 -3.0497128410722498e-05 0.00013416678671536176 6.6569347053402339e-05 4.9488112332518597e-05 -0.000303721734315765
leaf_weight=35 28 36 39 33 26 21 30 24
leaf_count=35 28 36 39 33 26 21 30 24
internal_value=0.00294118 -0.00333333 0.0027027 0.00697674 0.00447761 0.010396 0.00625 0
internal_weight=272 110 74 162 134 101 80 54
internal_count=272 110 74 162 134 101 80 54
cat_boundaries=0 1 2
cat_threshold=840 1
is_linear=0
shrinkage=0.05


Tree=137
num_leaves=11
num_cat=1
split_feature=10 12 0 12 6 5 6 12 10 6
split_gain=2.66671 7.47831 2.85383 2.86503 3.04775 2.69045 6.36164 3.42857 2.66667 0.1
threshold=16.500000000000004 13.500000000000002 0 22.500000000000004 26.366666666666671 26.500000000000004 31.450000000000003 24.500000000000004 67.500000000000014 21.083333333333339
decision_type=2 2 9 2 2 2 2 2 2 2
left_child=-1 -2 3 -3 9 7 -7 -4 -9 -5
right_child=1 2 5 4 -6 6 -8 8 -10 -11
leaf_value=-0.02170679881449096 0.0016858338438448417 -6.2308389145115944e-06 4.1235288779262195e-05 9.0788202210934099e-05 2.8050853003946941e-06 4.7716764019867244e-05 -4.6433222172836966e-05 -0.00064400527552201938 -6.1930118344477594e-05 0.00015344534167356373
leaf_weight=20 22 31 21 20 31 32 21 27 27 20
leaf_count=20 22 31 21 20 31 32 21 27 27 20
internal_value=0.00257353 0.00396825 0.00130435 0.00714286 0.0133803 -0.00362319 0.00471698 -0.01 -0.0166667 0.0225
internal_weight=272 252 230 102 71 128 53 75 54 40
internal_count=272 252 230 102 71 128 53 75 54 40
cat_boundaries=0 1
cat_threshold=228
is_linear=0
shrinkage=0.05


Tree=138
num_leaves=10
num_cat=0
split_feature=10 12 12 12 12 12 6 8 3
split_gain=2.77946 7.26672 2.78468 3.2407 2.76274 3.8654 2.50358 1.86243 1.22864
threshold=16.500000000000004 13.500000000000002 22.500000000000004 39.500000000000007 32.500000000000007 28.500000000000004 22.416666666666668 1.0000000180025095e-35 26.500000000000004
decision_type=2 2 2 2 2 2 2 2 2
left_child=-1 -2 6 4 5 7 -3 -4 -6
right_child=1 2 3 -5 8 -7 -8 -9 -10
leaf_value=-0.020621458873766409 0.0016015421516525576 -0.00013878332183647757 0.00033644903896234979 -0.0016825090855034476 2.980681013795561e-05 -0.0013524287213071418 2.8297065696847315e-06 -1.0606212929076265e-05 4.0380397559047765e-05
leaf_weight=20 22 26 33 32 33 23 33 21 29
leaf_count=20 22 26 33 32 33 23 33 21 29
internal_value=0.00294118 0.00436508 0.00173913 0.00497076 0.00827338 0.00194805 -0.00762712 0.00925926 0.016129
internal_weight=272 252 230 171 139 77 59 54 62
internal_count=272 252 230 171 139 77 59 54 62
is_linear=0
shrinkage=0.05


Tree=139
num_leaves=10
num_cat=3
split_feature=1 3 6 5 14 2 14 2 5
split_gain=3.82656 2.81933 2.13818 4.34389 2.07045 1.61856 1.76118 1.61333 1.51363
threshold=0 28.500000000000004 22.583333333333339 28.583333333333339 530.00000000000011 1 490.00000000000006 2 21.416666666666668
decision_type=1 2 2 2 2 9 2 9 2
left_child=2 5 7 -4 -3 -2 -7 -1 -8
right_child=1 4 3 -5 -6 6 8 -9 -10
leaf_value=-0.00021700909744835073 1.0832105393276948e-05 -4.358125041772354e-05 0.00025435023392623713 -1.4762688167913041e-05 2.4485901463133788e-05 0.0028969789848645178 2.7115914104669515e-05 -3.4060295051219218e-05 0.00010462830763886545
leaf_weight=20 31 29 26 34 30 25 27 30 20
leaf_count=20 31 29 26 34 30 25 27 30 20
internal_value=0.00110294 0.00581395 -0.00583333 0 -0.00254237 0.011165 0.0152778 -0.014 0.00957447
internal_weight=272 162 110 60 59 103 72 50 47
internal_count=272 162 110 60 59 103 72 50 47
cat_boundaries=0 1 2 3
cat_threshold=344 4 1
is_linear=0
shrinkage=0.05


Tree=140
num_leaves=10
num_cat=2
split_feature=0 15 7 3 3 14 7 6 6
split_gain=4.05785 3.78089 4.81333 3.62804 4.31703 2.07879 1.63333 1.22616 1.08572
threshold=0 1 1425000000.0000002 17.500000000000004 28.500000000000004 530.00000000000011 1300000000.0000002 24.708333333333339 23.183333333333337
decision_type=9 9 2 2 2 2 2 2 2
left_child=6 2 -2 -3 -5 -6 8 -8 -1
right_child=1 3 -4 4 5 -7 7 -9 -10
leaf_value=-4.2526938127629425e-05 -7.2366292675862812e-05 -0.00063392595100388862 0.0049311276998843748 6.2958488190645315e-05 -0.00019585949282636684 -1.2027527759528312e-06 2.2283977500148211e-05 5.0483247125399094e-05 2.905460403930249e-05
leaf_weight=31 30 23 20 37 22 20 38 22 29
leaf_count=31 30 23 20 37 22 20 38 22 29
internal_value=0.000367647 -0.00493827 0.006 -0.0107843 -0.0056962 -0.0166667 0.00692308 0.0133333 0.00166667
internal_weight=272 152 50 102 79 42 120 60 60
internal_count=272 152 50 102 79 42 120 60 60
cat_boundaries=0 1 2
cat_threshold=389 4
is_linear=0
shrinkage=0.05


Tree=141
num_leaves=11
num_cat=1
split_feature=0 5 12 6 10 5 12 12 6 3
split_gain=4.15445 4.10368 3.96825 3.81517 3.65115 2.69829 2.63377 3.6 2.37576 0.949451
threshold=0 24.166666666666668 16.500000000000004 21.083333333333339 71.500000000000014 29.166666666666668 29.500000000000004 34.500000000000007 25.366666666666671 11.500000000000002
decision_type=9 2 2 2 2 2 2 2 2 2
left_child=2 3 -1 9 5 -3 8 -8 -4 -2
right_child=1 4 6 -5 -6 -7 7 -9 -10 -11
leaf_value=-0.00015755346172534603 1.7693637725990642e-05 -6.4878988412253599e-05 6.4386762731416522e-05 0.00021367467064195014 3.6576741550220505e-06 -3.9827614379017723e-05 -0.0011524703070220355 1.780528963770678e-05 0.0030545287839914615 -0.00032397784393989326
leaf_weight=36 39 22 20 21 25 24 20 20 24 21
leaf_count=36 39 22 20 21 25 24 20 20 24 21
internal_value=0.00110294 -0.00432099 0.00769231 0.00308642 -0.0133803 -0.0217391 0.0142857 0.005 0.0227273 -0.00333333
internal_weight=272 152 120 81 71 46 84 40 44 60
internal_count=272 152 120 81 71 46 84 40 44 60
cat_boundaries=0 1
cat_threshold=420
is_linear=0
shrinkage=0.05


Tree=142
num_leaves=11
num_cat=0
split_feature=12 12 12 12 7 3 5 12 5 3
split_gain=2.61833 4.81889 3.11687 5.73576 5.18571 2.87419 2.50216 2.57143 0.9 0.1
threshold=32.500000000000007 39.500000000000007 19.500000000000004 22.500000000000004 1425000000.0000002 20.500000000000004 30.583333333333339 26.500000000000004 29.166666666666668 24.500000000000004
decision_type=2 2 2 2 2 2 2 2 2 2
left_child=2 5 4 -4 9 -2 7 -5 -7 -1
right_child=1 -3 3 6 -6 8 -8 -9 -10 -11
leaf_value=-0.00010515960310391037 4.0780743145063527e-06 -0.001704537960193342 -5.8568920086621291e-05 0.00018232131446342949 0.0030790552048840514 3.9622096175051526e-05 -6.7089854763757733e-05 -0.00031173630560372701 3.6427947643069561e-05 -0.00023925370448192319
leaf_weight=20 22 32 31 28 30 20 21 28 20 20
leaf_count=20 22 32 31 28 30 20 21 28 20 20
internal_value=-0.000367647 0.00638298 -0.00393258 -0.00925926 0.00428571 0.0145161 -0.00194805 0.00357143 0.0225 -0.0075
internal_weight=272 94 178 108 70 62 77 56 40 40
internal_count=272 94 178 108 70 62 77 56 40 40
is_linear=0
shrinkage=0.05


Tree=143
num_leaves=10
num_cat=1
split_feature=1 12 12 3 3 5 10 10 5
split_gain=2.61185 2.54554 5.23724 3.92727 3.92469 3.02418 2.04999 2.99246 1.92
threshold=0 32.500000000000007 13.500000000000002 15.500000000000002 15.500000000000002 27.833333333333339 76.500000000000014 54.500000000000007 19.166666666666668
decision_type=1 2 2 2 2 2 2 2 2
left_child=6 2 -2 -3 -4 -6 7 8 -1
right_child=1 3 4 -5 5 -7 -8 -9 -10
leaf_value=-8.2812553116262674e-06 0.00052178705945835622 -8.5675942014162851e-05 0.00013520128100710238 0.0001005800203060403 -0.00047426198277142898 -5.8941862597805541e-06 -0.00044198341840200332 4.931138744446173e-06 -0.00022729101925782482
leaf_weight=20 32 22 24 33 24 29 21 37 30
leaf_count=20 32 22 24 33 24 29 21 37 30
internal_value=-0.00110294 0.00287356 -0.00137615 0.0118182 -0.00844156 -0.0160377 -0.00677966 -0.00402299 -0.012
internal_weight=272 164 109 55 77 53 108 87 50
internal_count=272 164 109 55 77 53 108 87 50
cat_boundaries=0 1
cat_threshold=960
is_linear=0
shrinkage=0.05


Tree=144
num_leaves=10
num_cat=2
split_feature=10 12 12 12 10 5 2 3 2
split_gain=2.138 6.16602 2.99296 4.27594 4.39121 4.10948 3.85496 6.40534 1.48643
threshold=16.500000000000004 13.500000000000002 27.500000000000004 24.500000000000004 37.500000000000007 17.500000000000004 0 24.500000000000004 1
decision_type=2 2 2 2 2 2 9 2 9
left_child=-1 -2 3 4 -3 -4 -7 -8 -9
right_child=1 2 5 -5 -6 6 7 8 -10
leaf_value=-0.019673349950735598 0.0014447973372341051 -0.00011851811349332664 9.777081662747378e-05 -0.00016783231520838273 9.019449809315461e-05 0.0012943873524125849 -0.0011530752274378387 -1.4355974544955076e-05 3.0650055322212211e-05
leaf_weight=20 22 39 23 32 35 27 25 22 27
leaf_count=20 22 39 23 32 35 27 25 22 27
internal_value=0.000735294 0.00198413 -0.000434783 -0.00660377 0 0.00483871 0.00049505 -0.00540541 0.00510204
internal_weight=272 252 230 106 74 124 101 74 49
internal_count=272 252 230 106 74 124 101 74 49
cat_boundaries=0 1 2
cat_threshold=1 2
is_linear=0
shrinkage=0.05


Tree=145
num_leaves=10
num_cat=2
split_feature=1 6 12 10 12 12 6 2 6
split_gain=2.93825 6.22963 4.2508 4.89559 3.27449 3.72438 3.12567 3.06348 1.96037
threshold=0 23.750000000000004 16.500000000000004 47.500000000000007 32.500000000000007 39.500000000000007 24.583333333333339 1 20.366666666666671
decision_type=1 2 2 2 2 2 2 9 2
left_child=1 8 -2 -4 6 -6 -5 -3 -1
right_child=2 7 3 4 5 -7 -8 -9 -10
leaf_value=0.00013630462270564081 -0.00091182710968382716 -0.00022265133402212813 0.0025973950702818274 -0.00074283220274935508 3.1929207691661075e-05 -0.0062685024869814756 -2.4484307497019131e-06 1.6333140922064617e-05 0.0004242451690842586
leaf_weight=26 33 22 31 20 39 20 21 38 22
leaf_count=26 33 22 31 20 39 20 21 38 22
internal_value=0.000735294 0.00677966 -0.00344828 0.000381679 -0.005 0.00254237 -0.0158537 -0.00333333 0.0208333
internal_weight=272 108 164 131 100 59 41 60 48
internal_count=272 108 164 131 100 59 41 60 48
cat_boundaries=0 1 2
cat_threshold=163 1
is_linear=0
shrinkage=0.05


Tree=146
num_leaves=11
num_cat=2
split_feature=1 12 2 12 12 12 10 3 3 6
split_gain=3.28122 5.05438 5.17598 4.63987 5.41173 4.35135 3.18462 2.91731 1.95014 1.0741
threshold=0 22.500000000000004 1 13.500000000000002 27.500000000000004 33.500000000000007 80.500000000000014 15.500000000000002 24.500000000000004 27.083333333333339
decision_type=1 2 9 2 2 2 2 2 2 2
left_child=1 -1 -3 -2 7 -6 -7 -5 -4 -9
right_child=3 2 8 4 5 6 -8 9 -10 -11
leaf_value=-0.00017865540153820804 0.0029336005880752584 4.3860419742713931e-05 8.3193250961954856e-06 1.5938282694794025e-05 0.0012711109866634374 -1.8986695874545491e-05 0.00017988098345433912 -0.00020282080782312308 -0.00096379096883154609 -3.1199839173012835e-05
leaf_weight=39 29 21 23 20 28 26 20 21 25 20
leaf_count=39 29 21 23 20 28 26 20 21 25 20
internal_value=-0.000367647 -0.00677966 0.000724638 0.00402299 0.00037037 0.00945946 0 -0.0106557 -0.00833333 -0.0182927
internal_weight=272 108 69 164 135 74 46 61 48 41
internal_count=272 108 69 164 135 74 46 61 48 41
cat_boundaries=0 1 2
cat_threshold=836 4
is_linear=0
shrinkage=0.05


Tree=147
num_leaves=10
num_cat=0
split_feature=3 10 6 12 12 6 12 10 10
split_gain=2.35932 2.45261 4.7619 1.34865 4.61722 3.76254 2.58548 1.78837 3.00195
threshold=28.500000000000004 50.500000000000007 29.733333333333338 22.500000000000004 19.500000000000004 22.583333333333339 39.500000000000007 67.500000000000014 55.500000000000007
decision_type=2 2 2 2 2 2 2 2 2
left_child=3 -2 -3 4 5 -1 7 8 -5
right_child=1 2 -4 6 -6 -7 -8 -9 -10
leaf_value=-2.475476585757086e-05 -0.00024409859842791095 -7.6963820072784028e-05 3.1282082100858592e-05 0.00044447747979656785 -0.00015295384210034513 0.0039400570011418612 -0.0094113336192563693 4.6179670235702021e-05 -4.8295187619729063e-05
leaf_weight=26 35 36 27 28 25 20 23 29 23
leaf_count=26 35 36 27 28 25 20 23 29 23
internal_value=0.00110294 -0.00510204 0.000793651 0.0045977 -0.000704225 0.00869565 0.00825243 0.0125 0.00686275
internal_weight=272 98 63 174 71 46 103 80 51
internal_count=272 98 63 174 71 46 103 80 51
is_linear=0
shrinkage=0.05


Tree=148
num_leaves=11
num_cat=0
split_feature=12 12 12 10 5 6 7 14 5 5
split_gain=2.52994 6.02219 2.48927 2.54994 2.35809 2.49593 7.58672 2.19846 2.14776 1.5254
threshold=16.500000000000004 12.500000000000002 20.500000000000004 45.500000000000007 13.500000000000002 27.666666666666668 1550000000.0000002 490.00000000000006 25.166666666666668 21.416666666666668
decision_type=2 2 2 2 2 2 2 2 2 2
left_child=1 -1 -2 -4 -5 6 8 -7 9 -6
right_child=2 -3 3 4 5 7 -8 -9 -10 -11
leaf_value=0.000287487360883798 5.8220057657454306e-05 -0.0018980647290413712 -0.00020822167834877447 6.5251261529652998e-05 2.831066255701842e-05 -9.0416065470222415e-07 -0.00056938295645370118 9.5261987894801345e-05 -6.8511570898266434e-06 0.00012221000559708983
leaf_weight=37 28 20 20 20 21 26 28 27 21 24
leaf_count=37 28 20 20 20 21 26 28 27 21 24
internal_value=0.00147059 -0.00789474 0.00395349 0.00187166 0.00389222 0.00170068 -0.00319149 0.0103774 0.00606061 0.0122222
internal_weight=272 57 215 187 167 147 94 53 66 45
internal_count=272 57 215 187 167 147 94 53 66 45
is_linear=0
shrinkage=0.05


Tree=149
num_leaves=11
num_cat=1
split_feature=10 12 12 12 3 10 2 3 12 6
split_gain=2.77946 7.26672 3.90384 4.85964 3.55882 2.99727 2.46693 2.11765 1.00087 0.491521
threshold=16.500000000000004 13.500000000000002 32.500000000000007 39.500000000000007 22.500000000000004 67.500000000000014 0 33.500000000000007 22.500000000000004 24.583333333333339
decision_type=2 2 2 2 2 2 9 2 2 2
left_child=-1 -2 4 5 6 -4 -3 -6 -8 -7
right_child=1 2 3 -5 7 9 8 -9 -10 -11
leaf_value=-0.018737847155706613 0.0013628591575349791 -0.0001035322876779432 3.3738477984712745e-06 -0.001346609503169205 -0.00023038282654841424 8.5368277784425575e-05 2.3446655059888855e-05 -3.6876358159076975e-06 0.00012274122470383732 2.2585769804983614e-05
leaf_weight=20 22 26 21 32 34 21 20 34 22 20
leaf_count=20 22 26 21 32 34 21 20 34 22 20
internal_value=0.00294118 0.00436508 0.00173913 0.00957447 -0.00367647 0.0177419 0.00441176 -0.0117647 0.0119048 0.0256098
internal_weight=272 252 230 94 136 62 68 68 42 41
internal_count=272 252 230 94 136 62 68 68 42 41
cat_boundaries=0 1
cat_threshold=2
is_linear=0
shrinkage=0.05


Tree=150
num_leaves=11
num_cat=0
split_feature=12 6 3 12 5 5 14 10 10 3
split_gain=3.40403 4.46353 4.36714 4.27775 3.38619 3.1307 1.89631 1.7415 1.44928 1.11075
threshold=32.500000000000007 29.733333333333338 22.500000000000004 39.500000000000007 23.166666666666668 17.833333333333339 490.00000000000006 68.500000000000014 30.000000000000004 33.500000000000007
decision_type=2 2 2 2 2 2 2 2 2 2
left_child=2 3 4 7 5 6 -1 -2 -4 -10
right_child=1 -3 8 -5 -6 -7 -8 -9 9 -11
leaf_value=-2.372013946008167e-05 3.2051554086365286e-06 7.6751318315970707e-05 5.0587891915476746e-06 -0.0088827250268469268 9.9394547956599411e-05 -0.0016422722496323594 0.00013369128326150561 3.5069761106321094e-05 -0.00021760157137684644 -1.0714479419160484e-05
leaf_weight=21 21 21 23 24 20 20 25 28 35 34
leaf_count=21 21 21 23 24 20 20 25 28 35 34
internal_value=0.00294118 0.0106383 -0.0011236 0.00479452 0.00697674 0.00151515 0.00869565 0.0132653 -0.00869565 -0.0123188
internal_weight=272 94 178 73 86 66 46 49 92 69
internal_count=272 94 178 73 86 66 46 49 92 69
is_linear=0
shrinkage=0.05


Tree=151
num_leaves=10
num_cat=1
split_feature=16 10 12 10 12 5 12 3 3
split_gain=3.74892 5.49593 3.8592 3.53442 8.01901 2.14077 1.82301 2.08556 3.22165
threshold=0 36.500000000000007 24.500000000000004 36.500000000000007 32.500000000000007 23.166666666666668 27.500000000000004 26.500000000000004 18.500000000000004
decision_type=1 2 2 2 2 2 2 2 2
left_child=3 5 -3 -1 -5 -2 -4 8 -8
right_child=1 2 6 4 -6 -7 7 -9 -10
leaf_value=0.00027453921806195328 -0.0039945181533883826 6.4090102780500763e-05 -0.00018719415558292597 -4.7963576030518601e-05 7.2913752400083356e-05 -0.00021240545149296965 -9.4272916528126419e-05 -6.837549395655174e-06 5.9223186340240376e-05
leaf_weight=34 20 24 20 39 35 21 20 37 22
leaf_count=34 20 24 20 39 35 21 20 37 22
internal_value=0.00257353 -0.00229885 0.00284553 0.00932203 0.00405405 -0.0182927 -0.00151515 0.00189873 0.00952381
internal_weight=272 164 123 108 74 41 99 79 42
internal_count=272 164 123 108 74 41 99 79 42
cat_boundaries=0 1
cat_threshold=18
is_linear=0
shrinkage=0.05


Tree=152
num_leaves=11
num_cat=0
split_feature=12 3 6 5 12 12 12 10 3 12
split_gain=3.40403 4.64129 4.46353 3.68634 2.28198 4.94223 4.08333 4.03189 1.6 1.54575
threshold=32.500000000000007 15.500000000000002 29.733333333333338 22.833333333333339 19.500000000000004 22.500000000000004 11.500000000000002 58.500000000000007 17.500000000000004 21.500000000000004
decision_type=2 2 2 2 2 2 2 2 2 2
left_child=1 9 3 8 6 -6 -3 -7 -2 -1
right_child=2 4 -4 -5 5 7 -8 -9 -10 -11
leaf_value=7.0563795199252158e-05 1.1530452117369806e-05 -0.0083601163040380785 6.9268064780203528e-05 -8.3485516782388923e-06 -0.0001471793011458722 0.00010213774996881142 0.0017689308431357632 -0.00083819309828800934 0.00011392511668955052 0.000106718851528953
leaf_weight=29 20 24 21 33 22 31 24 23 20 25
leaf_count=29 20 24 21 33 22 31 24 23 20 25
internal_value=0.00294118 -0.0011236 0.0106383 0.00479452 -0.00645161 -0.0118421 0.00208333 -0.0037037 0.015 0.0111111
internal_weight=272 178 94 73 124 76 48 54 40 54
internal_count=272 178 94 73 124 76 48 54 40 54
is_linear=0
shrinkage=0.05


Tree=153
num_leaves=11
num_cat=0
split_feature=10 12 12 12 3 6 5 12 5 3
split_gain=3.25378 8.91711 2.71228 3.0698 3.80811 2.98633 3.68634 2.17742 1.6217 1.6
threshold=16.500000000000004 13.500000000000002 32.500000000000007 24.500000000000004 15.500000000000002 29.733333333333338 22.833333333333339 27.500000000000004 28.166666666666668 17.500000000000004
decision_type=2 2 2 2 2 2 2 2 2 2
left_child=-1 -2 3 4 -3 6 9 -5 -6 -4
right_child=1 2 5 7 8 -7 -8 -9 -10 -11
leaf_value=-0.017500249978060458 0.0013421948408397278 6.7035605439258458e-05 1.0953929511359207e-05 -0.00018305586284128594 -0.0001729847645975724 6.580466154133546e-05 -7.9311240941848392e-06 -0.00023017255870589893 1.2609410591402082e-05 0.00010822886085524175
leaf_weight=20 22 27 20 32 26 21 33 30 21 20
leaf_count=20 22 27 20 32 26 21 33 30 21 20
internal_value=0.00441176 0.00595238 0.00304348 -0.00147059 0.00540541 0.00957447 0.00479452 -0.00967742 -0.00319149 0.015
internal_weight=272 252 230 136 74 94 73 62 47 40
internal_count=272 252 230 136 74 94 73 62 47 40
is_linear=0
shrinkage=0.05


Tree=154
num_leaves=10
num_cat=1
split_feature=1 3 3 12 5 5 5 12 10
split_gain=4.44454 2.86524 4.40705 1.52662 3.03388 4.16569 1.92364 1.39636 0.907786
threshold=0 28.500000000000004 17.500000000000004 13.500000000000002 26.500000000000004 30.583333333333339 16.166666666666668 32.500000000000007 60.500000000000007
decision_type=1 2 2 2 2 2 2 2 2
left_child=1 2 -1 -2 6 -6 -5 -8 -3
right_child=3 8 -4 4 5 -7 7 -9 -10
leaf_value=-7.5536328694081342e-05 0.00054188620776010057 -0.00016295356876177005 5.3273979209222946e-05 1.3203279090134857e-05 3.1952632871146136e-05 9.5887002593997305e-06 -0.00026313100707451301 1.821294009580754e-05 -9.3917438285728852e-05
leaf_weight=32 31 20 33 25 24 29 30 25 23
leaf_count=32 31 20 33 25 24 29 30 25 23
internal_value=0.00551471 -0.00254237 0.00384615 0.0103448 0.00864662 0.0179245 0.0025 -0.00272727 -0.0127907
internal_weight=272 108 65 164 133 53 80 55 43
internal_count=272 108 65 164 133 53 80 55 43
cat_boundaries=0 1
cat_threshold=708
is_linear=0
shrinkage=0.05


Tree=155
num_leaves=11
num_cat=0
split_feature=10 12 12 6 6 5 12 10 12 12
split_gain=3.50495 6.06092 1.75737 1.21259 3.38824 3.69667 2.91212 5.25455 2.62646 1.79884
threshold=16.500000000000004 13.500000000000002 18.500000000000004 23.083333333333339 18.633333333333336 9.5000000000000018 29.500000000000004 72.500000000000014 25.500000000000004 32.500000000000007
decision_type=2 2 2 2 2 2 2 2 2 2
left_child=-1 -2 -3 4 5 -4 8 -8 -5 -6
right_child=1 2 3 6 9 -7 7 -9 -10 -11
leaf_value=-0.016652331789545418 0.0012479907884097585 -0.00075958144134360419 1.0479869338553272e-05 3.8246914996875601e-06 4.9972337372938826e-05 -0.00019341759128126414 -7.7319272345377502e-05 6.537504677162076e-06 0.0001291592115098439 0.00010038254925142099
leaf_weight=20 22 22 21 31 20 26 30 36 23 21
leaf_count=20 22 22 21 31 20 26 30 36 23 21
internal_value=0.00514706 0.00674603 0.00434783 0.00576923 0.0102273 0.00106383 0.0025 -0.00454545 0.0111111 0.0207317
internal_weight=272 252 230 208 88 47 120 66 54 41
internal_count=272 252 230 208 88 47 120 66 54 41
is_linear=0
shrinkage=0.05


Tree=156
num_leaves=11
num_cat=0
split_feature=10 12 12 5 3 14 3 10 5 3
split_gain=3.76545 5.68328 2.674 4.39856 2.78362 4.82973 4.55111 2.08485 1.04242 2.13993
threshold=16.500000000000004 13.500000000000002 32.500000000000007 14.250000000000002 15.500000000000002 530.00000000000011 29.500000000000004 58.500000000000007 21.416666666666668 30.500000000000004
decision_type=2 2 2 2 2 2 2 2 2 2
left_child=-1 -2 3 -3 -4 6 -6 8 -5 -10
right_child=1 2 4 7 5 -7 -8 -9 9 -11
leaf_value=-0.01581971520006813 0.0011855912489892263 4.3502768615999444e-05 -3.9149469012045307e-05 -0.00021960027026999285 3.2746514147063975e-05 0.00010141048399407993 -3.0416269853361656e-05 -0.00066165279328549436 1.9361059833666874e-05 -1.7175087122911493e-05
leaf_weight=20 22 26 27 20 25 22 20 24 34 32
leaf_count=20 22 26 27 20 25 22 20 24 34 32
internal_value=0.00588235 0.00753968 0.00521739 0.000735294 0.0117021 0.0171642 0.00777778 -0.00363636 0 0.0030303
internal_weight=272 252 230 136 94 67 45 110 86 66
internal_count=272 252 230 136 94 67 45 110 86 66
is_linear=0
shrinkage=0.05


Tree=157
num_leaves=11
num_cat=1
split_feature=10 12 12 6 5 12 3 2 7 5
split_gain=3.25378 2.71316 1.73709 2.98633 3.68634 2.81784 1.6 1.59747 3.02134 3.26559
threshold=16.500000000000004 13.500000000000002 32.500000000000007 29.733333333333338 22.833333333333339 28.500000000000004 17.500000000000004 0 1150000000.0000002 23.166666666666668
decision_type=2 2 2 2 2 2 2 9 2 2
left_child=-1 -2 5 4 6 7 -4 -3 -9 -10
right_child=1 2 3 -5 -6 -7 -8 8 9 -11
leaf_value=-0.015028729440064705 0.0011263116865397828 4.5658126823688862e-05 4.2020391429531404e-06 5.6637594018127405e-05 -3.7454224234068082e-06 -0.0011983458725092434 0.00010184403669875053 -0.00028570504517428931 -0.0001032027237872768 3.056207968752389e-05
leaf_weight=20 22 35 20 21 33 23 20 23 29 26
leaf_count=20 22 35 20 21 33 23 20 23 29 26
internal_value=0.00441176 0.00595238 0.00434783 0.00957447 0.00479452 0.000735294 0.015 0.0039823 0 0.00636364
internal_weight=272 252 230 94 73 136 40 113 78 55
internal_count=272 252 230 94 73 136 40 113 78 55
cat_boundaries=0 1
cat_threshold=4
is_linear=0
shrinkage=0.05


Tree=158
num_leaves=11
num_cat=1
split_feature=10 12 12 5 12 10 12 2 14 10
split_gain=3.01195 2.97596 1.88963 3.46301 2.95322 4.63305 2.7606 2.13679 1.63802 0.677352
threshold=16.500000000000004 13.500000000000002 22.500000000000004 17.500000000000004 29.500000000000004 66.500000000000014 19.500000000000004 0 490.00000000000006 54.500000000000007
decision_type=2 2 2 2 2 2 2 9 2 2
left_child=-1 -2 6 -4 9 -6 -3 -7 -9 -5
right_child=1 2 3 4 5 7 -8 8 -10 -11
leaf_value=-0.014277292968061461 0.0010699961022128336 0.00048121548210646738 6.7558705713466336e-05 4.3375220482566595e-05 -0.00031296634685888951 -3.5049786614393953e-06 -9.8042587598001784e-05 -2.7904480583451631e-05 0.00020269748975216829 0.00015190828826217029
leaf_weight=20 22 28 39 21 22 26 31 20 23 20
leaf_count=20 22 28 39 21 22 26 31 20 23 20
internal_value=0.00367647 0.00515873 0.00347826 0.00614035 0.00227273 -0.00274725 -0.00423729 0.00362319 0.0104651 0.0134146
internal_weight=272 252 230 171 132 91 59 69 43 41
internal_count=272 252 230 171 132 91 59 69 43 41
cat_boundaries=0 1
cat_threshold=4
is_linear=0
shrinkage=0.05


Tree=159
num_leaves=11
num_cat=1
split_feature=10 1 3 10 12 3 3 5 6 5
split_gain=3.1317 2.5496 5.17369 4.16667 3.95383 4.71979 4.37292 7.40184 2.32258 1.6
threshold=16.500000000000004 0 28.500000000000004 34.500000000000007 32.500000000000007 17.500000000000004 16.500000000000004 26.500000000000004 20.708333333333339 31.166666666666668
decision_type=2 1 2 2 2 2 2 2 2 2
left_child=-1 2 8 -3 6 -6 -5 -8 -2 -4
right_child=1 3 9 4 5 -7 7 -9 -10 -11
leaf_value=-0.013563428319658399 -0.00013545124884615234 2.9071897560273287e-05 -0.00016292454648780819 4.3056373328909103e-06 -1.1345737693346792e-06 4.7118906261722776e-05 -0.00073651558479541639 0.00010182753618002139 3.8297047825963665e-05 -2.9379351528824317e-05
leaf_weight=20 31 30 20 21 21 32 22 24 31 20
leaf_count=20 31 30 20 21 21 32 22 24 31 20
internal_value=0.00404412 0.00555556 -0.000892857 0.009375 0.00583333 0.0160377 -0.00223881 -0.0108696 0.00806452 -0.015
internal_weight=272 252 102 150 120 53 67 46 62 40
internal_count=272 252 102 150 120 53 67 46 62 40
cat_boundaries=0 1
cat_threshold=897
is_linear=0
shrinkage=0.05


Tree=160
num_leaves=11
num_cat=0
split_feature=12 12 12 5 12 3 14 3 6 6
split_gain=3.86209 6.02219 4.29158 2.25901 2.89895 2.69954 3.84127 3.32814 1.29123 3.18462
threshold=16.500000000000004 12.500000000000002 20.500000000000004 13.500000000000002 32.500000000000007 17.500000000000004 530.00000000000011 29.500000000000004 24.583333333333339 29.416666666666668
decision_type=2 2 2 2 2 2 2 2 2 2
left_child=1 -1 -2 -4 8 -6 7 -7 -5 -10
right_child=2 -3 3 4 5 6 -8 -9 9 -11
leaf_value=0.00028184381118654403 0.00012531206288102226 -0.0017385871699145295 4.0903554662463653e-06 -0.00020266605680951955 -4.708287023937885e-05 3.2969525769033226e-05 0.0001287694273560902 -2.9876013037721805e-05 3.4584988566876972e-05 -4.4499235142581034e-05
leaf_weight=37 28 20 25 30 23 22 21 20 20 26
leaf_count=37 28 20 25 30 23 22 21 20 20 26
internal_value=0.00367647 -0.00789474 0.00674419 0.0040107 0.00185185 0.00813953 0.0134921 0.0047619 -0.00526316 0
internal_weight=272 57 215 187 162 86 63 42 76 46
internal_count=272 57 215 187 162 86 63 42 76 46
is_linear=0
shrinkage=0.05


Tree=161
num_leaves=9
num_cat=1
split_feature=3 10 6 14 8 2 7 6
split_gain=3.48865 4.05211 2.5037 1.89606 3.57447 1.90476 1.54708 1.44134
threshold=30.500000000000004 50.500000000000007 26.916666666666668 580.00000000000011 1.0000000180025095e-35 0 1550000000.0000002 20.083333333333339
decision_type=2 2 2 2 2 9 2 2
left_child=3 -2 -3 4 6 -6 7 -1
right_child=1 2 -4 -5 5 -7 -8 -9
leaf_value=1.9761334646606344e-05 -0.00017559096644408358 -6.9400904063066102e-05 4.3066362088062249e-05 -2.1294504848867748e-05 0.00016019214906393131 -0.00010288258945685415 0.00019853271913738979 2.7908379814789443e-05
leaf_weight=30 32 24 30 36 21 35 35 29
leaf_count=30 32 24 30 36 21 35 35 29
internal_value=0.00367647 -0.00465116 0.0037037 0.00752688 0.01 0 0.0159574 0.0110169
internal_weight=272 86 54 186 150 56 94 59
internal_count=272 86 54 186 150 56 94 59
cat_boundaries=0 1
cat_threshold=1
is_linear=0
shrinkage=0.05


Tree=162
num_leaves=11
num_cat=1
split_feature=10 12 10 3 2 5 12 6 7 10
split_gain=1.84879 2.62234 2.81314 2.64822 4.36079 3.87708 3.66959 1.92 3.79282 1.1938
threshold=16.500000000000004 29.500000000000004 67.500000000000014 22.500000000000004 0 26.500000000000004 21.500000000000004 22.100000000000005 1300000000.0000002 45.500000000000007
decision_type=2 2 2 2 9 2 2 2 2 2
left_child=-1 3 -3 4 -2 -5 -6 -4 -9 -7
right_child=1 2 7 5 6 9 -8 8 -10 -11
leaf_value=-0.012895453353439869 -7.3923476099579948e-06 -4.5771951151607487e-05 5.4856673496850308e-05 -0.00011410820275923328 0.0011810197209210394 2.8017824849513319e-06 0.00014516497367473847 2.2894984807564356e-05 -4.79221460725654e-05 7.3803249671300369e-05
leaf_weight=20 26 31 30 29 22 22 21 24 26 21
leaf_count=20 26 31 30 29 22 22 21 24 26 21
internal_value=-0.000367647 0.000793651 -0.00495495 0.00531915 0.0123188 -0.00138889 0.022093 0 -0.006 0.00813953
internal_weight=272 252 111 141 69 72 43 80 50 43
internal_count=272 252 111 141 69 72 43 80 50 43
cat_boundaries=0 1
cat_threshold=2
is_linear=0
shrinkage=0.05


Tree=163
num_leaves=10
num_cat=0
split_feature=12 3 14 12 7 12 5 12 3
split_gain=2.58808 3.51073 2.95326 2.32286 5.18571 4.90068 2.9632 3.5 0.9
threshold=32.500000000000007 17.500000000000004 505.00000000000006 19.500000000000004 1425000000.0000002 22.500000000000004 30.583333333333339 26.500000000000004 24.500000000000004
decision_type=2 2 2 2 2 2 2 2 2
left_child=3 -2 -3 4 8 -5 7 -7 -1
right_child=1 2 -4 5 -6 6 -8 -9 -10
leaf_value=-9.7428349809636223e-06 -2.6384287563985255e-05 1.8442773995985818e-06 0.00014099850809188297 -9.7368842603628994e-05 0.0023316799573388724 0.0001847176649704352 -6.5431546855165837e-05 -0.00014094886096476246 -0.00021661346098693636
leaf_weight=20 30 35 29 31 30 28 21 28 20
leaf_count=20 30 35 29 31 30 28 21 28 20
internal_value=0.000735294 0.00744681 0.0140625 -0.00280899 0.00428571 -0.00740741 -0.000649351 0.00535714 -0.0075
internal_weight=272 94 64 178 70 108 77 56 40
internal_count=272 94 64 178 70 108 77 56 40
is_linear=0
shrinkage=0.05


Tree=164
num_leaves=10
num_cat=0
split_feature=10 10 12 12 12 10 6 10 3
split_gain=1.94286 2.33638 2.65599 3.41828 3.01821 3.15542 1.98413 1.66667 0.493456
threshold=16.500000000000004 30.000000000000004 22.500000000000004 19.500000000000004 29.500000000000004 81.500000000000014 23.083333333333339 52.500000000000007 32.500000000000007
decision_type=2 2 2 2 2 2 2 2 2
left_child=-1 -2 3 -3 7 6 -6 -4 -8
right_child=1 2 4 -5 5 -7 8 -9 -10
leaf_value=-0.012308729113826855 0.00064577058573904726 0.0011868841527970188 6.3474451397294024e-05 -9.2500400473483069e-05 1.8586989732227723e-06 8.8654400295595792e-05 -4.3575567464060329e-05 0.00017824860383459652 -1.5196385468030372e-05
leaf_weight=20 26 24 30 31 35 31 23 30 22
leaf_count=20 26 24 30 31 35 31 23 30 22
internal_value=0 0.00119048 -0.000442478 -0.01 0.00263158 -0.00225225 -0.0075 0.0116667 -0.0144444
internal_weight=272 252 226 55 171 111 80 60 45
internal_count=272 252 226 55 171 111 80 60 45
is_linear=0
shrinkage=0.05


Tree=165
num_leaves=10
num_cat=1
split_feature=16 12 10 10 12 12 10 3 3
split_gain=2.63278 4.59433 4.91693 2.90196 2.77854 2.04757 3.12068 0.814815 0.751111
threshold=0 16.500000000000004 42.500000000000007 36.500000000000007 27.500000000000004 27.500000000000004 76.500000000000014 28.500000000000004 24.500000000000004
decision_type=1 2 2 2 2 2 2 2 2
left_child=3 -2 -3 -1 -5 -4 7 -7 -6
right_child=1 2 5 4 8 6 -8 -9 -10
leaf_value=0.00012724691411674096 -0.0035702527105659246 0.00032729249052412259 -4.0525887448872312e-05 -7.1072399704164013e-05 1.7657640245971608e-06 7.1521003561159094e-05 -6.6696031170643269e-05 -2.5917048056456339e-05 7.4930998756350683e-05
leaf_weight=34 32 21 32 29 25 27 30 22 20
leaf_count=34 32 21 32 29 25 27 30 22 20
internal_value=-0.000735294 -0.0045977 -0.000757576 0.00508475 0 -0.00495495 -0.000632911 0.00714286 0.00777778
internal_weight=272 164 132 108 74 111 79 49 45
internal_count=272 164 132 108 74 111 79 49 45
cat_boundaries=0 1
cat_threshold=18
is_linear=0
shrinkage=0.05


Tree=166
num_leaves=10
num_cat=2
split_feature=0 2 7 5 5 6 7 12 12
split_gain=3.07323 3.78089 3.38824 3.79259 4.05867 2.61333 2.45 2.72432 1.25952
threshold=0 1 1150000000.0000002 27.833333333333339 21.833333333333339 23.083333333333339 1425000000.0000002 25.500000000000004 24.500000000000004
decision_type=9 9 2 2 2 2 2 2 2
left_child=6 5 -3 4 -4 -2 7 -1 -8
right_child=1 2 3 -5 -6 -7 8 -9 -10
leaf_value=-4.5249054630502887e-05 0.00012319112129546283 1.5590064201731481e-05 -1.0255179972062934e-05 -7.2222760287843364e-07 -0.00042150432362610959 -1.982336696517706e-05 0.0021234931429928495 2.6036190989842112e-05 1.2097268493604929e-06
leaf_weight=37 20 30 23 27 22 30 28 35 20
leaf_count=37 20 30 23 27 22 30 28 35 20
internal_value=-0.000367647 -0.00493827 -0.0107843 -0.0166667 -0.0255556 0.006 0.00538462 0 0.0145833
internal_weight=272 152 102 72 45 50 120 72 48
internal_count=272 152 102 72 45 50 120 72 48
cat_boundaries=0 1 2
cat_threshold=113 2
is_linear=0
shrinkage=0.05


Tree=167
num_leaves=10
num_cat=2
split_feature=10 0 2 6 12 10 12 12 8
split_gain=2.14954 2.3314 3.8618 2.6048 2.20409 3.51017 4.32 1.89394 0.913303
threshold=81.500000000000014 0 1 23.083333333333339 13.500000000000002 52.500000000000007 33.500000000000007 19.500000000000004 1.0000000180025095e-35
decision_type=2 9 9 2 2 2 2 2 2
left_child=1 4 -3 -4 -1 7 -7 -6 -5
right_child=-2 2 3 8 5 6 -8 -9 -10
leaf_value=0.0010299231111237984 0.00010863169802064477 -7.8532392410046731e-05 4.833853705630276e-05 -6.8611622268122123e-07 -0.0012018870062509457 0.00093783669787814725 -5.1069111700385864e-06 -0.0001062231754780818 -4.3368470912064086e-05
leaf_weight=26 31 38 32 25 20 30 20 24 26
leaf_count=26 31 38 32 25 20 30 20 24 26
internal_value=-0.00110294 -0.0026971 -0.00725191 -0.00180723 0.00230769 -0.00106383 0.008 -0.0113636 -0.00882353
internal_weight=272 241 121 83 120 94 50 44 51
internal_count=272 241 121 83 120 94 50 44 51
cat_boundaries=0 1 2
cat_threshold=177 1
is_linear=0
shrinkage=0.05


Tree=168
num_leaves=10
num_cat=1
split_feature=12 12 12 12 10 2 5 6 3
split_gain=1.58417 7.87788 3.82508 2.69524 2.22146 2.21105 1.95526 1.47 3.41333
threshold=22.500000000000004 19.500000000000004 14.500000000000002 29.500000000000004 67.500000000000014 0 23.500000000000004 22.100000000000005 29.500000000000004
decision_type=2 2 2 2 2 9 2 2 2
left_child=1 2 6 5 -5 -2 -1 -6 -9
right_child=3 -3 -4 4 7 -7 -8 8 -10
leaf_value=4.7930452589417532e-05 -1.1908972527230333e-05 -9.8300362320102866e-05 0.0024547617412288506 -4.1813247375088737e-05 4.5921610203514267e-05 0.00017810098054731329 -0.00016013155650727029 1.8497822664897968e-05 -3.8274100077195784e-05
leaf_weight=26 23 31 23 31 30 37 21 30 20
leaf_count=26 23 31 23 31 30 37 21 30 20
internal_value=-0.00147059 -0.00643564 0.00285714 0.00146199 -0.00315315 0.01 -0.00531915 0.00125 -0.004
internal_weight=272 101 70 171 111 60 47 80 50
internal_count=272 101 70 171 111 60 47 80 50
cat_boundaries=0 1
cat_threshold=1
is_linear=0
shrinkage=0.05


Tree=169
num_leaves=12
num_cat=0
split_feature=12 12 6 12 12 10 3 6 12 6 3
split_gain=2.33767 3.10756 3.95122 2.99616 4.38586 3.02286 3.04051 1.75325 1.6217 0.195354 0.182114
threshold=27.500000000000004 33.500000000000007 24.708333333333339 19.500000000000004 22.500000000000004 16.500000000000004 22.500000000000004 24.083333333333339 25.500000000000004 28.916666666666668 15.500000000000002
decision_type=2 2 2 2 2 2 2 2 2 2 2
left_child=3 7 10 5 -5 -1 -7 -2 -6 -4 -3
right_child=1 2 9 4 8 6 -8 -9 -10 -11 -12
leaf_value=-0.011707864743391562 0.001239547989874268 -0.00011569731531793082 5.6063506120196395e-06 -9.3385344204044432e-05 0.00011731053317287632 0.0019825370612628567 -1.5005111839361263e-05 0.00087053432829424797 -3.9880932184566122e-05 1.6964396649044033e-05 -8.1118818631153999e-06
leaf_weight=20 20 20 20 31 21 24 26 22 26 21 21
leaf_count=20 20 20 20 31 21 24 26 22 26 21 21
internal_value=-0.00183824 0.00322581 -0.00243902 -0.00608108 -0.0128205 0.00142857 0.008 0.0142857 -0.00319149 0.00853659 -0.0134146
internal_weight=272 124 82 148 78 70 50 42 47 41 41
internal_count=272 124 82 148 78 70 50 42 47 41 41
is_linear=0
shrinkage=0.05


Tree=170
num_leaves=11
num_cat=1
split_feature=12 12 6 8 7 2 6 12 6 3
split_gain=2.68942 3.10756 3.95122 2.63967 3.77662 5.81029 1.75325 1.22017 0.195354 0.182114
threshold=27.500000000000004 33.500000000000007 24.708333333333339 1.0000000180025095e-35 1425000000.0000002 0 24.083333333333339 19.500000000000004 28.916666666666668 15.500000000000002
decision_type=2 2 2 2 2 9 2 2 2 2
left_child=3 6 9 4 5 -1 -2 -6 -4 -3
right_child=1 2 8 -5 7 -7 -8 -9 -10 -11
leaf_value=-0.00034395691799291587 0.0011775705903804834 -0.00010991244955214086 5.3260330814097763e-06 -5.2679167557645461e-05 0.0019544876321774484 3.5511271721766492e-05 0.00082700761187961549 -1.7179050559512634e-05 1.6116176816538542e-05 -7.7062877700484474e-06
leaf_weight=28 20 20 20 30 30 39 22 21 21 21
leaf_count=28 20 20 20 30 30 39 22 21 21 21
internal_value=-0.00220588 0.00322581 -0.00243902 -0.00675676 -0.00338983 -0.011194 0.0142857 0.00686275 0.00853659 -0.0134146
internal_weight=272 124 82 148 118 67 42 51 41 41
internal_count=272 124 82 148 118 67 42 51 41 41
cat_boundaries=0 1
cat_threshold=1
is_linear=0
shrinkage=0.05


Tree=171
num_leaves=12
num_cat=1
split_feature=14 12 10 5 6 5 5 6 2 10 5
split_gain=1.96558 6.21657 4.61975 4.41701 5.72567 3.26586 2.93927 2.49231 2.33754 0.9 0.9
threshold=450.00000000000006 16.500000000000004 38.500000000000007 25.166666666666668 19.100000000000005 26.500000000000004 22.416666666666668 19.100000000000005 0 18.500000000000004 30.166666666666668
decision_type=2 2 2 2 2 2 2 2 9 2 2
left_child=3 9 -3 4 -1 6 7 -4 -7 -2 -5
right_child=1 2 5 10 -6 8 -8 -9 -10 -11 -12
leaf_value=-1.6320098031563647e-05 -0.01065897913334486 0.0018207343996190064 -2.128883602301457e-05 -1.4689982846416428e-05 0.00028430830452097489 -6.6879534792008151e-06 -0.00012307833536091551 0.00010978320857191193 0.00010094758600587284 -0.00042690070518403012 -6.4653542548587239e-05
leaf_weight=21 20 21 32 20 20 23 24 20 31 20 20
leaf_count=21 20 21 32 20 20 23 24 20 31 20 20
internal_value=-0.00220588 -0.00497382 -0.000331126 0.00432099 0.0158537 -0.00384615 -0.0105263 -0.00384615 0.00555556 -0.0225 -0.0075
internal_weight=272 191 151 81 41 130 76 52 54 40 40
internal_count=272 191 151 81 41 130 76 52 54 40 40
cat_boundaries=0 1
cat_threshold=4
is_linear=0
shrinkage=0.05


Tree=172
num_leaves=11
num_cat=1
split_feature=1 6 6 6 8 7 3 10 7 7
split_gain=1.88335 4.69011 9.01333 4.63352 2.78072 2.31405 2.1429 1.68439 2.57103 1.07765
threshold=0 23.416666666666668 20.366666666666671 25.366666666666671 1.0000000180025095e-35 1150000000.0000002 28.500000000000004 67.500000000000014 1550000000.0000002 1300000000.0000002
decision_type=1 2 2 2 2 2 2 2 2 2
left_child=1 2 -1 5 -3 -2 -5 8 -7 -8
right_child=3 4 -4 6 -6 7 9 -9 -10 -11
leaf_value=-1.5544260732625047e-05 -6.3535558052052472e-06 2.2304905018977196e-06 0.00027009288929491504 0.00080323930497918641 -7.5627213430351503e-05 -0.00025459330515413824 -0.00011965568428777829 -6.2565315804619107e-06 -0.00067574605648186299 6.2010616175278699e-06
leaf_weight=30 29 37 20 28 21 22 23 21 21 20
leaf_count=30 29 37 20 28 21 22 23 21 21 20
internal_value=-0.00257353 0.00254237 0.014 -0.00574713 -0.00689655 -0.0134409 0.00352113 -0.01875 -0.0244186 -0.00348837
internal_weight=272 108 50 164 58 93 71 64 43 43
internal_count=272 108 50 164 58 93 71 64 43 43
cat_boundaries=0 1
cat_threshold=291
is_linear=0
shrinkage=0.05


Tree=173
num_leaves=11
num_cat=1
split_feature=12 12 7 12 12 2 3 7 5 12
split_gain=2.99987 13.7188 4.00476 3.8502 1.92741 1.34438 1.18266 3.01836 2.75723 0.9
threshold=22.500000000000004 19.500000000000004 1425000000.0000002 29.500000000000004 45.500000000000007 0 18.500000000000004 1550000000.0000002 28.833333333333339 12.500000000000002
decision_type=2 2 2 2 2 9 2 2 2 2
left_child=1 2 9 5 6 -2 -5 8 -8 -1
right_child=3 -3 -4 4 -6 -7 7 -9 -10 -11
leaf_value=-0.0044165475850522556 1.083156397818641e-06 -0.00013857399551131522 0.0018284500292988339 -8.4726065518125893e-05 0.030335921967640192 0.00016441223053806909 1.5933342593044131e-05 -0.00015328409898334174 -7.4599527724927842e-06 -9.1851045325475061e-05
leaf_weight=20 23 31 30 24 20 37 21 20 26 20
leaf_count=20 23 31 30 24 20 37 21 20 26 20
internal_value=-0.00257353 -0.00940594 0.00285714 0.00146199 -0.00405405 0.0116667 -0.00714286 -0.00373134 0.00319149 -0.0075
internal_weight=272 101 70 171 111 60 91 67 47 40
internal_count=272 101 70 171 111 60 91 67 47 40
cat_boundaries=0 1
cat_threshold=1
is_linear=0
shrinkage=0.05


Tree=174
num_leaves=10
num_cat=0
split_feature=12 12 7 12 12 14 6 10 12
split_gain=2.27898 9.64601 4.00476 2.33868 1.57894 1.99344 1.63812 1.36498 0.9
threshold=22.500000000000004 19.500000000000004 1425000000.0000002 29.500000000000004 36.500000000000007 505.00000000000006 24.708333333333339 54.500000000000007 12.500000000000002
decision_type=2 2 2 2 2 2 2 2 2
left_child=1 2 8 7 5 -5 -6 -2 -1
right_child=3 -3 -4 4 6 -7 -8 -9 -10
leaf_value=-0.0041957202057996577 2.5272575463120008e-05 -0.00013164529573579388 0.0017370275278339343 -7.9323672659015198e-05 -3.3115980352960152e-05 8.3485994526455445e-07 1.4716020717386869e-05 0.0001160904426198428 -8.725849305917244e-05
leaf_weight=20 37 31 30 23 27 30 31 23 20
leaf_count=20 37 31 30 23 27 30 31 23 20
internal_value=-0.00147059 -0.00742574 0.00285714 0.00204678 -0.00225225 -0.00849057 0.00344828 0.01 -0.0075
internal_weight=272 101 70 171 111 53 58 60 40
internal_count=272 101 70 171 111 53 58 60 40
is_linear=0
shrinkage=0.05


Tree=175
num_leaves=10
num_cat=1
split_feature=1 12 6 6 10 12 12 12 10
split_gain=2.31181 3.9587 3.9481 9.01333 2.67273 3.83377 3.4709 2.31481 1.99707
threshold=0 16.500000000000004 23.416666666666668 20.366666666666671 41.500000000000007 27.500000000000004 33.500000000000007 38.500000000000007 60.500000000000007
decision_type=1 2 2 2 2 2 2 2 2
left_child=2 -2 3 -1 -3 -6 -7 -8 -4
right_child=1 4 8 -5 5 6 7 -9 -10
leaf_value=-1.3841182740925717e-05 -0.0029483029235247041 0.0021342403296838344 -7.0916955090361003e-05 0.00026850879494357829 -6.8268387105518977e-05 0.0011661084107435827 -1.8582402354638816e-05 0.00016068545560337101 1.2652399021284567e-05
leaf_weight=30 32 22 37 20 28 28 30 24 21
leaf_count=30 32 22 37 20 28 28 30 24 21
internal_value=-0.00220588 -0.00574713 0.00338983 0.014 -0.00227273 -0.00545455 0 -0.00740741 -0.00517241
internal_weight=272 164 108 50 132 110 82 54 58
internal_count=272 164 108 50 132 110 82 54 58
cat_boundaries=0 1
cat_threshold=291
is_linear=0
shrinkage=0.05


Tree=176
num_leaves=11
num_cat=0
split_feature=12 12 12 12 5 6 5 5 12 10
split_gain=3.01273 13.5421 6.32922 3.62143 2.1971 3.03526 1.772 2.59144 4.00302 1.20418
threshold=19.500000000000004 22.500000000000004 8.5000000000000018 13.500000000000002 22.416666666666668 19.583333333333339 26.500000000000004 30.583333333333339 32.500000000000007 64.500000000000014
decision_type=2 2 2 2 2 2 2 2 2 2
left_child=2 -2 -1 -4 5 9 -6 -8 -9 -3
right_child=1 4 3 -5 6 -7 7 8 -10 -11
leaf_value=-0.010776717444490491 -0.00014025320940334041 1.3318907948267623e-05 0.0010054634280276086 0.00033302077879886487 -8.1609500791302034e-05 0.0010576043810972991 3.0583408847917329e-05 -6.7579336976386625e-05 2.5144313802982766e-05 -9.5477868435978058e-05
leaf_weight=22 31 20 20 28 34 23 30 21 22 21
leaf_count=22 31 20 20 28 34 23 30 21 22 21
internal_value=-0.000367647 -0.00346535 0.00857143 0.01875 0.00204678 0.009375 -0.00233645 0.00205479 -0.00581395 0.00121951
internal_weight=272 202 70 48 171 64 107 73 43 41
internal_count=272 202 70 48 171 64 107 73 43 41
is_linear=0
shrinkage=0.05


Tree=177
num_leaves=10
num_cat=2
split_feature=1 3 3 12 12 12 10 3 2
split_gain=2.78745 4.17269 4.02543 3.04762 2.31516 2.34019 2.34113 2.23384 2.27147
threshold=0 32.500000000000007 32.500000000000007 26.500000000000004 33.500000000000007 22.500000000000004 31.500000000000004 21.500000000000004 1
decision_type=1 2 2 2 2 2 2 2 9
left_child=2 4 7 -3 5 6 -2 8 -1
right_child=1 3 -4 -5 -6 -7 -8 -9 -10
leaf_value=0.0022618447147198409 4.5244540218458701e-05 -0.00023335847473049398 3.0933761293283625e-05 -2.6450586178228264e-05 -1.8538319397620742e-05 0.00015716933401357382 -8.2594097621058185e-05 -0.00065659322929505497 -3.1454931300700654e-05
leaf_weight=20 20 21 29 27 37 37 22 28 31
leaf_count=20 20 21 29 27 37 37 22 28 31
internal_value=0 -0.00402299 0.0059322 -0.0166667 0.000862069 0.0056962 -0.00238095 0.000632911 0.00686275
internal_weight=272 164 108 48 116 79 42 79 51
internal_count=272 164 108 48 116 79 42 79 51
cat_boundaries=0 1 2
cat_threshold=278 1
is_linear=0
shrinkage=0.05


Tree=178
num_leaves=11
num_cat=0
split_feature=12 12 12 12 12 10 5 10 5 6
split_gain=2.77001 8.75591 6.32922 3.62143 2.69524 2.4 1.68823 2.89219 1.92123 1.92358
threshold=19.500000000000004 22.500000000000004 8.5000000000000018 13.500000000000002 29.500000000000004 52.500000000000007 17.500000000000004 80.500000000000014 23.833333333333339 28.583333333333339
decision_type=2 2 2 2 2 2 2 2 2 2
left_child=2 -2 -1 -4 5 -3 -6 8 -8 -10
right_child=1 4 3 -5 6 -7 7 -9 9 -11
leaf_value=-0.010231261237115197 -0.0001316678023682627 1.407363672347728e-05 0.00097239146064111994 0.00031602499963598877 1.6421934600607813e-05 0.00012435256751475166 -0.00015910801683549636 3.7836705923588459e-05 8.8488982294521186e-06 -3.5898118189692239e-05
leaf_weight=22 31 30 20 28 20 30 20 30 20 21
leaf_count=22 31 30 20 28 20 30 20 30 20 21
internal_value=0 -0.0029703 0.00857143 0.01875 0.00146199 0.01 -0.00315315 -0.00604396 -0.0122951 -0.00609756
internal_weight=272 202 70 48 171 60 111 91 61 41
internal_count=272 202 70 48 171 60 111 91 61 41
is_linear=0
shrinkage=0.05


Tree=179
num_leaves=10
num_cat=2
split_feature=0 12 14 12 12 3 2 3 10
split_gain=2.53394 5.92105 4.80159 3.69247 3.182 3.11481 2.88095 1.88612 1.5254
threshold=0 27.500000000000004 450.00000000000006 33.500000000000007 24.500000000000004 26.500000000000004 1 25.500000000000004 37.500000000000007
decision_type=9 2 2 2 2 2 9 2 2
left_child=2 4 -1 -3 5 -2 -4 -5 -8
right_child=1 3 6 7 -6 -7 8 -9 -10
leaf_value=9.9469835305310292e-05 -0.0001134533847463537 0.00098572430781036498 2.166181673590728e-05 3.6161120569744301e-05 -0.0002171969350431624 3.8209414980139302e-05 -0.00024305314711385863 -1.7172656027497626e-05 -1.4239471405641524e-05
leaf_weight=36 30 26 28 23 22 24 20 27 36
leaf_count=36 30 26 28 23 22 24 20 27 36
internal_value=-0.00147059 -0.00555556 0.00384615 0.00394737 -0.0157895 -0.00925926 -0.00238095 -0.004 -0.00892857
internal_weight=272 152 120 76 76 54 84 50 56
internal_count=272 152 120 76 76 54 84 50 56
cat_boundaries=0 1 2
cat_threshold=353 4
is_linear=0
shrinkage=0.05


Tree=180
num_leaves=11
num_cat=1
split_feature=1 5 6 3 12 3 12 6 6 5
split_gain=3.28122 3.93754 3.29194 3.7762 2.79113 2.77083 1.35636 1.40388 1.13821 0.4
threshold=0 13.500000000000002 25.366666666666671 31.500000000000004 22.500000000000004 33.500000000000007 32.500000000000007 23.083333333333339 21.083333333333339 28.833333333333339
decision_type=1 2 2 2 2 2 2 2 2 2
left_child=5 -2 4 9 -3 6 7 -1 -6 -4
right_child=1 2 3 -5 8 -7 -8 -9 -10 -11
leaf_value=1.4883844668744928e-05 1.7494434224296641e-05 -0.0035242842063104799 0.0012325521011289809 -3.3244579478619585e-05 -1.1714045660049523e-05 2.6772920643303167e-05 3.4353064541292613e-05 -4.0741616784600866e-05 -0.00012405788898632865 8.9958083569641192e-05
leaf_weight=31 25 21 20 37 20 25 31 21 21 20
leaf_count=31 25 21 20 37 20 25 31 21 21 20
internal_value=0.000367647 -0.00402299 -0.00755396 -0.000649351 -0.016129 0.00677966 0.00301205 -0.00192308 -0.00853659 0.01
internal_weight=272 164 139 77 62 108 83 52 41 40
internal_count=272 164 139 77 62 108 83 52 41 40
cat_boundaries=0 1
cat_threshold=263
is_linear=0
shrinkage=0.05


Tree=181
num_leaves=11
num_cat=1
split_feature=1 6 5 6 12 12 6 12 12 5
split_gain=2.33207 3.56287 5.15948 3.72688 2.99205 2.48276 1.97185 1.78602 0.596273 0.4
threshold=0 23.750000000000004 26.500000000000004 20.366666666666671 29.500000000000004 25.500000000000004 26.366666666666671 23.500000000000004 36.500000000000007 17.833333333333339
decision_type=1 2 2 2 2 2 2 2 2 2
left_child=4 3 -3 7 6 -4 9 -2 -6 -1
right_child=1 2 5 -5 8 -7 -8 -9 -10 -11
leaf_value=-1.0560192118536094e-05 6.9810543153314694e-05 -0.00039441883341266863 -3.1910493212095051e-05 0.00010047966579884715 -0.00010866178779629366 2.7576157774689138e-05 0.0015056434201619951 -8.7866972599570667e-05 -2.3018812774466825e-05 -0.00016234093860880707
leaf_weight=20 22 25 29 32 21 29 22 27 25 20
leaf_count=20 22 25 29 32 21 29 22 27 25 20
internal_value=0.000367647 0.00402299 -0.00301205 0.0117284 -0.00508475 0.00517241 0.0016129 0.00306122 -0.0152174 -0.005
internal_weight=272 164 83 81 108 58 62 49 46 40
internal_count=272 164 83 81 108 58 62 49 46 40
cat_boundaries=0 1
cat_threshold=720
is_linear=0
shrinkage=0.05


Tree=182
num_leaves=11
num_cat=1
split_feature=3 2 3 3 12 6 12 6 7 12
split_gain=3.32338 2.13983 2.70903 2.36162 1.8832 4.05579 2.14032 1.45587 1.14319 0.4
threshold=22.500000000000004 0 30.500000000000004 34.500000000000007 30.500000000000004 22.583333333333339 38.500000000000007 26.733333333333338 1300000000.0000002 25.500000000000004
decision_type=2 9 2 2 2 2 2 2 2 2
left_child=4 3 9 -2 5 8 -6 -4 -1 -3
right_child=1 2 7 -5 6 -7 -8 -9 -10 -11
leaf_value=2.8490287504023826e-05 -8.3281059497508636e-06 -7.1126523186526569e-05 -4.4500174473327552e-06 2.4424002861422879e-05 -6.1330440229312447e-05 0.0019803726483090148 0.00015330095535261992 -6.8093108359867927e-05 -3.0131373272102026e-05 3.7054053371932133e-05
leaf_weight=28 28 20 21 25 24 23 22 31 30 20
leaf_count=28 28 20 21 25 24 23 22 31 30 20
internal_value=0 -0.00517241 -0.00978261 0.00283019 0.00590551 0.0104938 -0.00217391 -0.0173077 0.00344828 0
internal_weight=272 145 92 53 127 81 46 52 58 40
internal_count=272 145 92 53 127 81 46 52 58 40
cat_boundaries=0 1
cat_threshold=4
is_linear=0
shrinkage=0.05


Tree=183
num_leaves=11
num_cat=0
split_feature=6 5 5 6 5 14 10 12 12 5
split_gain=3.19923 4.59853 4.10094 2.43708 4.03217 1.56603 1.51089 3.34563 2.25371 0.512121
threshold=23.083333333333339 26.500000000000004 28.583333333333339 30.083333333333339 33.166666666666679 530.00000000000011 72.500000000000014 27.500000000000004 21.500000000000004 17.500000000000004
decision_type=2 2 2 2 2 2 2 2 2 2
left_child=6 5 -3 -4 -5 -2 7 8 9 -1
right_child=1 2 3 4 -6 -7 -8 -9 -10 -11
leaf_value=1.3939450842492818e-05 -9.4148699306551015e-05 0.0017457481815923437 -5.8502350037414889e-05 0.00016618059534971865 -5.4445302226469042e-05 -0.00034975727295298857 -4.3248419337160729e-05 2.4135658823709605e-05 -0.00012963223722408656 6.600859428380623e-05
leaf_weight=24 23 20 37 22 30 20 23 26 27 20
leaf_count=24 23 20 37 22 30 20 23 26 27 20
internal_value=-0.00110294 -0.00592105 -0.000458716 -0.00505618 0.00192308 -0.0197674 0.005 0.00773196 0.00211268 0.00909091
internal_weight=272 152 109 89 52 43 120 97 71 44
internal_count=272 152 109 89 52 43 120 97 71 44
is_linear=0
shrinkage=0.05


Tree=184
num_leaves=10
num_cat=2
split_feature=1 5 3 14 2 3 5 5 7
split_gain=2.93825 4.43126 4.15879 4.86931 4.01466 2.63476 2.30903 3.44402 1.83995
threshold=0 25.166666666666668 17.500000000000004 580.00000000000011 1 31.500000000000004 24.833333333333339 18.416666666666668 800000000.00000012
decision_type=1 2 2 2 9 2 2 2 2
left_child=5 2 3 -2 -3 6 7 -1 -6
right_child=1 4 -4 -5 8 -7 -8 -9 -10
leaf_value=1.2452010397545621e-05 9.4854513439734952e-05 9.5663637338816453e-06 0.00021038638211536844 -0.00011574015717936704 -0.00036903708177380426 -7.4219516642592967e-05 0.00013975521138043234 -0.00052191947078261691 -6.2589654085609683e-05
leaf_weight=31 31 33 38 21 21 30 27 20 20
leaf_count=31 31 33 38 21 21 30 27 20 20
internal_value=-0.000735294 0.00344828 0.0111111 0.00192308 -0.00540541 -0.00677966 -0.0025641 -0.00882353 -0.0158537
internal_weight=272 164 90 52 74 108 78 51 41
internal_count=272 164 90 52 74 108 78 51 41
cat_boundaries=0 1 2
cat_threshold=624 4
is_linear=0
shrinkage=0.05


Tree=185
num_leaves=11
num_cat=0
split_feature=12 12 12 12 10 12 12 10 6 6
split_gain=2.79724 7.72447 5.54113 2.4381 2.11866 2.50139 3.2477 2.86501 2.61558 0.9
threshold=19.500000000000004 22.500000000000004 8.5000000000000018 13.500000000000002 49.500000000000007 27.500000000000004 33.500000000000007 74.500000000000014 24.708333333333339 25.083333333333339
decision_type=2 2 2 2 2 2 2 2 2 2
left_child=2 -2 -1 -4 -3 -6 9 -8 -9 -7
right_child=1 4 3 -5 5 6 7 8 -10 -11
leaf_value=-0.0097221417975087657 -0.0001232790007607676 0.0007377020102077303 0.00092157740692049299 0.00038467954165177787 -5.8255211998492488e-05 0.00075799317319305006 -1.1148302559860213e-05 -9.8622355947597384e-05 4.6960874141888104e-05 0.00070167513216556898
leaf_weight=22 31 20 20 28 29 20 28 25 29 20
leaf_count=22 31 20 20 28 29 20 28 25 29 20
internal_value=-0.00147059 -0.00445545 0.00714286 0.0166667 -0.000292398 -0.00231788 0.000819672 -0.00487805 0.00185185 0.0125
internal_weight=272 202 70 48 171 151 122 82 54 40
internal_count=272 202 70 48 171 151 122 82 54 40
is_linear=0
shrinkage=0.05


Tree=186
num_leaves=10
num_cat=2
split_feature=0 12 6 14 12 5 2 3 7
split_gain=2.20804 3.78615 2.56889 2.46458 2.29091 4.42086 2.54445 0.853333 0.4
threshold=0 32.500000000000007 23.416666666666668 505.00000000000006 12.500000000000002 26.833333333333339 1 31.500000000000004 1300000000.0000002
decision_type=9 2 2 2 2 2 9 2 2
left_child=4 2 8 -3 -1 6 -6 -4 -2
right_child=1 3 7 -5 5 -7 -8 -9 -10
leaf_value=0.0017676890674301227 -1.4754859671839428e-07 -8.3415836556355326e-06 -0.00016153250771422378 0.00028524152315618779 -9.3691238150128708e-05 5.6205660000685501e-05 -2.4827651039061041e-06 -0.00013230011679628008 -0.00012384331862467235
leaf_weight=21 20 35 20 27 25 37 37 30 20
leaf_count=21 20 35 20 27 25 37 37 30 20
internal_value=-0.00367647 -0.00740741 -0.0144444 0.0016129 0.00153846 -0.00151515 -0.00967742 -0.022 -0.005
internal_weight=272 152 90 62 120 99 62 50 40
internal_count=272 152 90 62 120 99 62 50 40
cat_boundaries=0 1 2
cat_threshold=297 1
is_linear=0
shrinkage=0.05


Tree=187
num_leaves=10
num_cat=0
split_feature=6 5 6 12 5 6 5 14 3
split_gain=2.0434 3.381 3.37873 2.91329 1.71001 2.54368 2.55882 1.56603 1.09394
threshold=23.083333333333339 26.500000000000004 20.366666666666671 23.500000000000004 28.583333333333339 29.416666666666668 32.500000000000007 530.00000000000011 11.500000000000002
decision_type=2 2 2 2 2 2 2 2 2
left_child=2 7 3 -1 -3 -6 -7 -2 -5
right_child=1 4 -4 8 5 6 -8 -9 -10
leaf_value=2.205438985054542e-05 -5.2355904816359101e-05 0.0016232020497235933 6.5065312593048927e-05 -2.2851600755835478e-05 -5.9582505428679161e-05 0.00013064069886610242 -3.535492509909588e-05 -0.00034354815601629342 -8.3322942962738017e-05
leaf_weight=38 23 20 38 20 31 24 34 20 24
leaf_count=38 23 20 38 20 31 24 34 20 24
internal_value=-0.00404412 -0.00789474 0.000833333 -0.00487805 -0.00321101 -0.00617978 0 -0.0197674 -0.0136364
internal_weight=272 152 120 82 109 89 58 43 44
internal_count=272 152 120 82 109 89 58 43 44
is_linear=0
shrinkage=0.05


Tree=188
num_leaves=10
num_cat=1
split_feature=12 10 12 5 2 3 3 7 10
split_gain=2.42776 3.60238 3.43087 2.06869 1.90828 2.46508 4.0014 2.33333 1.98664
threshold=32.500000000000007 60.500000000000007 35.500000000000007 24.166666666666668 0 30.500000000000004 11.500000000000002 1300000000.0000002 32.500000000000007
decision_type=2 2 2 2 9 2 2 2 2
left_child=1 4 -2 -4 7 6 -6 -1 -8
right_child=2 -3 3 -5 5 -7 8 -9 -10
leaf_value=4.0762290154994223e-05 2.4719774921599937e-05 -0.00067521012435136642 1.0400350289430094e-05 -1.8319524283505473e-05 -8.7692824642271461e-05 -0.00027657845296999998 0.00072901819078667889 -3.203240207128033e-05 -1.0117336672532673e-05
leaf_weight=21 28 21 30 36 26 30 21 27 32
leaf_count=21 28 21 30 36 26 30 21 27 32
internal_value=-0.00330882 -0.00674157 0.00319149 -0.0030303 -0.00414013 -0.00779817 -0.00316456 0.00416667 0.00471698
internal_weight=272 178 94 66 157 109 79 48 53
internal_count=272 178 94 66 157 109 79 48 53
cat_boundaries=0 1
cat_threshold=4
is_linear=0
shrinkage=0.05


Tree=189
num_leaves=10
num_cat=0
split_feature=6 10 12 12 12 3 6 12 5
split_gain=2.54303 2.05206 2.62016 3.02531 3.57672 2.61673 1.43299 2.35313 0.512121
threshold=23.083333333333339 80.500000000000014 29.500000000000004 25.500000000000004 19.500000000000004 32.500000000000007 20.366666666666671 23.500000000000004 15.333333333333334
decision_type=2 2 2 2 2 2 2 2 2
left_child=6 2 3 4 -2 -4 7 -1 -9
right_child=1 -3 5 -5 -6 -7 -8 8 -10
leaf_value=2.0733423155849807e-05 0.00010536557448137529 4.8563681072621995e-05 -0.0001852985119150219 9.4140591250280184e-05 -5.18475595630008e-05 -9.6772575233217148e-07 6.1292029448978272e-05 -1.5469104747278807e-05 -0.00010543118259374041
leaf_weight=38 36 23 22 23 27 21 38 24 20
leaf_count=38 36 23 22 23 27 21 38 24 20
internal_value=-0.00294118 -0.00723684 -0.00968992 -0.00465116 -0.0103175 -0.0197674 0.0025 -0.00121951 -0.00909091
internal_weight=272 152 129 86 63 43 120 82 44
internal_count=272 152 129 86 63 43 120 82 44
is_linear=0
shrinkage=0.05


Tree=190
num_leaves=10
num_cat=0
split_feature=5 5 7 12 5 6 5 12 12
split_gain=2.30485 3.03199 3.0095 3.54341 2.22275 2.54368 2.55882 2.11579 3.90718
threshold=23.500000000000004 26.500000000000004 1150000000.0000002 34.500000000000007 28.583333333333339 29.416666666666668 32.500000000000007 23.500000000000004 16.500000000000004
decision_type=2 2 2 2 2 2 2 2 2
left_child=2 -2 -1 7 -3 -6 -7 8 -4
right_child=1 4 3 -5 5 6 -8 -9 -10
leaf_value=0.00019211104478351616 -7.8866560741985844e-05 0.0014205952728437055 -0.0024700778206533159 1.5864057298031753e-05 -4.9255181584939578e-05 0.00012383474125439166 -2.2872313319055593e-05 -0.00017215527300491474 0.00072520578652435219
leaf_weight=32 36 21 23 25 31 24 34 26 20
leaf_count=32 36 21 23 25 31 24 34 26 20
internal_value=-0.00257353 -0.00684932 0.00238095 -0.00212766 -0.00272727 -0.00617978 0 -0.00797101 -0.00116279
internal_weight=272 146 126 94 110 89 58 69 43
internal_count=272 146 126 94 110 89 58 69 43
is_linear=0
shrinkage=0.05


Tree=191
num_leaves=11
num_cat=0
split_feature=12 12 12 3 10 10 3 5 3 6
split_gain=3.5792 4.25188 5.43785 3.93617 3.57143 2.80519 2.16667 1.95882 1.24444 0.1
threshold=32.500000000000007 19.500000000000004 22.500000000000004 34.500000000000007 16.500000000000004 60.500000000000007 22.500000000000004 22.833333333333339 19.500000000000004 26.916666666666668
decision_type=2 2 2 2 2 2 2 2 2 2
left_child=1 4 -3 7 -1 8 -6 -2 -4 -9
right_child=3 2 5 -5 6 -7 -8 9 -10 -11
leaf_value=-0.0092780749571751194 2.746896037386648e-05 -0.00010049829617457817 -8.5683578901374357e-06 4.2064580957656977e-05 0.0014387210547803786 -0.0006310410768719521 5.5273164867708506e-05 -1.9106975724803023e-05 3.6194281983092935e-05 -1.4881423117607541e-05
leaf_weight=20 34 31 20 20 24 21 26 20 36 20
leaf_count=20 34 31 20 20 24 21 26 20 36 20
internal_value=-0.00257353 -0.00674157 -0.012963 0.00531915 0.00285714 -0.00584416 0.01 0 0 -0.0075
internal_weight=272 178 108 94 70 77 50 74 56 40
internal_count=272 178 108 94 70 77 50 74 56 40
is_linear=0
shrinkage=0.05


Tree=192
num_leaves=10
num_cat=0
split_feature=12 12 7 12 10 12 12 5 6
split_gain=1.84748 8.0709 3.73333 3.13656 4.0277 1.8821 1.6 1.46752 2.52606
threshold=22.500000000000004 19.500000000000004 1425000000.0000002 29.500000000000004 66.500000000000014 26.500000000000004 12.500000000000002 25.166666666666668 20.708333333333339
decision_type=2 2 2 2 2 2 2 2 2
left_child=1 2 6 5 -5 -2 -1 8 -6
right_child=3 -3 -4 4 7 -7 -8 -9 -10
leaf_value=-0.0030754641671563833 3.597810941435853e-06 -9.5473381365884793e-05 0.0013418633930584178 -0.0001316534454263163 -7.0888171802963027e-05 0.0010853951213981362 -7.2238572800698009e-05 -1.4137351961629463e-05 5.5695886578277509e-05
leaf_weight=20 37 31 30 26 23 23 20 38 24
leaf_count=20 37 31 30 26 23 23 20 38 24
internal_value=-0.00404412 -0.00940594 0 -0.000877193 -0.00585586 0.00833333 -0.01 -0.000588235 0.00531915
internal_weight=272 101 70 171 111 60 40 85 47
internal_count=272 101 70 171 111 60 40 85 47
is_linear=0
shrinkage=0.05


Tree=193
num_leaves=11
num_cat=0
split_feature=12 12 14 12 3 12 5 5 6 6
split_gain=3.3873 4.54057 3.63136 3.57727 2.48575 2.16774 1.98426 5.21849 1.75325 1.52727
threshold=27.500000000000004 23.500000000000004 580.00000000000011 33.500000000000007 27.500000000000004 13.500000000000002 29.166666666666668 22.416666666666668 24.083333333333339 19.583333333333339
decision_type=2 2 2 2 2 2 2 2 2 2
left_child=1 2 4 8 5 -1 7 -5 -2 -7
right_child=3 -3 -4 6 -6 9 -8 -9 -10 -11
leaf_value=0.003480881772784539 0.00092972301465898965 -8.4702015913062931e-05 -0.00014266545427599198 1.724181500470934e-05 -6.7512011201031896e-05 -5.1870672022413801e-05 7.5300798400235186e-06 -0.00018790849449992211 0.00065801211609315411 2.218431450344838e-05
leaf_weight=20 20 38 24 29 24 20 28 25 22 22
leaf_count=20 20 38 24 29 24 20 28 25 22 22
internal_value=-0.00367647 -0.00878378 -0.00363636 0.00241935 0.00116279 0.00645161 -0.00365854 -0.00925926 0.0142857 0
internal_weight=272 148 110 124 86 62 82 54 42 42
internal_count=272 148 110 124 86 62 82 54 42 42
is_linear=0
shrinkage=0.05


Tree=194
num_leaves=11
num_cat=0
split_feature=12 12 10 12 10 3 5 12 10 6
split_gain=2.97563 3.08045 3.02286 2.57023 3.64069 2.51915 1.95882 1.62909 0.875758 0.1
threshold=32.500000000000007 19.500000000000004 16.500000000000004 22.500000000000004 55.500000000000007 34.500000000000007 22.833333333333339 13.500000000000002 49.500000000000007 26.916666666666668
decision_type=2 2 2 2 2 2 2 2 2 2
left_child=1 2 -1 -3 8 6 -2 -4 -5 -8
right_child=5 3 7 4 -6 -7 9 -9 -10 -11
leaf_value=-0.0088561654340035163 3.0296962035869515e-05 -9.180892802280739e-05 0.00074657288287962589 0.00072070467357825412 -0.00016269367249641676 3.8303091173119702e-05 -3.3154911116639595e-05 0.00030986028387904876 -5.3109006863483193e-05 -1.3806988355646867e-05
leaf_weight=20 34 31 22 20 33 20 20 28 24 20
leaf_count=20 34 31 22 20 33 20 20 28 24 20
internal_value=-0.00294118 -0.00674157 0.00142857 -0.012037 -0.00714286 0.00425532 0 0.008 0.00227273 -0.0075
internal_weight=272 178 70 108 77 94 74 50 44 40
internal_count=272 178 70 108 77 94 74 50 44 40
is_linear=0
shrinkage=0.05


Tree=195
num_leaves=10
num_cat=0
split_feature=12 12 12 12 12 3 5 3 6
split_gain=2.67936 3.19962 5.21157 10.0783 2.7773 2.51915 1.95882 1.18971 0.1
threshold=32.500000000000007 23.500000000000004 16.500000000000004 12.500000000000002 27.500000000000004 34.500000000000007 22.833333333333339 16.500000000000004 26.916666666666668
decision_type=2 2 2 2 2 2 2 2 2
left_child=1 2 3 -1 -3 6 -2 -4 -8
right_child=5 4 7 -5 -6 -7 8 -9 -10
leaf_value=0.0003600294447486441 2.8782113933978337e-05 -9.5686224636271083e-05 0.00068692899908127112 -0.0018166166828256448 -0.00033060248315619489 3.638793661444595e-05 -3.1497165560878673e-05 8.9444576644837077e-06 -1.3116638937837877e-05
leaf_weight=37 34 38 20 20 30 20 20 33 20
leaf_count=37 34 38 20 20 30 20 20 33 20
internal_value=-0.00257353 -0.00617978 -0.000909091 -0.0114035 -0.0147059 0.00425532 0 0.0103774 -0.0075
internal_weight=272 178 110 57 68 94 74 53 40
internal_count=272 178 110 57 68 94 74 53 40
is_linear=0
shrinkage=0.05


Tree=196
num_leaves=12
num_cat=1
split_feature=1 3 5 5 3 7 3 14 12 5 6
split_gain=2.79127 2.7906 1.89091 4.74783 1.76609 3.57061 2.64886 2.02736 1.52727 0.88658 0.64
threshold=0 37.500000000000007 25.166666666666668 21.416666666666668 17.500000000000004 1550000000.0000002 22.500000000000004 490.00000000000006 23.500000000000004 27.500000000000004 27.083333333333339
decision_type=1 2 2 2 2 2 2 2 2 2 2
left_child=2 4 3 8 5 -2 -6 -8 -1 -9 -4
right_child=1 -3 10 -5 6 -7 7 9 -10 -11 -12
leaf_value=8.6323549899081098e-05 -6.236281869833605e-05 -0.00030368535379317053 -6.5771962159377756e-05 0.00010854138073081999 0.00015097758867419487 1.3425770455910424e-05 -0.00011184942598374548 -0.00013598196571358302 -0.00011095341531772718 0.00014961173187639788 6.9602470400553784e-06
leaf_weight=22 24 22 20 23 23 25 26 22 20 20 25
leaf_count=22 24 22 20 23 23 25 26 22 20 20 25
internal_value=-0.00183824 -0.00581395 0.00416667 0.01 -0.00357143 -0.0112245 0.000549451 -0.00441176 0 0.00238095 -0.00333333
internal_weight=272 162 110 65 140 49 91 68 42 42 45
internal_count=272 162 110 65 140 49 91 68 42 42 45
cat_boundaries=0 1
cat_threshold=270
is_linear=0
shrinkage=0.05


Tree=197
num_leaves=11
num_cat=0
split_feature=12 12 10 3 10 10 12 10 12 3
split_gain=2.36968 3.55756 4.16571 2.19022 2.04224 2.5037 2.02208 2.80519 1.80831 1.24444
threshold=32.500000000000007 19.500000000000004 16.500000000000004 34.500000000000007 89.500000000000014 72.500000000000014 22.500000000000004 60.500000000000007 13.500000000000002 19.500000000000004
decision_type=2 2 2 2 2 2 2 2 2 2
left_child=1 2 -1 4 5 -2 -3 9 -4 -8
right_child=3 6 8 -5 -6 -7 7 -9 -10 -11
leaf_value=-0.008425924589443445 1.0481543780116454e-05 -8.4377106396971158e-05 0.00068637114323237829 4.5560222771179329e-05 0.028133919358795723 -7.440534991989268e-05 -2.6498135109775946e-05 -0.00060862273537303229 0.00037871012959120879 4.169680426580058e-05
leaf_weight=20 24 31 22 20 20 30 20 21 28 36
leaf_count=20 24 31 22 20 20 30 20 21 28 36
internal_value=-0.00110294 -0.00449438 0.00428571 0.00531915 0.00135135 -0.0037037 -0.0101852 -0.00584416 0.012 0
internal_weight=272 178 70 94 74 54 108 77 50 56
internal_count=272 178 70 94 74 54 108 77 50 56
is_linear=0
shrinkage=0.05


Tree=198
num_leaves=9
num_cat=1
split_feature=3 3 2 3 7 7 5 6
split_gain=3.1473 5.22807 2.71703 2.45833 1.85531 4.19147 1.71343 6.0629
threshold=17.500000000000004 22.500000000000004 0 34.500000000000007 1150000000.0000002 1425000000.0000002 29.833333333333339 24.583333333333339
decision_type=2 2 9 2 2 2 2 2
left_child=4 -2 3 -3 -1 -6 7 -4
right_child=1 2 6 -5 5 -7 -8 -9
leaf_value=1.4068842070713573e-05 0.00016185036208504755 -1.1806769484756785e-05 4.4923529536333721e-07 3.2638384300298644e-05 -7.7360353637834231e-05 -4.5334620947823369e-05 2.7833042208769143e-06 -0.00048852100107534826
leaf_weight=25 38 28 33 25 28 36 33 26
leaf_count=25 38 28 33 25 28 36 33 26
internal_value=-0.00183824 0.00191257 -0.00241379 0.00660377 -0.00955056 -0.0140625 -0.0076087 -0.0127119
internal_weight=272 183 145 53 89 64 92 59
internal_count=272 183 145 53 89 64 92 59
cat_boundaries=0 1
cat_threshold=4
is_linear=0
shrinkage=0.05


Tree=199
num_leaves=10
num_cat=1
split_feature=3 3 2 3 7 12 5 7 7
split_gain=2.85439 2.66738 2.31733 2.45833 1.857 2.28758 3.82998 1.85531 4.19147
threshold=17.500000000000004 22.500000000000004 0 34.500000000000007 800000000.00000012 16.500000000000004 29.833333333333339 1150000000.0000002 1425000000.0000002
decision_type=2 2 9 2 2 2 2 2 2
left_child=7 -2 3 -3 -4 -6 -7 -1 -9
right_child=1 2 4 -5 5 6 -8 8 -10
leaf_value=1.336539996721342e-05 0.00015375784398088401 -1.1216431010474538e-05 -0.00067440323480232327 3.100646508542582e-05 -0.0012548021981229952 -0.00010724212896935371 0.00058303165753148534 -7.3492335955993582e-05 -4.3067889900427761e-05
leaf_weight=25 38 28 20 25 21 31 20 28 36
leaf_count=25 38 28 20 25 21 31 20 28 36
internal_value=-0.00220588 0.00136612 -0.00172414 0.00660377 -0.00652174 -0.00277778 0.00294118 -0.00955056 -0.0140625
internal_weight=272 183 145 53 92 72 51 89 64
internal_count=272 183 145 53 92 72 51 89 64
cat_boundaries=0 1
cat_threshold=4
is_linear=0
shrinkage=0.05


Tree=200
num_leaves=10
num_cat=1
split_feature=6 3 1 6 8 10 3 5 10
split_gain=3.11119 3.24259 3.18741 4.80286 4.12297 3 2.05753 1.79708 1.6
threshold=33.166666666666679 33.500000000000007 0 17.375000000000004 1.0000000180025095e-35 51.500000000000007 22.500000000000004 23.833333333333339 80.500000000000014
decision_type=2 2 1 2 2 2 2 2 2
left_child=1 2 4 -4 7 -3 -5 -1 -6
right_child=-2 5 3 6 8 -7 -8 -9 -10
leaf_value=0.00071167183606206668 -0.00035918582769074449 -6.2492922447177085e-05 -5.802879400964578e-05 1.1633249816611625e-05 -9.8909341950648161e-05 5.914505597619524e-05 -0.00012226787838223174 4.6796103327473311e-06 -3.2211597571141225e-05
leaf_weight=37 21 20 28 37 20 30 35 24 20
leaf_count=37 21 20 28 37 20 30 35 24 20
internal_value=-0.00294118 -0.00139442 -0.00422886 -0.01 0.00225225 0.01 -0.00416667 0.0106557 -0.01
internal_weight=272 251 201 100 101 50 72 61 40
internal_count=272 251 201 100 101 50 72 61 40
cat_boundaries=0 1
cat_threshold=930
is_linear=0
shrinkage=0.05


Tree=201
num_leaves=10
num_cat=1
split_feature=1 6 6 10 5 3 5 5 3
split_gain=2.54061 4.22059 2.85703 4.62857 2.41672 3.14266 3.05816 2.49578 2.12524
threshold=0 18.633333333333336 23.083333333333339 67.500000000000014 25.166666666666668 21.500000000000004 29.166666666666668 33.166666666666679 7.5000000000000009
decision_type=1 2 2 2 2 2 2 2 2
left_child=1 -1 -3 -4 5 8 -6 -8 -2
right_child=4 2 3 -5 6 -7 7 -9 -10
leaf_value=-7.5228815684269537e-05 0.00041229861699090267 3.0968226989536161e-05 1.7047908581702132e-06 -0.00048594920184719115 -0.00011207578398959584 9.3108070855052461e-05 1.1748269515976517e-05 -7.7195356540205043e-05 -2.2429215754016241e-05
leaf_weight=23 26 29 36 20 33 25 25 22 33
leaf_count=23 26 29 36 20 33 25 25 22 33
internal_value=-0.00294118 -0.00847458 -0.00411765 -0.0107143 0.00114943 0.00714286 -0.005 0.00319149 0.000847458
internal_weight=272 108 85 56 164 84 80 47 59
internal_count=272 108 85 56 164 84 80 47 59
cat_boundaries=0 1
cat_threshold=593
is_linear=0
shrinkage=0.05


Tree=202
num_leaves=10
num_cat=1
split_feature=3 6 7 7 6 10 12 10 2
split_gain=3.4722 2.40572 2.23382 3.3373 1.70368 1.91782 3.23367 2.9697 2.80883
threshold=17.500000000000004 33.166666666666679 1150000000.0000002 1425000000.0000002 31.100000000000005 33.500000000000007 22.500000000000004 59.500000000000007 0
decision_type=2 2 2 2 2 2 2 2 9
left_child=2 4 -1 -4 5 -2 -7 -8 -9
right_child=1 -3 3 -5 -6 6 7 8 -10
leaf_value=1.4008131399378954e-05 0.00019463837044915168 -0.00017969614482380437 -6.3154838673584734e-05 -3.4549591220489616e-05 6.4503823114847592e-05 -0.00034346935568958515 0.00089519611076083194 1.172266445870207e-05 -7.7386477400409603e-05
leaf_weight=25 34 20 28 36 21 20 22 29 37
leaf_count=25 34 20 28 36 21 20 22 29 37
internal_value=-0.00257353 0.00136612 -0.0106742 -0.015625 0.00337423 0.00140845 -0.00185185 0.00227273 -0.0030303
internal_weight=272 183 89 64 163 142 108 88 66
internal_count=272 183 89 64 163 142 108 88 66
cat_boundaries=0 1
cat_threshold=4
is_linear=0
shrinkage=0.05


Tree=203
num_leaves=11
num_cat=0
split_feature=3 12 10 3 7 7 3 5 12 5
split_gain=4.48209 2.47693 3.82111 2.87763 2.23382 3.3373 1.37604 1.26208 0.95382 2.56
threshold=17.500000000000004 32.500000000000007 58.500000000000007 22.500000000000004 1150000000.0000002 1425000000.0000002 33.500000000000007 28.583333333333339 16.500000000000004 28.833333333333339
decision_type=2 2 2 2 2 2 2 2 2 2
left_child=4 2 3 -2 -1 -6 7 -3 -5 -10
right_child=1 6 -4 8 5 -7 -8 -9 9 -11
leaf_value=1.3307724829481061e-05 0.00074686294933594692 -4.6591146002583633e-06 -0.00060467938347148482 -0.00043505775502064028 -5.9997096739961014e-05 -3.2822111659491784e-05 2.7133465703599313e-05 2.5420418674926282e-05 -0.00014692907025057878 5.1868826854573063e-05
leaf_weight=25 20 23 23 31 28 36 21 20 20 25
leaf_count=25 20 23 23 31 28 36 21 20 20 25
internal_value=-0.00147059 0.00300546 -0.0012605 0.003125 -0.0106742 -0.015625 0.0109375 0.00581395 -0.00131579 0.00333333
internal_weight=272 183 119 96 89 64 64 43 76 45
internal_count=272 183 119 96 89 64 64 43 76 45
is_linear=0
shrinkage=0.05


Tree=204
num_leaves=11
num_cat=2
split_feature=3 7 7 6 5 2 5 5 2 3
split_gain=4.13116 2.23382 3.3373 2.16126 5.627 2.46199 5.65296 3.43564 1.80688 1.30662
threshold=17.500000000000004 1150000000.0000002 1425000000.0000002 23.083333333333339 20.166666666666668 0 29.833333333333339 33.416666666666679 1 27.500000000000004
decision_type=2 2 2 2 2 9 2 2 9 2
left_child=1 -1 -3 4 -2 6 -5 8 -7 -10
right_child=3 2 -4 5 -6 7 -8 -9 9 -11
leaf_value=1.2642338588086944e-05 -3.8145983181259173e-05 -5.6997241902934095e-05 -3.118100607659713e-05 -0.0002660052965829607 6.4921012393526212e-05 -1.4980372743167437e-06 5.1091271070369265e-05 -0.00014192598883564501 5.5079205004204827e-05 2.9803785972859488e-05
leaf_weight=25 26 28 36 20 21 32 21 22 21 20
leaf_count=25 26 28 36 20 21 32 21 22 21 20
internal_value=-0.00183824 -0.0106742 -0.015625 0.00245902 0.0117021 -0.000735294 -0.0109756 0.00368421 0.00890411 0.0158537
internal_weight=272 89 64 183 47 136 41 95 73 41
internal_count=272 89 64 183 47 136 41 95 73 41
cat_boundaries=0 1 2
cat_threshold=2 1
is_linear=0
shrinkage=0.05


Tree=205
num_leaves=10
num_cat=1
split_feature=3 12 12 12 10 12 14 5 2
split_gain=2.56056 2.19232 2.82475 3.12813 2.86281 2.61467 1.95099 1.651 1.47161
threshold=17.500000000000004 32.500000000000007 19.500000000000004 22.500000000000004 58.500000000000007 11.500000000000002 505.00000000000006 19.583333333333339 0
decision_type=2 2 2 2 2 2 2 2 9
left_child=7 2 5 -4 -5 -2 -3 8 -1
right_child=1 6 3 4 -6 -7 -8 -9 -10
leaf_value=-5.2322434799600971e-05 -0.000245428578488216 5.5551259617203643e-06 -0.00014969864178500104 7.3292259665436182e-05 -0.0005769999778515001 0.00090641251767973339 6.1674961773761089e-05 -0.0001084699045311055 3.3214122723279617e-07
leaf_weight=22 22 35 20 31 23 23 29 31 36
leaf_count=22 22 35 20 31 23 23 29 31 36
internal_value=-0.00147059 0.00191257 -0.00210084 -0.00810811 -0.00185185 0.00777778 0.009375 -0.00842697 -0.00344828
internal_weight=272 183 119 74 54 45 64 89 58
internal_count=272 183 119 74 54 45 64 89 58
cat_boundaries=0 1
cat_threshold=1
is_linear=0
shrinkage=0.05


Tree=206
num_leaves=11
num_cat=1
split_feature=3 3 2 8 6 5 7 12 5 10
split_gain=3.13047 2.60411 2.29441 2.13333 1.62856 4.8268 1.51191 2.4 0.4 0.4
threshold=17.500000000000004 20.500000000000004 0 1.0000000180025095e-35 24.708333333333339 29.833333333333339 1150000000.0000002 22.500000000000004 16.166666666666668 56.500000000000007
decision_type=2 2 9 2 2 2 2 2 2 2
left_child=6 -2 3 9 -4 -6 -1 -8 -9 -3
right_child=1 2 4 -5 5 -7 7 8 -10 -11
leaf_value=1.1993614597294312e-05 0.0003088546862812791 9.7238590115278359e-05 4.2658786061799958e-05 -2.595968000873583e-05 -0.00037390581798533166 3.1503691296563829e-05 -0.00011247875556037458 -6.6049718450145178e-07 -0.00010048383414922313 3.2777698361208253e-05
leaf_weight=25 25 20 39 20 25 34 24 20 20 20
leaf_count=25 25 20 39 20 25 34 24 20 20 20
internal_value=-0.000735294 0.00300546 0.000632911 0.00833333 -0.00408163 -0.00932203 -0.00842697 -0.0125 -0.005 0.015
internal_weight=272 183 158 60 98 59 89 64 40 40
internal_count=272 183 158 60 98 59 89 64 40 40
cat_boundaries=0 1
cat_threshold=4
is_linear=0
shrinkage=0.05


Tree=207
num_leaves=11
num_cat=1
split_feature=6 6 2 5 5 6 3 6 3 7
split_gain=2.85774 3.28947 4.04752 4.26087 2.11721 3.07018 1.7561 1.6874 0.268525 0.223229
threshold=20.366666666666671 23.083333333333339 0 29.833333333333339 33.416666666666679 25.708333333333339 8.5000000000000018 28.583333333333339 18.500000000000004 1300000000.0000002
decision_type=2 2 9 2 2 2 2 2 2 2
left_child=6 -2 3 -3 5 -4 9 -7 -8 -1
right_child=1 2 4 -5 -6 7 8 -9 -10 -11
leaf_value=1.1393933867509531e-05 5.5486524808312514e-05 -0.00023118933778789599 -1.7835947804201169e-05 5.5305635163804825e-05 -0.00013441107014617871 0.00082442043446526734 -0.00011639856487333233 4.5513782996664535e-06 -1.0165364650305265e-05 -6.9602111683053636e-06
leaf_weight=21 38 23 27 23 22 24 20 33 21 20
leaf_count=21 38 23 27 23 22 24 20 33 21 20
internal_value=-0.000735294 0.00263158 -0.000657895 -0.0130435 0.00471698 0.00833333 -0.00853659 0.0149123 -0.0158537 -0.00121951
internal_weight=272 190 152 46 106 84 82 57 41 41
internal_count=272 190 152 46 106 84 82 57 41 41
cat_boundaries=0 1
cat_threshold=2
is_linear=0
shrinkage=0.05


Tree=208
num_leaves=12
num_cat=2
split_feature=0 2 10 5 10 6 14 3 5 5 7
split_gain=2.97534 3.75 3.50426 2.90802 3.98629 2.84444 2.59286 1.77778 0.977788 0.9 0.228571
threshold=0 1 64.500000000000014 20.166666666666668 85.000000000000014 20.366666666666671 450.00000000000006 27.500000000000004 24.416666666666668 26.833333333333339 1300000000.0000002
decision_type=9 9 2 2 2 2 2 2 2 2 2
left_child=1 9 5 -4 -5 10 -3 -7 -8 -1 -2
right_child=2 6 3 4 -6 7 8 -9 -10 -11 -12
leaf_value=-0.00025389388518872737 2.8083806024703508e-06 0.00022873728444854359 -6.0380466128506786e-05 3.6489184891053127e-05 -0.0012324911744979517 -0.0001519333212844032 -6.379153335558386e-05 -7.3283423686465465e-05 4.1417644148999955e-05 -6.7354637534045025e-06 -1.1647597026609447e-05
leaf_weight=20 24 24 21 21 20 25 25 20 31 20 21
leaf_count=20 24 24 21 21 20 25 25 20 31 20 21
internal_value=-0.00110294 0.00461538 -0.00555556 0.00322581 0.0109756 -0.0122222 0.01125 -0.0211111 0.00535714 -0.0075 -0.00333333
internal_weight=272 120 152 62 41 90 80 45 56 40 45
internal_count=272 120 152 62 41 90 80 45 56 40 45
cat_boundaries=0 1 2
cat_threshold=432 2
is_linear=0
shrinkage=0.05


Tree=209
num_leaves=10
num_cat=2
split_feature=3 5 6 2 5 10 3 5 2
split_gain=3.7576 1.67095 5.98724 2.74367 4.23345 1.83807 3.04082 1.651 1.47161
threshold=17.500000000000004 20.166666666666668 23.083333333333339 0 29.833333333333339 50.500000000000007 33.500000000000007 19.583333333333339 1
decision_type=2 2 2 9 2 2 2 2 9
left_child=7 -2 -3 4 -4 -5 -7 8 -1
right_child=1 2 3 5 -6 6 -8 -9 -10
leaf_value=-4.9120035550132002e-05 -4.6036187495168694e-05 6.5966047122678614e-05 -0.00023905579488716635 -9.7656339056229058e-05 5.3085945687314506e-05 1.5729012259768639e-06 4.5314960295694817e-05 -9.8823750210641492e-05 6.4489652962684831e-06
leaf_weight=22 28 21 20 39 21 32 22 31 36
leaf_count=22 28 21 20 39 21 32 22 31 36
internal_value=0 0.00409836 0.00612903 0.00223881 -0.00853659 0.00698925 0.012963 -0.00842697 -0.00344828
internal_weight=272 183 155 134 41 93 54 89 58
internal_count=272 183 155 134 41 93 54 89 58
cat_boundaries=0 1 2
cat_threshold=2 1
is_linear=0
shrinkage=0.05


Tree=210
num_leaves=9
num_cat=2
split_feature=3 5 3 2 14 5 5 2
split_gain=2.54537 2.07331 1.97727 3.36308 2.74728 2.05018 5.59393 0.769418
threshold=17.500000000000004 19.583333333333339 22.500000000000004 0 530.00000000000011 29.833333333333339 25.166666666666668 1
decision_type=2 2 2 9 2 2 2 9
left_child=1 7 -2 4 -4 6 -5 -1
right_child=2 -3 3 5 -6 -7 -8 -9
leaf_value=-4.6664033772669813e-05 0.00010148887860674805 -9.3882562700287061e-05 1.4664975530820357e-06 2.3977388780771493e-05 3.071493482700305e-05 5.022282930884359e-05 -0.00034518885279544165 6.1265170313795641e-06
leaf_weight=22 38 31 33 32 20 33 27 36
leaf_count=22 38 31 33 32 20 33 27 36
internal_value=-0.000367647 -0.00730337 0.00300546 0.000344828 0.0103774 -0.00543478 -0.0110169 -0.00172414
internal_weight=272 89 183 145 53 92 59 58
internal_count=272 89 183 145 53 92 59 58
cat_boundaries=0 1 2
cat_threshold=4 1
is_linear=0
shrinkage=0.05


Tree=211
num_leaves=11
num_cat=1
split_feature=0 12 12 10 10 6 10 6 14 3
split_gain=2.62912 3.38063 2.68668 3.44516 3.01958 2.91667 2.41148 1.74753 1.05713 0.576752
threshold=0 29.500000000000004 16.500000000000004 42.500000000000007 64.500000000000014 20.708333333333339 50.500000000000007 27.083333333333339 505.00000000000006 28.500000000000004
decision_type=9 2 2 2 2 2 2 2 2 2
left_child=1 6 -2 -4 5 -5 7 -1 -6 -3
right_child=2 9 3 4 8 -7 -8 -9 -10 -11
leaf_value=4.4778031634251653e-05 -0.0021683096680158442 -2.1788582058590578e-05 0.0012065064802676774 -2.7475351416228479e-08 -2.1335063105532015e-05 -0.00010715453455079071 0.00015304345052520319 -0.00011422465548971417 2.852769962231605e-05 -4.4218333226098141e-07
leaf_weight=28 34 23 21 20 26 28 21 22 23 26
leaf_count=28 34 23 21 20 26 28 21 22 23 26
internal_value=-0.000735294 0.00461538 -0.00493827 -0.00169492 -0.0056701 -0.0145833 0.0119718 0.006 0.00306122 -0.00510204
internal_weight=272 120 152 118 97 48 71 50 49 49
internal_count=272 120 152 118 97 48 71 50 49 49
cat_boundaries=0 1
cat_threshold=408
is_linear=0
shrinkage=0.05


Tree=212
num_leaves=10
num_cat=1
split_feature=10 12 3 3 2 12 12 3 14
split_gain=2.138 6.16602 3.14832 2.37576 1.80478 5.4232 5.27778 1.8568 2.1975
threshold=16.500000000000004 13.500000000000002 33.500000000000007 36.500000000000007 0 25.500000000000004 21.500000000000004 26.500000000000004 530.00000000000011
decision_type=2 2 2 2 9 2 2 2 2
left_child=-1 -2 4 -4 5 -3 -6 8 -8
right_child=1 2 3 -5 6 -7 7 -9 -10
leaf_value=-0.0079083408682032019 0.00064599189713625553 -0.00025506800403407581 2.3968042047517457e-05 1.145476546771107e-05 7.7727621434231517e-05 5.7219789658446988e-06 1.8123263650338119e-05 -0.00032290940062749133 -5.4723324118555187e-05
leaf_weight=20 22 24 22 33 24 37 37 22 31
leaf_count=20 22 24 22 33 24 37 37 22 31
internal_value=0.000735294 0.00198413 -0.000434783 0.01 -0.00371429 -0.0106557 0 -0.00555556 -0.00147059
internal_weight=272 252 230 55 175 61 114 90 68
internal_count=272 252 230 55 175 61 114 90 68
cat_boundaries=0 1
cat_threshold=2
is_linear=0
shrinkage=0.05


Tree=213
num_leaves=12
num_cat=4
split_feature=0 14 14 5 5 5 2 6 2 14 2
split_gain=2.38188 4.03333 2.16951 4.55887 4.07152 2.65098 2.13333 1.6 1.2 1.08994 0.4
threshold=0 505.00000000000006 505.00000000000006 25.166666666666668 27.500000000000004 21.416666666666668 1 24.083333333333339 2 450.00000000000006 3
decision_type=9 2 2 2 2 2 9 2 9 2 9
left_child=1 8 3 9 5 -4 -3 -8 -1 -2 -10
right_child=2 6 4 -5 -6 -7 7 -9 10 -11 -12
leaf_value=7.4855431958731349e-06 2.7407146977509458e-05 3.472285139185516e-05 1.6320884741372056e-05 -0.00046984588242429128 0.00010699891088989945 -0.00012559116131756199 -2.1747472447852802e-05 -0.00020955231437942424 0.00018721601690248059 -1.6590027873331083e-05 6.3168296354287887e-05
leaf_weight=20 29 20 34 26 23 20 20 20 20 20 20
leaf_count=20 29 20 34 26 23 20 20 20 20 20 20
internal_value=0.000367647 0.00538462 -0.0037037 -0.01 0.00194805 -0.00555556 -0.00333333 -0.01 0.015 -0.00102041 0.02
internal_weight=272 120 152 75 77 54 60 40 60 49 40
internal_count=272 120 152 75 77 54 60 40 60 49 40
cat_boundaries=0 1 2 3 4
cat_threshold=432 4 2 1
is_linear=0
shrinkage=0.05


Tree=214
num_leaves=10
num_cat=0
split_feature=10 12 3 5 5 3 5 7 3
split_gain=2.03926 4.30888 2.14676 2.37576 1.42857 2.79677 2 1.45593 3.11279
threshold=16.500000000000004 13.500000000000002 33.500000000000007 33.166666666666679 27.500000000000004 22.500000000000004 30.583333333333339 1425000000.0000002 13.500000000000002
decision_type=2 2 2 2 2 2 2 2 2
left_child=-1 -2 4 -4 5 7 -6 8 -3
right_child=1 2 3 -5 6 -7 -8 -9 -10
leaf_value=-0.0075083701956079945 0.00060882476327703836 -1.5760526479713376e-05 2.6389845228180775e-05 -4.0194786251390727e-06 1.641038565907138e-05 -0.00016120734541811288 -2.7043306536533863e-05 -3.3849121686557736e-05 4.7675904678001762e-05
leaf_weight=20 22 32 33 22 25 32 25 39 22
leaf_count=20 22 32 33 22 25 32 25 39 22
internal_value=0.000367647 0.0015873 -0.000434783 0.00818182 -0.00314286 -0.006 0.004 -0.0016129 0.0037037
internal_weight=272 252 230 55 175 125 50 93 54
internal_count=272 252 230 55 175 125 50 93 54
is_linear=0
shrinkage=0.05


Tree=215
num_leaves=10
num_cat=1
split_feature=1 12 12 5 10 10 3 5 3
split_gain=2.4739 4.2508 4.06857 3.67742 3.26678 3.46925 2.6799 3.05307 2.42424
threshold=0 16.500000000000004 29.500000000000004 26.500000000000004 67.500000000000014 76.500000000000014 10.500000000000002 30.166666666666668 23.500000000000004
decision_type=1 2 2 2 2 2 2 2 2
left_child=6 -2 3 -3 -4 -6 -1 8 -8
right_child=1 2 4 -5 5 -7 7 -9 -10
leaf_value=-8.8473404520428295e-05 -0.0011846775785542718 -1.6440067131640035e-06 -8.6614776339466462e-05 0.00060162189590613486 2.5612792296136889e-05 -0.00013369812757701993 0.00073703929504045365 -2.4551353419344225e-05 1.0715691208496027e-05
leaf_weight=22 33 38 20 24 20 29 27 26 33
leaf_count=22 33 38 20 24 20 29 27 26 33
internal_value=0.000367647 -0.00344828 0.000381679 0.00967742 -0.00797101 -0.00102041 0.0059322 0.0104651 0.0166667
internal_weight=272 164 131 62 69 49 108 86 60
internal_count=272 164 131 62 69 49 108 86 60
cat_boundaries=0 1
cat_threshold=387
is_linear=0
shrinkage=0.05


Tree=216
num_leaves=10
num_cat=1
split_feature=0 12 6 10 12 10 7 5 5
split_gain=2.38188 2.66825 2.62286 2.32822 2.18533 1.92 1.52956 2.59512 2.86202
threshold=0 36.500000000000007 23.183333333333337 72.500000000000014 32.500000000000007 52.500000000000007 1150000000.0000002 21.416666666666668 29.166666666666668
decision_type=9 2 2 2 2 2 2 2 2
left_child=1 2 -1 4 6 -4 -2 -8 -9
right_child=3 -3 5 -5 -6 -7 7 8 -10
leaf_value=-2.2398019083880173e-08 0.00012661265156039826 1.0150140927578378e-05 -4.7484417467380524e-05 -4.2522421827229095e-05 2.4874592010704079e-05 -0.00014539949612046854 -0.00012123266277104251 8.0595330280353045e-05 -0.00011319410794001783
leaf_weight=34 30 36 30 25 21 20 35 21 20
leaf_count=34 30 36 30 25 21 20 35 21 20
internal_value=-0.000367647 -0.00538462 -0.0107143 0.0037037 0.00669291 -0.018 0.00377358 0 0.00853659
internal_weight=272 120 84 152 127 50 106 76 41
internal_count=272 120 84 152 127 50 106 76 41
cat_boundaries=0 1
cat_threshold=596
is_linear=0
shrinkage=0.05


Tree=217
num_leaves=10
num_cat=1
split_feature=0 12 12 14 12 12 3 14 12
split_gain=2.62912 3.75 3.0183 3.45622 2.54241 2.80234 2.18112 1.67597 0.9
threshold=0 29.500000000000004 32.500000000000007 505.00000000000006 25.500000000000004 13.500000000000002 37.500000000000007 530.00000000000011 35.500000000000007
decision_type=9 2 2 2 2 2 2 2 2
left_child=1 4 6 -4 5 -1 7 -2 -3
right_child=2 8 3 -5 -6 -7 -8 -9 -10
leaf_value=0.0012713340525413843 -5.3415453195215794e-05 -0.0003530277217262956 -4.0069479673832118e-06 5.7005027876400055e-05 0.00091622566407405519 -2.6231578363589138e-05 1.650235382584242e-05 -0.00015642052753399584 7.8530817784638895e-06
leaf_weight=23 36 20 35 27 21 36 23 31 20
leaf_count=23 36 20 35 27 21 36 23 31 20
internal_value=-0.000735294 0.00461538 -0.00493827 0.00322581 0.01125 0.0059322 -0.0111111 -0.0156716 -0.0075
internal_weight=272 120 152 62 80 59 90 67 40
internal_count=272 120 152 62 80 59 90 67 40
cat_boundaries=0 1
cat_threshold=297
is_linear=0
shrinkage=0.05


Tree=218
num_leaves=11
num_cat=1
split_feature=2 14 5 5 12 6 3 12 12 12
split_gain=1.67034 2.32987 3.11481 3.367 2.19958 3.00991 2.04168 4.48828 1.4658 1.44
threshold=0 450.00000000000006 13.500000000000002 19.583333333333339 27.500000000000004 26.733333333333338 13.500000000000002 29.500000000000004 23.500000000000004 19.500000000000004
decision_type=9 2 2 2 2 2 2 2 2 2
left_child=6 8 -3 -4 9 -6 -1 -8 -2 -5
right_child=1 2 3 4 5 -7 7 -9 -10 -11
leaf_value=-6.8807163054884773e-05 0.00020581354340283299 2.9679290955719751e-05 -0.00080205626835452295 7.4385609250438025e-06 -7.669630625386504e-05 0.0006177867828503381 6.2456079189310287e-05 -2.1984006410136204e-05 1.1969939997413803e-05 -2.4191810916818215e-05
leaf_weight=21 20 20 20 20 23 20 38 31 34 25
leaf_count=21 20 20 20 20 23 20 38 31 34 25
internal_value=-0.00220588 0.000549451 -0.003125 -0.00648148 -0.00227273 0.00581395 -0.00777778 -0.00362319 0.00925926 -0.01
internal_weight=272 182 128 108 88 43 90 69 54 45
internal_count=272 182 128 108 88 43 90 69 54 45
cat_boundaries=0 1
cat_threshold=2
is_linear=0
shrinkage=0.05


Tree=219
num_leaves=10
num_cat=1
split_feature=1 5 5 10 12 5 6 5 10
split_gain=2.87614 2.38898 4.77176 2.1122 2.39777 1.76263 1.33975 1.22727 1.21805
threshold=0 24.833333333333339 21.416666666666668 72.500000000000014 25.500000000000004 16.833333333333339 26.366666666666671 33.166666666666679 32.500000000000007
decision_type=1 2 2 2 2 2 2 2 2
left_child=3 2 5 4 8 -2 -3 -8 -1
right_child=1 6 -4 -5 -6 -7 7 -9 -10
leaf_value=-6.5318760997135072e-05 6.9160036036564068e-05 -0.00017164310355379799 0.00011172634386351632 -2.6247993885419875e-05 1.2554432175093667e-05 -6.5366804902211584e-05 2.5972374279525925e-05 -0.00013542784180531342 -2.2004617819870731e-05
leaf_weight=22 37 25 25 25 37 23 32 22 24
leaf_count=22 37 25 25 25 37 23 32 22 24
internal_value=-0.00257353 0.00172414 0.00764706 -0.00847458 -0.00542169 0 -0.00443038 0 -0.0130435
internal_weight=272 164 85 108 83 60 79 54 46
internal_count=272 164 85 108 83 60 79 54 46
cat_boundaries=0 1
cat_threshold=113
is_linear=0
shrinkage=0.05


Tree=220
num_leaves=11
num_cat=2
split_feature=0 6 6 7 6 6 2 7 7 6
split_gain=3.6042 2.17971 3.17416 2.74286 3.6 2.11657 2.01116 2.94456 2.1645 2.00519
threshold=0 26.733333333333338 24.583333333333339 1425000000.0000002 20.083333333333339 30.083333333333339 1 1425000000.0000002 1150000000.0000002 31.100000000000005
decision_type=9 2 2 2 2 2 9 2 2 2
left_child=5 2 3 4 -2 6 -1 8 -8 -3
right_child=1 9 -4 -5 -6 -7 7 -9 -10 -11
leaf_value=3.3255513429963915e-05 -1.5058543023060978e-05 -9.0099547243660549e-05 3.9184675659598159e-05 -0.00011257970651659122 9.3640565690567012e-05 0.0001547579386135034 4.8686875207115678e-05 1.5964647258215336e-05 -7.7146059784638513e-05 -9.3136532704818368e-06
leaf_weight=29 20 31 24 30 20 22 20 27 22 27
leaf_count=29 20 31 24 30 20 22 20 27 22 27
internal_value=-0.00257353 -0.00740741 -0.00319149 -0.00857143 0 0.00384615 0.00102041 -0.00362319 -0.0119048 -0.0155172
internal_weight=272 152 94 70 40 120 98 69 42 58
internal_count=272 152 94 70 40 120 98 69 42 58
cat_boundaries=0 1 2
cat_threshold=297 4
is_linear=0
shrinkage=0.05


Tree=221
num_leaves=9
num_cat=1
split_feature=0 14 5 6 5 12 3 14
split_gain=4.13384 4.29206 3.78947 3.03461 2.81481 1.42833 1.15563 0.96
threshold=0 450.00000000000006 23.500000000000004 22.416666666666668 17.833333333333339 29.500000000000004 28.500000000000004 505.00000000000006
decision_type=9 2 2 2 2 2 2 2
left_child=1 -1 4 -3 7 -5 -4 -2
right_child=2 3 6 5 -6 -7 -8 -9
leaf_value=5.2622118200895684e-05 -5.6469479331155982e-05 -0.00020538719550264873 -1.7678447441582536e-05 0.00047892521939623127 0.00079550520183868656 -4.9758329723914588e-05 -0.00030905030112053926 6.6632334030813924e-06
leaf_weight=36 25 26 37 34 27 24 39 24
leaf_count=36 25 26 37 34 27 24 39 24
internal_value=-0.00220588 0.00461538 -0.00740741 -0.00119048 0 0.00517241 -0.0157895 -0.00714286
internal_weight=272 120 152 84 76 58 76 49
internal_count=272 120 152 84 76 58 76 49
cat_boundaries=0 1
cat_threshold=424
is_linear=0
shrinkage=0.05


Tree=222
num_leaves=11
num_cat=1
split_feature=0 12 12 10 3 12 12 5 6 12
split_gain=3.6042 2.15924 3.06349 4.73661 3 1.59091 2.90909 2.54545 1.49129 1.33333
threshold=0 22.500000000000004 33.500000000000007 80.500000000000014 25.500000000000004 12.500000000000002 27.500000000000004 26.833333333333339 25.083333333333339 20.500000000000004
decision_type=9 2 2 2 2 2 2 2 2 2
left_child=5 4 8 -4 -2 -1 9 -8 -3 -7
right_child=1 2 3 -5 -6 6 7 -9 -10 -11
leaf_value=0.0014128809856755354 -0.00023850639445113233 9.8826892475756267e-05 -1.1221891733370627e-05 3.52457017628538e-05 -1.7733856948698446e-06 -1.912357316715685e-05 -1.5841688324869097e-05 0.00010721735099519237 -1.8956050917395828e-06 -7.3002335186700407e-05
leaf_weight=21 24 27 29 24 24 28 28 22 24 21
leaf_count=21 24 27 29 24 24 28 28 22 24 21
internal_value=-0.00257353 -0.00740741 -0.00384615 -0.0122642 -0.0166667 0.00384615 0.00151515 0.01 0.00490196 -0.00714286
internal_weight=272 152 104 53 48 120 99 50 51 49
internal_count=272 152 104 53 48 120 99 50 51 49
cat_boundaries=0 1
cat_threshold=297
is_linear=0
shrinkage=0.05


Tree=223
num_leaves=11
num_cat=1
split_feature=0 12 12 5 10 12 10 10 10 12
split_gain=2.53394 1.59091 2.90909 2.54545 1.33848 3.77358 4.73661 2.03524 2.02341 1.33333
threshold=0 12.500000000000002 27.500000000000004 26.833333333333339 44.000000000000007 33.500000000000007 80.500000000000014 54.500000000000007 32.500000000000007 20.500000000000004
decision_type=9 2 2 2 2 2 2 2 2 2
left_child=1 -1 9 -4 8 7 -7 -6 -2 -3
right_child=4 2 3 -5 5 6 -8 -9 -10 -11
leaf_value=0.0013422369363917499 -1.4620552229782646e-05 -1.8167394508772361e-05 -1.5049603908678933e-05 0.00010185648344549492 -1.9542837319264095e-05 -1.0660797146755387e-05 3.3483416674862099e-05 5.7784992654141835e-05 -0.00022865079911431609 -6.9352218427454207e-05
leaf_weight=21 26 28 28 22 24 29 24 29 20 21
leaf_count=21 26 28 28 22 24 29 24 29 20 21
internal_value=-0.00147059 0.00384615 0.00151515 0.01 -0.00555556 -0.00283019 -0.0122642 0.00660377 -0.0130435 -0.00714286
internal_weight=272 120 99 50 152 106 53 53 46 49
internal_count=272 120 99 50 152 106 53 53 46 49
cat_boundaries=0 1
cat_threshold=297
is_linear=0
shrinkage=0.05


Tree=224
num_leaves=12
num_cat=2
split_feature=0 2 12 14 12 12 12 10 6 12 6
split_gain=3.22747 2.81667 2.737 2.7 2.23204 3.22914 2.37813 2.91371 1.6 0.886364 0.537778
threshold=0 1 45.500000000000007 530.00000000000011 33.500000000000007 27.500000000000004 24.500000000000004 37.500000000000007 24.708333333333339 19.500000000000004 26.583333333333339
decision_type=9 9 2 2 2 2 2 2 2 2 2
left_child=1 8 4 9 5 6 7 -2 -1 -3 -6
right_child=2 3 -4 -5 10 -7 -8 -9 -10 -11 -12
leaf_value=2.9720411299205553e-05 -0.0001387946625585279 0.00085795434465278935 0.027361859849432159 -9.2512924155574439e-05 -2.0188591398806466e-05 0.00043031851402055568 -0.00025122771961756386 2.5629096857926473e-05 0.00041382739318045485 -1.0259787937982879e-05 -1.0483155151241875e-05
leaf_weight=20 26 22 20 32 25 21 20 20 20 26 20
leaf_count=20 26 22 20 32 25 21 20 20 20 26 20
internal_value=-0.00220588 0.00384615 -0.00679012 -0.00125 -0.00984848 -0.00517241 -0.0106061 -0.00434783 0.015 0.00625 -0.0188889
internal_weight=272 120 152 80 132 87 66 46 40 48 45
internal_count=272 120 152 80 132 87 66 46 40 48 45
cat_boundaries=0 1 2
cat_threshold=305 4
is_linear=0
shrinkage=0.05


Tree=225
num_leaves=11
num_cat=0
split_feature=12 5 10 10 3 3 12 12 14 6
split_gain=3.18708 3.69516 5.21602 3.4824 3.2104 2.44928 3.62799 2.39875 1.66401 0.4
threshold=29.500000000000004 17.500000000000004 80.500000000000014 54.500000000000007 32.500000000000007 27.500000000000004 16.500000000000004 21.500000000000004 530.00000000000011 19.583333333333339
decision_type=2 2 2 2 2 2 2 2 2 2
left_child=3 -2 4 5 -3 7 -7 8 9 -1
right_child=1 2 -4 -5 -6 6 -8 -9 -10 -11
leaf_value=1.4112230721874397e-05 3.247579463323547e-05 -5.875815950631136e-05 3.2576039505016752e-05 6.7457129002157509e-05 -3.9917336607686595e-06 -0.0011435232445299094 1.1869269778230774e-05 -8.4920180231762288e-05 -1.4059088647044859e-05 0.00064941687718551584
leaf_weight=20 20 34 30 23 27 21 25 31 21 20
leaf_count=20 20 34 30 23 27 21 25 31 21 20
internal_value=-0.00294118 -0.00945946 -0.0137363 0.0015528 -0.0221311 -0.00144928 -0.0108696 0.00326087 0.00901639 0.015
internal_weight=272 111 91 161 61 138 46 92 61 40
internal_count=272 111 91 161 61 138 46 92 61 40
is_linear=0
shrinkage=0.05


Tree=226
num_leaves=10
num_cat=3
split_feature=0 14 14 6 5 2 15 5 12
split_gain=3.84448 5.5254 4.53864 4.21939 3.11476 2.15081 1.86712 1.75584 1.52727
threshold=0 450.00000000000006 505.00000000000006 28.916666666666668 17.833333333333339 1 2 24.833333333333339 30.500000000000004
decision_type=9 2 2 2 2 9 9 2 2
left_child=1 -1 3 8 -3 -4 -7 -6 -2
right_child=2 4 5 -5 7 6 -8 -9 -10
leaf_value=6.9659148495704318e-05 2.6582174066369646e-06 1.9379674312958175e-05 5.7661008224840773e-05 -0.0008621746197413849 -0.00058451339498883932 1.0002468186343095e-05 -6.263954150753648e-06 -4.1684825951904262e-06 -3.1373845380855413e-05
leaf_weight=36 28 29 25 20 20 25 27 35 27
leaf_count=36 28 29 25 20 20 25 27 35 27
internal_value=-0.00110294 0.00538462 -0.00617284 -0.0153333 -0.00119048 0.00194805 -0.00384615 -0.00818182 -0.00818182
internal_weight=272 120 152 75 84 77 52 55 55
internal_count=272 120 152 75 84 77 52 55 55
cat_boundaries=0 1 2 3
cat_threshold=417 2 4
is_linear=0
shrinkage=0.05


Tree=227
num_leaves=11
num_cat=1
split_feature=12 10 10 10 12 12 10 12 2 7
split_gain=2.71976 4.50932 3.61732 2.65161 3.76045 2.39363 3.18358 2.85501 3.07182 0.658561
threshold=29.500000000000004 54.500000000000007 66.500000000000014 72.500000000000014 45.500000000000007 24.500000000000004 16.500000000000004 13.500000000000002 0 1300000000.0000002
decision_type=2 2 2 2 2 2 2 2 9 2
left_child=1 5 -2 -4 -5 6 -1 -8 -9 -10
right_child=2 -3 3 4 -6 -7 7 8 9 -11
leaf_value=-0.007172839465593106 -0.00013675549683966892 6.5299302841381746e-05 3.8872509572307483e-05 -2.980515311179488e-05 0.02599044897419649 -5.7981936002349249e-05 0.00041744307899889145 5.4128765447369891e-05 -6.6910557235733137e-05 -4.0197695374555309e-05
leaf_weight=20 26 23 26 39 20 25 22 24 21 26
leaf_count=20 26 23 26 39 20 25 22 24 21 26
internal_value=-0.000735294 0.00341615 -0.00675676 -0.00176471 -0.00762712 0 0.00309735 0.00698925 0.00211268 -0.00531915
internal_weight=272 161 111 85 59 138 113 93 71 47
internal_count=272 161 111 85 59 138 113 93 71 47
cat_boundaries=0 1
cat_threshold=4
is_linear=0
shrinkage=0.05


Tree=228
num_leaves=10
num_cat=1
split_feature=0 14 14 12 10 3 12 12 5
split_gain=2.7993 2.7 2.36278 2.28495 3.54839 1.83048 1.58356 1.80316 0.4
threshold=0 580.00000000000011 490.00000000000006 23.500000000000004 80.500000000000014 22.500000000000004 16.500000000000004 29.500000000000004 25.583333333333339
decision_type=9 2 2 2 2 2 2 2 2
left_child=1 3 5 -1 8 -2 -4 -8 -5
right_child=2 -3 6 4 -6 -7 7 -9 -10
leaf_value=-6.9032449845352062e-07 0.00059129834411688622 5.5582182128866012e-06 -0.00063203658343584661 -3.8931247516060813e-05 -1.1400555452212302e-05 9.8027336331796291e-06 0.00059307262797574371 -5.903683943841998e-06 -6.793136405747191e-05
leaf_weight=34 25 24 26 20 22 35 27 39 20
leaf_count=34 25 24 26 20 22 35 27 39 20
internal_value=-0.000735294 -0.00615385 0.0037037 -0.0104167 -0.016129 0.0116667 -0.00108696 0.0030303 -0.025
internal_weight=272 120 152 96 62 60 92 66 40
internal_count=272 120 152 96 62 60 92 66 40
cat_boundaries=0 1
cat_threshold=596
is_linear=0
shrinkage=0.05


Tree=229
num_leaves=10
num_cat=2
split_feature=1 6 10 12 6 3 2 12 6
split_gain=3.08518 4.64194 2.52009 2.16802 4.5044 3.21588 2.87203 1.4109 0.9
threshold=0 18.633333333333336 72.500000000000014 35.500000000000007 24.083333333333339 18.500000000000004 1 25.500000000000004 28.125000000000004
decision_type=1 2 2 2 2 2 9 2 2
left_child=1 -1 7 4 5 -2 -6 -3 -8
right_child=3 2 -4 -5 6 -7 8 -9 -10
leaf_value=-8.4736470600965677e-05 -3.8026436264715359e-06 -8.9868197520104335e-06 -2.9057608444560404e-05 4.2759144971782349e-05 2.0497533160668271e-05 0.00030472009002857625 -0.00012458832776154338 4.7787779750940731e-05 -0.00050906998211202041
leaf_weight=23 36 33 24 36 26 26 20 28 20
leaf_count=23 36 33 24 36 26 26 20 28 20
internal_value=-0.00147059 -0.00762712 -0.00294118 0.00287356 0 0.00967742 -0.00909091 0.00245902 -0.0175
internal_weight=272 108 85 164 128 62 66 61 40
internal_count=272 108 85 164 128 62 66 61 40
cat_boundaries=0 1 2
cat_threshold=593 4
is_linear=0
shrinkage=0.05


Tree=230
num_leaves=11
num_cat=3
split_feature=1 6 12 2 10 2 3 3 8 3
split_gain=2.87614 4.22059 2.58438 5.48241 5.96072 2.11051 2.60125 1.06039 1.54207 0.157027
threshold=0 18.633333333333336 27.500000000000004 1 27.500000000000004 2 31.500000000000004 17.500000000000004 1.0000000180025095e-35 25.500000000000004
decision_type=1 2 2 9 2 9 2 2 2 2
left_child=1 -1 3 -2 -5 -3 -7 -4 -9 -6
right_child=2 5 7 4 9 6 -8 8 -10 -11
leaf_value=-8.0499647070908509e-05 6.7262537952661469e-05 -8.5374787644809661e-06 7.913075718946062e-06 0.00032692208030775665 -0.00012732091809937175 6.6325667859423729e-05 -0.00043226253717350006 2.6264670823294978e-05 5.3717915722195643e-05 -0.00023293031063680304
leaf_weight=23 26 31 24 22 20 33 21 29 22 21
leaf_count=23 26 31 24 22 20 33 21 29 22 21
internal_value=-0.00257353 -0.00847458 0.00172414 -0.00393258 -0.0119048 -0.00411765 0.00185185 0.00866667 0.0127451 -0.0231707
internal_weight=272 108 164 89 63 85 54 75 51 41
internal_count=272 108 164 89 63 85 54 75 51 41
cat_boundaries=0 1 2 3
cat_threshold=593 4 4
is_linear=0
shrinkage=0.05


Tree=231
num_leaves=10
num_cat=1
split_feature=1 3 12 12 5 6 3 3 5
split_gain=2.87614 3.44781 4.02381 3.36606 3.15959 5.21679 2.64469 4.80769 0.9
threshold=0 17.500000000000004 29.500000000000004 38.500000000000007 16.166666666666668 22.583333333333339 26.500000000000004 33.500000000000007 27.833333333333339
decision_type=1 2 2 2 2 2 2 2 2
left_child=1 -1 8 4 -2 -6 -7 -8 -3
right_child=3 2 -4 -5 5 6 7 -9 -10
leaf_value=-2.8156077241092706e-05 4.0435330542010207e-05 6.1943818321985586e-05 -3.223375217622504e-05 0.00019104518821144723 -5.494684434417252e-05 2.9612443150561776e-05 -0.00038726775891024802 3.5793136611506071e-05 1.0836170701722381e-05
leaf_weight=33 30 20 35 23 27 32 20 32 20
leaf_count=33 30 20 35 23 27 32 20 32 20
internal_value=-0.00257353 -0.00847458 -0.00333333 0.00172414 -0.00106383 -0.00495495 0.00119048 -0.00576923 0.0075
internal_weight=272 108 75 164 141 111 84 52 40
internal_count=272 108 75 164 141 111 84 52 40
cat_boundaries=0 1
cat_threshold=833
is_linear=0
shrinkage=0.05


Tree=232
num_leaves=11
num_cat=1
split_feature=1 6 6 12 12 10 12 5 7 14
split_gain=2.30201 4 3.74346 2.59779 3.80209 2.16003 2.06588 1.52428 1.15714 0.498701
threshold=0 18.633333333333336 23.083333333333339 27.500000000000004 19.500000000000004 67.500000000000014 11.500000000000002 23.166666666666668 1150000000.0000002 530.00000000000011
decision_type=1 2 2 2 2 2 2 2 2 2
left_child=1 -1 -3 4 6 -4 -2 -5 -9 -6
right_child=3 2 5 7 9 -7 -8 8 -10 -11
leaf_value=-5.838954626167237e-05 -0.00017924123752011134 5.7781061261330537e-05 -1.4886058256280422e-06 4.3392839168276968e-05 -0.0001975451655364502 -0.00020871418721384318 0.00080776198951051372 2.3161780451630423e-05 -5.5442685763296143e-06 -6.8934481570082085e-05
leaf_weight=27 22 23 37 31 20 21 24 21 24 22
leaf_count=27 22 23 37 31 20 21 24 21 24 22
internal_value=-0.00147059 -0.00677966 -0.00185185 0.00229885 -0.00340909 -0.00862069 0.00652174 0.00921053 0.00333333 -0.0142857
internal_weight=272 108 81 164 88 58 46 76 45 42
internal_count=272 108 81 164 88 58 46 76 45 42
cat_boundaries=0 1
cat_threshold=833
is_linear=0
shrinkage=0.05


Tree=233
num_leaves=10
num_cat=1
split_feature=0 12 10 10 6 7 8 10 14
split_gain=2.87072 3.40254 2.7698 3.15976 1.83995 1.71625 6.94444 5.04503 3.89118
threshold=0 32.500000000000007 38.500000000000007 53.500000000000007 23.183333333333337 1425000000.0000002 1.0000000180025095e-35 37.500000000000007 505.00000000000006
decision_type=9 2 2 2 2 2 2 2 2
left_child=1 2 -1 -4 -3 7 -7 -2 -9
right_child=5 4 3 -5 -6 6 -8 8 -10
leaf_value=3.0301990510439582e-05 -0.0043376835626661057 2.3423002847700048e-05 -0.00017371785696500554 7.1324876477341101e-05 2.2003691428906791e-05 0.00032112982694334493 -5.0740369833945924e-05 -2.3849079564008947e-05 4.9384231973093051e-05
leaf_weight=36 28 20 20 23 21 36 24 34 30
leaf_count=36 28 20 20 23 21 36 24 34 30
internal_value=-0.00183824 0.00384615 -0.00189873 -0.0104651 0.0158537 -0.00617284 0 -0.0108696 -0.003125
internal_weight=272 120 79 43 41 152 60 92 64
internal_count=272 120 79 43 41 152 60 92 64
cat_boundaries=0 1
cat_threshold=408
is_linear=0
shrinkage=0.05


Tree=234
num_leaves=10
num_cat=1
split_feature=1 10 12 12 12 3 12 5 14
split_gain=3.11758 3.367 2.49757 1.85607 6.34157 3.91362 2.62584 1.7831 1.19048
threshold=0 76.500000000000014 22.500000000000004 32.500000000000007 21.500000000000004 17.500000000000004 16.500000000000004 24.166666666666668 505.00000000000006
decision_type=1 2 2 2 2 2 2 2 2
left_child=1 2 -1 4 6 -5 -2 -4 -6
right_child=3 -3 7 5 8 -7 -8 -9 -10
leaf_value=-0.00012750434021597813 2.9027000392289894e-05 -0.00070367716860353369 -2.8985931350256069e-06 -8.4175745737269377e-06 -0.00013669679319630034 3.4084660081923346e-05 0.00016141410918475431 6.8345955722826099e-05 -0.00051522469017477594
leaf_weight=37 37 20 28 22 27 36 21 23 21
leaf_count=37 37 20 28 22 27 36 21 23 21
internal_value=0.000367647 -0.0059322 -0.00227273 0.0045977 0.000943396 0.012069 0.012069 0.00490196 -0.0125
internal_weight=272 108 88 164 106 58 58 51 48
internal_count=272 108 88 164 106 58 58 51 48
cat_boundaries=0 1
cat_threshold=609
is_linear=0
shrinkage=0.05


Tree=235
num_leaves=10
num_cat=0
split_feature=12 12 10 12 12 3 12 12 8
split_gain=2.84766 4.22821 5.31309 4.06902 5.54113 1.86667 1.53959 2.95945 2.60125
threshold=32.500000000000007 39.500000000000007 70.500000000000014 19.500000000000004 8.5000000000000018 25.500000000000004 22.500000000000004 28.500000000000004 1.0000000180025095e-35
decision_type=2 2 2 2 2 2 2 2 2
left_child=3 2 -2 4 -1 -6 -5 8 -8
right_child=1 -3 -4 6 5 -7 7 -9 -10
leaf_value=-0.0067100991767072189 2.5964493366004151e-06 -0.0021935098697822399 1.4888835999116169e-05 -0.00014118758826686673 0.00089890692480603111 2.7335540965323093e-05 7.7203723919794253e-05 -0.0011190874694683827 -7.300684919009371e-06
leaf_weight=22 28 32 34 31 28 20 33 23 21
leaf_count=22 28 32 34 31 28 20 33 23 21
internal_value=0.00147059 0.00851064 0.016129 -0.00224719 0.00714286 0.0166667 -0.00833333 -0.00454545 0.00185185
internal_weight=272 94 62 178 70 48 108 77 54
internal_count=272 94 62 178 70 48 108 77 54
is_linear=0
shrinkage=0.05


Tree=236
num_leaves=11
num_cat=1
split_feature=8 10 14 2 5 6 10 10 10 10
split_gain=2.93477 4.19072 3.6 2.36586 2.47368 2.19749 5.55016 2.17302 1.7567 1.73651
threshold=1.0000000180025095e-35 16.500000000000004 505.00000000000006 0 16.166666666666668 29.083333333333339 34.500000000000007 70.500000000000014 66.500000000000014 50.500000000000007
decision_type=2 2 2 9 2 2 2 2 2 2
left_child=1 -1 7 9 -5 6 -6 -2 -4 -3
right_child=2 3 8 4 5 -7 -8 -9 -10 -11
leaf_value=-0.0063745942178718767 -3.2536973387564672e-05 0.00054189921152545393 -4.0718073861079061e-06 4.8746311622149821e-05 6.6811505096886498e-05 4.2993898153920187e-05 -0.00015289297473355392 -0.00055322889964681821 0.00010349562346121389 1.2748262723150107e-05
leaf_weight=20 21 23 22 28 25 20 36 24 23 30
leaf_count=20 21 23 22 28 25 20 36 24 23 30
internal_value=0.00294118 0.00659341 -0.00444444 0.00925926 0.00504587 0.000617284 -0.00409836 -0.0144444 0.00555556 0.0179245
internal_weight=272 182 90 162 109 81 61 45 45 53
internal_count=272 182 90 162 109 81 61 45 45 53
cat_boundaries=0 1
cat_threshold=4
is_linear=0
shrinkage=0.05


Tree=237
num_leaves=10
num_cat=0
split_feature=12 12 12 12 6 12 10 8 3
split_gain=3.15285 4.57048 5.54113 4.22821 4.0747 3.87904 2.08009 2.51905 1.86667
threshold=32.500000000000007 19.500000000000004 8.5000000000000018 39.500000000000007 21.708333333333339 22.500000000000004 60.500000000000007 1.0000000180025095e-35 25.500000000000004
decision_type=2 2 2 2 2 2 2 2 2
left_child=1 2 -1 4 -2 -3 7 -7 -4
right_child=3 5 8 -5 -6 6 -8 -9 -10
leaf_value=-0.0060558645069783042 8.4222214340456964e-07 -0.00013266516208076951 0.0008387438106501222 -0.0020561729313106625 3.7755673044692631e-05 7.0095872981212898e-05 -0.00043565877710030068 -6.7320603037046569e-06 2.2628188662254802e-05
leaf_weight=22 24 31 28 32 38 35 21 21 20
leaf_count=22 24 31 28 32 38 35 21 21 20
internal_value=0.00110294 -0.00280899 0.00714286 0.00851064 0.016129 -0.00925926 -0.00324675 0.00178571 0.0166667
internal_weight=272 178 70 94 62 108 77 56 48
internal_count=272 178 70 94 62 108 77 56 48
is_linear=0
shrinkage=0.05


Tree=238
num_leaves=10
num_cat=1
split_feature=0 10 6 12 12 10 12 5 3
split_gain=2.45416 2.3623 3.36485 2.44115 2.25 2.21876 3.44429 1.61438 3.06352
threshold=0 61.500000000000007 29.416666666666668 39.500000000000007 20.500000000000004 70.500000000000014 29.500000000000004 23.166666666666668 8.5000000000000018
decision_type=9 2 2 2 2 2 2 2 2
left_child=5 2 4 -3 -2 6 7 8 -1
right_child=1 3 -4 -5 -6 -7 -8 -9 -10
leaf_value=0.00017470374394763511 6.5913688135577075e-05 3.8379470858984635e-05 -0.00041387583824530343 -0.0019533642847450851 -3.0205651817016844e-05 5.6619822775161312e-06 -0.00016366536411140944 5.6926264955592389e-05 -6.6286984595187454e-05
leaf_weight=25 32 35 21 32 32 21 20 33 21
leaf_count=25 32 35 21 32 32 21 20 33 21
internal_value=0.00110294 -0.00308642 -0.00882353 0.00373134 -0.003125 0.00615385 0.00353535 0.00822785 0.00217391
internal_weight=272 152 85 67 64 120 99 79 46
internal_count=272 152 85 67 64 120 99 79 46
cat_boundaries=0 1
cat_threshold=389
is_linear=0
shrinkage=0.05


Tree=239
num_leaves=10
num_cat=2
split_feature=1 14 6 5 6 12 2 12 3
split_gain=2.91154 2.41975 2.8114 2.89943 2.31853 4.94263 6.10159 3.92579 1.96599
threshold=0 490.00000000000006 23.750000000000004 18.166666666666668 23.750000000000004 32.500000000000007 1 20.500000000000004 18.500000000000004
decision_type=1 2 2 2 2 2 9 2 2
left_child=1 -1 3 -3 7 6 -6 -2 -9
right_child=4 2 -4 -5 5 -7 -8 8 -10
leaf_value=-1.5155645164277587e-05 0.00012831294534896288 1.9418429292272777e-05 4.6259874129717109e-05 -0.00085640502419721549 3.474988348983743e-05 1.99798100616988e-05 -0.00024018988814051846 -6.7461262254653322e-06 0.00022749065289850989
leaf_weight=27 28 22 38 21 20 31 36 28 21
leaf_count=27 28 22 38 21 20 31 36 28 21
internal_value=0.00294118 -0.00338983 0.000617284 -0.00813953 0.00689655 0.00172414 -0.00714286 0.0136364 0.00510204
internal_weight=272 108 81 43 164 87 56 77 49
internal_count=272 108 81 43 164 87 56 77 49
cat_boundaries=0 1 2
cat_threshold=596 4
is_linear=0
shrinkage=0.05


Tree=240
num_leaves=10
num_cat=0
split_feature=12 12 10 12 12 3 10 12 3
split_gain=2.81611 4.85964 3.45851 3.1535 5.54113 2.22646 2.74741 3.12538 1.86667
threshold=32.500000000000007 39.500000000000007 69.500000000000014 19.500000000000004 8.5000000000000018 11.500000000000002 58.500000000000007 22.500000000000004 25.500000000000004
decision_type=2 2 2 2 2 2 2 2 2
left_child=3 2 -2 4 -1 -5 7 -7 -6
right_child=1 -3 -4 5 8 6 -8 -9 -10
leaf_value=-0.0057442950557021755 5.6123793367390822e-06 -0.0018339070537738422 2.5849271113109751e-05 -5.1252953525793293e-05 0.00079546174470950253 -0.00015051777983785542 -0.00035248501689357783 5.3312749527556497e-05 2.3498716331671332e-05
leaf_weight=22 26 32 36 26 28 23 24 35 20
leaf_count=22 26 32 36 26 28 23 24 35 20
internal_value=0.00257353 0.00957447 0.0177419 -0.0011236 0.00714286 -0.00648148 -0.00243902 0.00344828 0.0166667
internal_weight=272 94 62 178 70 108 82 58 48
internal_count=272 94 62 178 70 108 82 58 48
is_linear=0
shrinkage=0.05


Tree=241
num_leaves=11
num_cat=0
split_feature=10 12 12 12 5 10 10 3 14 3
split_gain=2.66671 3.61191 3.522 3.35944 6.77606 4.7028 3.3244 3.20051 1.74758 0.9
threshold=16.500000000000004 19.500000000000004 22.500000000000004 29.500000000000004 17.500000000000004 66.500000000000014 54.500000000000007 22.500000000000004 505.00000000000006 26.500000000000004
decision_type=2 2 2 2 2 2 2 2 2 2
left_child=-1 7 -3 6 -5 -6 -4 -2 9 -7
right_child=1 2 3 4 5 8 -8 -9 -10 -11
leaf_value=-0.0054570803029170504 0.00088026424099032499 -0.0001049862379870703 4.9676820056809849e-05 3.2072544874139908e-05 -0.00025780218115256659 -3.4132586108626133e-07 0.00010676487418219694 8.3592322858816466e-06 3.442378372611188e-05 -0.0003433779425008332
leaf_weight=20 24 31 37 20 22 20 23 26 29 20
leaf_count=20 24 31 37 20 22 20 23 26 29 20
internal_value=0.00257353 0.00396825 0.000990099 0.00380117 -0.00135135 -0.00714286 0.0133333 0.016 -0.000724638 -0.0075
internal_weight=272 252 202 171 111 91 60 50 69 40
internal_count=272 252 202 171 111 91 60 50 69 40
is_linear=0
shrinkage=0.05


Tree=242
num_leaves=10
num_cat=0
split_feature=10 10 12 12 12 6 5 5 5
split_gain=2.77946 2.66811 2.89769 4.85964 3.08927 2.44608 2.37897 1.7579 1.50979
threshold=16.500000000000004 27.500000000000004 32.500000000000007 39.500000000000007 20.500000000000004 24.083333333333339 26.833333333333339 19.166666666666668 22.833333333333339
decision_type=2 2 2 2 2 2 2 2 2
left_child=-1 -2 4 8 5 -3 7 -6 -4
right_child=1 2 3 -5 6 -7 -8 -9 -10
leaf_value=-0.0051842262877711993 0.00060326873519249706 3.5716497071547336e-05 3.0468917630344097e-05 -0.001725042803960264 -8.0551899980463301e-06 -1.3008763280097924e-05 8.9029661505257707e-06 -0.00024751435419707591 1.4496600926605653e-05
leaf_weight=20 21 21 26 32 29 23 38 26 36
leaf_count=20 21 21 26 32 29 23 38 26 36
internal_value=0.00294118 0.00436508 0.00281385 0.00957447 -0.00182482 0.00909091 -0.00698925 -0.0136364 0.0177419
internal_weight=272 252 231 94 137 44 93 55 62
internal_count=272 252 231 94 137 44 93 55 62
is_linear=0
shrinkage=0.05


Tree=243
num_leaves=10
num_cat=0
split_feature=12 12 12 10 12 5 12 12 5
split_gain=2.9428 7.22538 6.02219 3.47007 2.84149 3.72945 3.02811 2.73667 1.83995
threshold=16.500000000000004 20.500000000000004 12.500000000000002 50.500000000000007 29.500000000000004 17.500000000000004 35.500000000000007 39.500000000000007 26.833333333333339
decision_type=2 2 2 2 2 2 2 2 2
left_child=2 -2 -1 -3 8 -6 -7 -8 -5
right_child=1 3 -4 4 5 6 7 -9 -10
leaf_value=0.000131642996266379 0.00012796340934926321 -3.5154843252627192e-05 -0.0013067589129562409 9.5847736790055659e-06 2.8945471748897946e-05 -0.00012442722486625258 1.3771770880310897e-05 -0.0016387906637621798 0.00010098148216552971
leaf_weight=37 28 35 20 20 20 37 26 28 21
leaf_count=37 28 35 20 20 20 37 26 28 21
internal_value=0.00220588 0.00488372 -0.00789474 0.0013369 0.00460526 0.00045045 -0.00384615 0.0037037 0.0158537
internal_weight=272 215 57 187 152 111 91 54 41
internal_count=272 215 57 187 152 111 91 54 41
is_linear=0
shrinkage=0.05


Tree=244
num_leaves=10
num_cat=1
split_feature=10 12 12 12 12 2 12 10 12
split_gain=2.77946 5.0596 1.76797 3.6407 2.32296 1.74774 1.1938 1.08218 2.77575
threshold=16.500000000000004 13.500000000000002 32.500000000000007 39.500000000000007 20.500000000000004 0 18.500000000000004 50.500000000000007 28.500000000000004
decision_type=2 2 2 2 2 9 2 2 2
left_child=-1 -2 4 5 6 -4 -3 -6 -9
right_child=1 2 3 -5 7 -7 -8 8 -10
leaf_value=-0.0049315971231959528 0.00018786569379587449 -0.00047682696224091717 3.0490560114415645e-05 -0.0015568511305740886 -3.3397101089960302e-05 7.3947040121424839e-06 2.753250175064892e-05 9.7846232554488221e-06 -0.0010200836137157054
leaf_weight=20 22 22 27 32 35 35 21 35 23
leaf_count=20 22 22 27 32 35 35 21 35 23
internal_value=0.00294118 0.00436508 0.00217391 0.00744681 -0.00147059 0.0145161 0.00813953 -0.00591398 -0.00172414
internal_weight=272 252 230 94 136 62 43 93 58
internal_count=272 252 230 94 136 62 43 93 58
cat_boundaries=0 1
cat_threshold=4
is_linear=0
shrinkage=0.05


Tree=245
num_leaves=10
num_cat=1
split_feature=10 12 12 12 12 12 12 2 3
split_gain=2.77946 5.0596 1.76797 3.6407 2.09399 2.99029 3.30263 1.74774 1.48148
threshold=16.500000000000004 13.500000000000002 32.500000000000007 39.500000000000007 19.500000000000004 22.500000000000004 28.500000000000004 0 25.500000000000004
decision_type=2 2 2 2 2 2 2 9 2
left_child=-1 -2 4 7 -3 -6 8 -4 -7
right_child=1 2 3 -5 5 6 -8 -9 -10
leaf_value=-0.0046850172670361402 0.00017847240910606743 0.00039853352969543288 2.8966032108712628e-05 -0.0014790085740454375 -0.0001013756487578732 0.00028176342800465551 -0.00096907943302984025 7.0249688114643055e-06 2.9195125718750606e-06
leaf_weight=20 22 28 27 32 31 24 23 35 30
leaf_count=20 22 28 27 32 31 24 23 35 30
internal_value=0.00294118 0.00436508 0.00217391 0.00744681 -0.00147059 -0.00462963 0.000649351 0.0145161 0.00740741
internal_weight=272 252 230 94 136 108 77 62 54
internal_count=272 252 230 94 136 108 77 62 54
cat_boundaries=0 1
cat_threshold=4
is_linear=0
shrinkage=0.05


Tree=246
num_leaves=10
num_cat=2
split_feature=10 12 1 6 5 12 12 12 2
split_gain=2.66671 5.23641 2.37608 2.0993 1.98769 1.95502 3.13548 1.77718 1.47759
threshold=16.500000000000004 13.500000000000002 0 19.100000000000005 23.500000000000004 32.500000000000007 23.500000000000004 29.500000000000004 1
decision_type=2 2 1 2 2 2 2 2 9
left_child=-1 -2 5 -4 -5 6 -3 -6 -7
right_child=1 2 3 4 7 8 -8 -9 -10
leaf_value=-0.0044507664036843369 0.00016954878865078627 2.4680013630007382e-05 -9.942844316643829e-05 2.5697906645660852e-05 5.5973301903833321e-05 1.9621349587950477e-05 -2.4966570527507061e-05 -5.9560922043822023e-05 0.00019579319696436671
leaf_weight=20 22 32 31 22 35 20 30 34 26
leaf_count=20 22 32 31 22 35 20 30 34 26
internal_value=0.00257353 0.00396825 0.00173913 -0.0030303 0.000549451 0.00677966 0.0016129 -0.00362319 0.0152174
internal_weight=272 252 230 122 91 108 62 69 46
internal_count=272 252 230 122 91 108 62 69 46
cat_boundaries=0 1 2
cat_threshold=47 4
is_linear=0
shrinkage=0.05


Tree=247
num_leaves=11
num_cat=0
split_feature=10 12 12 3 5 5 12 6 12 5
split_gain=2.5563 4.27348 3.83848 3.83225 2.83501 2.75002 2.54396 3.17429 1.74147 0.58072
threshold=16.500000000000004 20.500000000000004 27.500000000000004 20.500000000000004 33.166666666666679 28.833333333333339 33.500000000000007 24.708333333333339 24.500000000000004 19.583333333333339
decision_type=2 2 2 2 2 2 2 2 2 2
left_child=-1 3 5 -2 6 8 -4 9 -3 -8
right_child=1 2 4 -5 -6 -7 7 -9 -10 -11
leaf_value=-0.0042282280835001405 0.00013568061249595866 -8.9496209236372699e-06 0.00079487490643259662 1.6901367477473174e-05 -0.00012215976071345836 2.0821312505514558e-05 -8.2910235708055782e-07 2.8203358549561133e-05 -0.00028988340792057699 -1.3150749765600267e-05
leaf_weight=20 28 21 33 37 21 20 20 29 22 21
leaf_count=20 28 21 33 37 21 20 20 29 22 21
internal_value=0.00220588 0.00357143 -0.00026738 0.0146154 0.00483871 -0.0103175 0.00825243 0.00285714 -0.0174419 -0.00609756
internal_weight=272 252 187 65 124 63 103 70 43 41
internal_count=272 252 187 65 124 63 103 70 43 41
is_linear=0
shrinkage=0.05


Tree=248
num_leaves=11
num_cat=0
split_feature=10 12 3 12 3 3 5 3 5 3
split_gain=2.66671 3.61191 3.20051 2.20904 1.93359 7.67132 3.00103 2.0804 1.77289 1.45455
threshold=16.500000000000004 19.500000000000004 22.500000000000004 22.500000000000004 17.500000000000004 21.500000000000004 19.583333333333339 33.500000000000007 27.833333333333339 37.500000000000007
decision_type=2 2 2 2 2 2 2 2 2 2
left_child=-1 2 -2 -3 6 -6 -5 8 -7 -9
right_child=1 3 -4 4 5 7 -8 9 -10 -11
leaf_value=-0.0040168166793251416 0.00083125399799515169 -0.0001043248976262845 2.3689884476851832e-05 7.0442052404473543e-06 0.00020718487666098186 -0.00012030925317407792 -4.4834090261502982e-05 6.4086291453513419e-05 6.6637951693593328e-06 -4.3623829039773908e-06
leaf_weight=20 24 31 26 33 20 28 20 22 26 22
leaf_count=20 24 31 26 33 20 28 20 22 26 22
internal_value=0.00257353 0.00396825 0.016 0.000990099 0.00321637 0.00677966 -0.00471698 0.00102041 -0.00555556 0.00909091
internal_weight=272 252 50 202 171 118 53 98 54 44
internal_count=272 252 50 202 171 118 53 98 54 44
is_linear=0
shrinkage=0.05


Tree=249
num_leaves=10
num_cat=0
split_feature=10 12 12 12 5 6 5 12 14
split_gain=2.44823 2.60882 4.57123 3.23835 2.72519 5.51037 3.41113 2.69154 0.828311
threshold=16.500000000000004 23.500000000000004 27.500000000000004 16.500000000000004 17.500000000000004 24.583333333333339 33.166666666666679 20.500000000000004 530.00000000000011
decision_type=2 2 2 2 2 2 2 2 2
left_child=-1 3 -3 -2 -4 -6 8 -5 -7
right_child=1 2 4 7 5 6 -8 -9 -10
leaf_value=-0.003815975845358888 -5.4484464596882281e-06 -2.124141513011324e-05 7.407530189560419e-05 0.0001255583212272704 -2.0224301116300583e-05 5.183783874755932e-05 -0.00011925608725036341 9.6937078575720658e-06 3.6891337093081235e-05
leaf_weight=20 37 38 23 28 37 23 21 25 20
leaf_count=20 37 38 23 28 37 23 21 25 20
internal_value=0.00183824 0.0031746 -0.000617284 0.01 0.00403226 0.00049505 0.009375 0.0179245 0.0174419
internal_weight=272 252 162 90 124 101 64 53 43
internal_count=272 252 162 90 124 101 64 53 43
is_linear=0
shrinkage=0.05


Tree=250
num_leaves=10
num_cat=1
split_feature=10 1 3 12 3 12 3 5 14
split_gain=2.23908 2.98517 3.47742 3.31119 3.28272 3.13995 2.05491 1.55769 1.45455
threshold=16.500000000000004 0 17.500000000000004 21.500000000000004 22.500000000000004 32.500000000000007 33.500000000000007 15.333333333333334 490.00000000000006
decision_type=2 1 2 2 2 2 2 2 2
left_child=-1 3 7 -2 -4 -5 8 -3 -6
right_child=1 2 4 5 6 -7 -8 -9 -10
leaf_value=-0.0036251770530909555 6.1206306251015971e-05 -8.7856980374390045e-06 0.00019248791414341329 -0.00016955576072348323 -0.00025856295764867813 1.9359039743349628e-05 2.469727314249326e-05 -3.0601425052623199e-05 1.5294246902275432e-05
leaf_weight=20 30 24 23 35 22 36 35 25 22
leaf_count=20 30 24 23 35 22 36 35 25 22
internal_value=0.00110294 0.00238095 -0.00217391 0.00855856 0.00294118 0.00352113 -0.00189873 -0.0132653 -0.00909091
internal_weight=272 252 151 101 102 71 79 49 44
internal_count=272 252 151 101 102 71 79 49 44
cat_boundaries=0 1
cat_threshold=300
is_linear=0
shrinkage=0.05


Tree=251
num_leaves=10
num_cat=1
split_feature=10 1 12 3 5 6 5 6 6
split_gain=2.34248 2.62975 3.31119 2.58067 2.1429 1.61826 2.10907 1.81782 0.634176
threshold=16.500000000000004 0 21.500000000000004 11.500000000000002 26.500000000000004 25.550000000000004 32.500000000000007 22.100000000000005 22.291666666666668
decision_type=2 1 2 2 2 2 2 2 2
left_child=-1 2 -2 -3 8 7 -7 -5 -4
right_child=1 3 4 5 -6 6 -8 -9 -10
leaf_value=-0.0034439182004364134 5.8145990938429653e-05 -2.8383704003331901e-05 1.1691207284414419e-05 6.0386450879690305e-07 1.7515926370048617e-05 8.2337169503787777e-05 -7.6249010965856459e-05 -9.8853597265957663e-05 -8.7850031663627714e-05
leaf_weight=20 30 31 23 36 28 37 24 23 20
leaf_count=20 30 31 23 36 28 37 24 23 20
internal_value=0.00147059 0.00277778 0.00855856 -0.0015528 0.00352113 0.00166667 0.00737705 -0.00423729 -0.00348837
internal_weight=272 252 101 151 71 120 61 59 43
internal_count=272 252 101 151 71 120 61 59 43
cat_boundaries=0 1
cat_threshold=300
is_linear=0
shrinkage=0.05


Tree=252
num_leaves=10
num_cat=1
split_feature=10 3 12 5 12 14 2 3 3
split_gain=2.23908 2.71607 2.31273 1.98537 3.65649 2.09321 2.60037 6.11494 1.69984
threshold=16.500000000000004 33.500000000000007 19.500000000000004 17.500000000000004 27.500000000000004 580.00000000000011 0 24.500000000000004 36.500000000000007
decision_type=2 2 2 2 2 2 9 2 2
left_child=-1 2 -2 4 -4 6 -5 -8 -3
right_child=1 8 3 5 -6 -7 7 -9 -10
leaf_value=-0.0032717222904145916 0.000114234837478433 6.1242201083278047e-05 -3.9286572932617503e-05 5.0897515812309285e-05 6.8819024449595648e-05 1.9805175307041623e-05 -0.00040488277852368526 1.5651761192003734e-06 1.4458292733499079e-05
leaf_weight=20 38 22 24 29 23 21 29 28 38
leaf_count=20 38 22 24 29 23 21 29 28 38
internal_value=0.00110294 0.00238095 -0.000520833 -0.00324675 0.00531915 -0.00700935 -0.0104651 -0.0166667 0.0116667
internal_weight=272 252 192 154 47 107 86 57 60
internal_count=272 252 192 154 47 107 86 57 60
cat_boundaries=0 1
cat_threshold=1
is_linear=0
shrinkage=0.05


Tree=253
num_leaves=9
num_cat=0
split_feature=10 12 12 12 12 3 3 6
split_gain=2.66671 2.03739 3.76818 3.23835 2.69154 2.19225 4.5262 3.76471
threshold=16.500000000000004 23.500000000000004 27.500000000000004 16.500000000000004 20.500000000000004 17.500000000000004 22.500000000000004 27.083333333333339
decision_type=2 2 2 2 2 2 2 2
left_child=-1 3 -3 -2 -5 -4 -7 -8
right_child=1 2 5 4 -6 6 7 -9
leaf_value=-0.0031081361758938499 -1.6855380870062221e-05 -1.6960775473240374e-05 -7.831704988348066e-06 0.00012441702409278222 1.3031821213260741e-05 0.000202206315572262 -1.5379208722521298e-05 3.7488578328570557e-05
leaf_weight=20 37 38 36 28 25 20 34 34
leaf_count=20 37 38 36 28 25 20 34 34
internal_value=0.00257353 0.00396825 0.000617284 0.01 0.0179245 0.00483871 0.00909091 0.00294118
internal_weight=272 252 162 90 53 124 88 68
internal_count=272 252 162 90 53 124 88 68
is_linear=0
shrinkage=0.05


Tree=254
num_leaves=11
num_cat=0
split_feature=12 10 10 6 12 3 7 6 12 5
split_gain=1.46658 4.91461 2.79917 2.01333 1.76599 1.44928 2.55927 1.811 1.59072 0.9
threshold=29.500000000000004 66.500000000000014 54.500000000000007 20.708333333333339 39.500000000000007 27.500000000000004 1150000000.0000002 22.583333333333339 16.500000000000004 15.333333333333334
decision_type=2 2 2 2 2 2 2 2 2 2
left_child=2 -2 5 -3 -5 6 -1 9 -7 -8
right_child=1 3 -4 4 -6 8 7 -9 -10 -11
leaf_value=9.6722750038402697e-05 -0.0001172368063702578 -8.2097080060350443e-06 0.00010188862176843117 2.0172784216754282e-05 -0.0003170815758357648 -0.00024461323782301039 -2.5797761363577368e-06 0.0007426555627031207 4.446609782071676e-06 -0.00074097776874457741
leaf_weight=25 26 23 23 38 24 21 20 27 25 20
leaf_count=25 26 23 23 38 24 21 20 27 25 20
internal_value=0.000367647 -0.00405405 0.00341615 0.00176471 0.00645161 0.000724638 0.00434783 -0.000746269 -0.00652174 -0.0075
internal_weight=272 111 161 85 62 138 92 67 46 40
internal_count=272 111 161 85 62 138 92 67 46 40
is_linear=0
shrinkage=0.05


Tree=255
num_leaves=10
num_cat=1
split_feature=1 12 12 12 8 12 5 5 6
split_gain=2.15591 3.46567 3.31877 6.09408 2.19295 2.4893 2.59102 1.82436 1.25662
threshold=0 32.500000000000007 29.500000000000004 36.500000000000007 1.0000000180025095e-35 16.500000000000004 24.166666666666668 25.166666666666668 24.708333333333339
decision_type=1 2 2 2 2 2 2 2 2
left_child=1 7 4 -4 5 -2 -7 -1 -3
right_child=2 8 3 -5 -6 6 -8 -9 -10
leaf_value=2.7510390911178464e-05 -3.9125639221460068e-05 8.4470923246371399e-05 -0.00010442478133505518 3.5273097536148157e-06 -4.9059204208923296e-05 1.2509218959522173e-05 0.00010376297745482433 -0.00018279001931862383 3.5795034781926917e-05
leaf_weight=35 31 22 23 38 21 25 24 32 21
leaf_count=35 31 22 23 38 21 25 24 32 21
internal_value=0.000735294 0.00583333 -0.00290698 -0.0122951 0.00247525 0.00625 0.0132653 -0.000746269 0.0174419
internal_weight=272 110 162 61 101 80 49 67 43
internal_count=272 110 162 61 101 80 49 67 43
cat_boundaries=0 1
cat_threshold=141
is_linear=0
shrinkage=0.05


Tree=256
num_leaves=10
num_cat=0
split_feature=6 7 12 3 10 12 5 12 12
split_gain=1.78414 3.52564 2.70654 3.23876 2.29063 2.48684 1.51607 1.30971 0.75
threshold=24.583333333333339 1150000000.0000002 32.500000000000007 26.500000000000004 68.500000000000014 23.500000000000004 33.416666666666679 38.500000000000007 16.500000000000004
decision_type=2 2 2 2 2 2 2 2 2
left_child=1 -1 3 -2 5 8 -5 -4 -3
right_child=2 4 7 6 -6 -7 -8 -9 -10
leaf_value=6.6381153575889582e-05 5.1241745652141905e-05 -0.0014167069433386416 2.5206696941992848e-05 -9.7383480021839835e-05 1.1291349731479273e-05 -0.00020556970246365935 2.8990339107082264e-07 1.7356013049152353e-05 5.4599442158576039e-06
leaf_weight=39 27 24 22 34 28 28 21 25 24
leaf_count=39 27 24 22 34 28 28 21 25 24
internal_value=0 -0.00384615 0.00426357 -0.00121951 -0.00865385 -0.0131579 -0.00818182 0.0138298 -0.00625
internal_weight=272 143 129 82 104 76 55 47 48
internal_count=272 143 129 82 104 76 55 47 48
is_linear=0
shrinkage=0.05


Tree=257
num_leaves=10
num_cat=0
split_feature=12 12 12 14 3 3 5 12 6
split_gain=2.07941 8.57385 4.67727 2.59286 2.0278 3.27273 2.41515 3.40909 4.10308
threshold=19.500000000000004 22.500000000000004 8.5000000000000018 530.00000000000011 33.500000000000007 37.500000000000007 17.500000000000004 29.500000000000004 24.708333333333339
decision_type=2 2 2 2 2 2 2 2 2
left_child=2 -2 -1 -4 6 -6 -3 -8 -9
right_child=1 4 3 -5 5 -7 7 8 -10
leaf_value=-0.0029487425993676378 -0.00011583328713395958 3.0005817341205444e-05 0.00048284541481424803 7.4420483334236575e-05 6.01773291303509e-05 1.726569107241005e-06 0.00015463697376025821 -0.00012586775460974309 1.9940619665703708e-06
leaf_weight=22 31 39 28 20 22 22 22 27 39
leaf_count=22 31 39 28 20 22 22 22 27 39
internal_value=0.00257353 0 0.01 0.01875 0.00438596 0.0136364 0.0011811 -0.00340909 -0.00909091
internal_weight=272 202 70 48 171 44 127 88 66
internal_count=272 202 70 48 171 44 127 88 66
is_linear=0
shrinkage=0.05


Tree=258
num_leaves=10
num_cat=0
split_feature=12 12 12 10 12 12 12 12 6
split_gain=2.25563 4.85964 3.56396 2.99727 2.73007 2.17742 1.88535 1.61962 0.491521
threshold=32.500000000000007 39.500000000000007 24.500000000000004 67.500000000000014 16.500000000000004 27.500000000000004 12.500000000000002 20.500000000000004 24.583333333333339
decision_type=2 2 2 2 2 2 2 2 2
left_child=2 3 4 -2 6 -4 -1 -6 -5
right_child=1 -3 5 8 7 -7 -8 -9 -10
leaf_value=0.00024697657342089843 5.1846751063067138e-06 -0.0013657158373325375 -0.00010867449655238559 1.9478932396310712e-05 0.0001300506832127013 -7.2884263776007427e-05 -0.0012288644734363974 5.9076626961029895e-06 1.8050587972417988e-05
leaf_weight=37 21 32 32 21 28 30 20 31 20
leaf_count=37 21 32 32 21 28 30 20 31 20
internal_value=0.00330882 0.00957447 0 0.0177419 0.00517241 -0.00967742 -0.00263158 0.0127119 0.0256098
internal_weight=272 94 178 62 116 62 57 59 41
internal_count=272 94 178 62 116 62 57 59 41
is_linear=0
shrinkage=0.05


Tree=259
num_leaves=11
num_cat=0
split_feature=12 12 12 12 12 10 10 14 3 3
split_gain=2.02529 4.22821 3.84949 4.00346 3.64979 2.9632 2.40088 1.86667 1.3494 0.157027
threshold=32.500000000000007 39.500000000000007 19.500000000000004 8.5000000000000018 22.500000000000004 60.500000000000007 67.500000000000014 530.00000000000011 22.500000000000004 24.500000000000004
decision_type=2 2 2 2 2 2 2 2 2 2
left_child=2 6 3 -1 -4 8 -2 -5 -6 -8
right_child=1 -3 4 7 5 -7 9 -9 -10 -11
leaf_value=-0.0028136542980703007 4.9254413511334865e-06 -0.0012974300454660082 -0.00011033700591216445 0.00045087774413046235 9.0842420160974774e-05 -0.00026979170843990377 2.3018282815456816e-05 0.00013214268283929799 -3.0602736327267622e-07 1.5485979899665382e-05
leaf_weight=22 21 32 31 28 25 21 20 20 31 21
leaf_count=22 21 32 31 28 25 21 20 20 31 21
internal_value=0.00257353 0.00851064 -0.000561798 0.00857143 -0.00648148 -0.000649351 0.016129 0.0166667 0.00535714 0.0231707
internal_weight=272 94 178 70 108 77 62 48 56 41
internal_count=272 94 178 70 108 77 62 48 56 41
is_linear=0
shrinkage=0.05


Tree=260
num_leaves=11
num_cat=1
split_feature=10 10 1 12 5 12 5 8 5 5
split_gain=1.70313 4.05339 1.44517 1.69731 2.12163 1.8101 1.77778 1.29741 3.56851 1.79201
threshold=16.500000000000004 27.500000000000004 0 27.500000000000004 22.416666666666668 33.500000000000007 27.500000000000004 1.0000000180025095e-35 22.416666666666668 25.166666666666668
decision_type=2 2 1 2 2 2 2 2 2 2
left_child=-1 -2 7 4 -4 -5 -7 8 -3 -9
right_child=1 2 3 5 -6 6 -8 9 -10 -11
leaf_value=-0.0026729715831667724 0.00070932905119152072 -2.2449053034279133e-07 8.2464789648906134e-05 0.00075207783086455042 -0.00024142740069592607 -1.5036073011387431e-05 6.011287192109194e-06 7.4663625085236164e-06 3.0968416703558431e-05 -2.9027061764974606e-05
leaf_weight=20 21 27 22 21 32 25 20 23 39 22
leaf_count=20 21 27 22 21 32 25 20 23 39 22
internal_value=0.00404412 0.00515873 0.00324675 -0.000769231 -0.00740741 0.00454545 -0.00111111 0.00702479 0.0121212 0.00111111
internal_weight=272 252 231 120 54 66 45 111 66 45
internal_count=272 252 231 120 54 66 45 111 66 45
cat_boundaries=0 1
cat_threshold=110
is_linear=0
shrinkage=0.05


Tree=261
num_leaves=9
num_cat=3
split_feature=1 10 2 10 3 10 8 2
split_gain=2.52369 4.81591 3.36601 3.38755 2.46763 4.22007 1.8989 1.84345
threshold=0 76.500000000000014 1 53.500000000000007 11.500000000000002 50.500000000000007 1.0000000180025095e-35 2
decision_type=1 2 9 2 2 2 2 9
left_child=1 2 -1 -4 -2 7 -7 -6
right_child=4 -3 3 -5 5 6 -8 -9
leaf_value=-8.4924674264730274e-05 -1.2729668836009012e-05 -0.00018060191138342675 2.263511684468256e-05 4.6620578070744048e-05 -4.1624999366352002e-05 2.9419995868451567e-05 0.00010478054044895658 9.6283824497334087e-06
leaf_weight=26 38 22 39 21 24 35 30 37
leaf_count=26 38 22 39 21 24 35 30 37
internal_value=0.00441176 -0.00169492 0.00348837 0.01 0.00804598 0.0119048 0.0207692 0.00245902
internal_weight=272 108 86 60 164 126 65 61
internal_count=272 108 86 60 164 126 65 61
cat_boundaries=0 1 2 3
cat_threshold=848 2 1
is_linear=0
shrinkage=0.05


Tree=262
num_leaves=11
num_cat=2
split_feature=5 3 14 12 10 3 2 2 10 10
split_gain=1.97216 2.84753 2.22062 1.83411 7.07861 1.91493 2.55851 1.58694 0.770939 0.0392567
threshold=13.500000000000002 17.500000000000004 580.00000000000011 29.500000000000004 71.500000000000014 22.500000000000004 0 1 35.500000000000007 45.500000000000007
decision_type=2 2 2 2 2 2 9 9 2 2
left_child=9 7 3 5 -5 -3 -7 -2 -8 -1
right_child=1 2 -4 4 -6 6 8 -9 -10 -11
leaf_value=2.5107276020808202e-05 3.2578100064739603e-06 0.00040934500110410003 0.00011470008130434196 -0.00012153964796901562 1.0924006970469692e-05 4.6350982292686639e-05 1.5392737433117532e-06 -0.00013603077706498824 -0.0001486189570570673 2.3986508421369736e-05
leaf_weight=21 24 20 35 27 35 21 21 25 23 20
leaf_count=21 24 20 35 27 35 21 21 25 23 20
internal_value=0.00330882 0.00151515 0.0043956 0.00170068 -0.00483871 0.00647059 0.00230769 -0.00918367 -0.00454545 0.0134146
internal_weight=272 231 182 147 62 85 65 49 44 41
internal_count=272 231 182 147 62 85 65 49 44 41
cat_boundaries=0 1 2
cat_threshold=4 1
is_linear=0
shrinkage=0.05


Tree=263
num_leaves=9
num_cat=2
split_feature=0 12 14 2 14 5 5 12
split_gain=2.67605 2.8955 5.76034 3.15327 2.00119 1.7881 2.91242 2.06066
threshold=0 25.500000000000004 530.00000000000011 1 505.00000000000006 24.166666666666668 14.250000000000002 28.500000000000004
decision_type=9 2 2 9 2 2 2 2
left_child=5 2 -2 -3 -5 6 -1 -7
right_child=1 3 -4 4 -6 7 -8 -9
leaf_value=2.3851912219807761e-05 6.8294142126390513e-06 -5.8003741404633052e-06 -0.00028305766816321131 3.587807553273592e-06 0.00047243797465714723 0.00010896507723909821 -2.1894767762598022e-05 9.4650656848216396e-06
leaf_weight=39 33 33 26 32 28 29 32 20
leaf_count=39 33 33 26 32 28 29 32 20
internal_value=0.00404412 -0.000617284 -0.00932203 0.00483871 0.0116667 0.00923077 0.00492958 0.0173469
internal_weight=272 152 59 93 60 120 71 49
internal_count=272 152 59 93 60 120 71 49
cat_boundaries=0 1 2
cat_threshold=389 4
is_linear=0
shrinkage=0.05


Tree=264
num_leaves=11
num_cat=0
split_feature=10 10 5 12 12 10 12 12 10 6
split_gain=1.79346 3.90188 2.32603 3.61889 3.95836 6.8323 3.92857 3.76923 2.61719 1.96
threshold=16.500000000000004 27.500000000000004 13.500000000000002 22.500000000000004 29.500000000000004 66.500000000000014 39.500000000000007 19.500000000000004 52.500000000000007 26.366666666666671
decision_type=2 2 2 2 2 2 2 2 2 2
left_child=-1 -2 -3 7 8 -6 9 -4 -5 -7
right_child=1 2 3 4 5 6 -8 -9 -10 -11
leaf_value=-0.0025330342767909244 0.00065335833112261103 2.210119000594091e-05 3.6045741512147343e-05 0.00011632343479881513 -0.00011517264686347063 1.9488996739269738e-05 -0.0012236786439855153 -0.00011658659737943112 9.5624220023537995e-05 2.9910737511684717e-06
leaf_weight=20 21 30 26 22 23 25 32 26 27 20
leaf_count=20 21 30 26 22 23 25 32 26 27 20
internal_value=0.00441176 0.00555556 0.00367965 0.00174129 0.0057047 0 0.00714286 -0.00961538 0.0173469 0.0166667
internal_weight=272 252 231 201 149 100 77 52 49 45
internal_count=272 252 231 201 149 100 77 52 49 45
is_linear=0
shrinkage=0.05


Tree=265
num_leaves=10
num_cat=0
split_feature=12 12 10 12 12 12 12 12 12
split_gain=2.78473 5.535 3.65974 3.56396 4.09552 3.00465 2.17742 1.051 0.754704
threshold=32.500000000000007 39.500000000000007 67.500000000000014 24.500000000000004 16.500000000000004 12.500000000000002 27.500000000000004 20.500000000000004 36.500000000000007
decision_type=2 2 2 2 2 2 2 2 2
left_child=3 2 -2 4 5 -1 -5 -6 -4
right_child=1 -3 8 6 7 -7 -8 -9 -10
leaf_value=0.00012265934853923356 2.1676643456203239e-06 -0.0011624947117860884 1.9909503415149744e-05 -0.00011061762388431262 0.0001256421898003346 -0.0011672404581900332 -0.00010862422522519567 6.7224043602820416e-06 1.0518271641402067e-05
leaf_weight=37 21 32 20 32 28 20 30 31 21
leaf_count=37 21 32 20 32 28 20 30 31 21
internal_value=0.00367647 0.0106383 0.0193548 0 0.00517241 -0.00438596 -0.00967742 0.0144068 0.0280488
internal_weight=272 94 62 178 116 57 62 59 41
internal_count=272 94 62 178 116 57 62 59 41
is_linear=0
shrinkage=0.05


Tree=266
num_leaves=10
num_cat=2
split_feature=6 14 0 14 14 10 10 15 5
split_gain=1.93701 3.77143 2.48072 7.31429 3.11538 4.77384 2.99447 4.0747 0.718894
threshold=31.100000000000005 505.00000000000006 0 450.00000000000006 505.00000000000006 50.500000000000007 67.500000000000014 1 19.583333333333339
decision_type=2 2 9 2 2 2 2 9 2
left_child=2 -2 4 -4 8 -6 7 -5 -1
right_child=1 -3 3 6 5 -7 -8 -9 -10
leaf_value=2.6218682277523445e-05 1.2522672991011063e-05 2.2518481416700101e-05 3.4197482572473346e-05 8.1711914243776107e-06 0.0001127373746912852 3.0293080138577014e-06 7.5502866852872334e-06 -0.00022632776704387681 -1.8984339834560161e-05
leaf_weight=31 22 20 36 24 21 31 28 38 21
leaf_count=31 22 20 36 24 21 31 28 38 21
internal_value=0.00441176 0.0142857 0.0026087 -0.00220588 0.00789474 0.0173077 -0.01 -0.016129 0
internal_weight=272 42 230 126 104 52 90 62 52
internal_count=272 42 230 126 104 52 90 62 52
cat_boundaries=0 1 2
cat_threshold=269 4
is_linear=0
shrinkage=0.05


Tree=267
num_leaves=10
num_cat=1
split_feature=10 12 12 12 12 2 14 5 5
split_gain=2.07848 4.0625 2.18038 5.535 2.81784 4.31689 4.98318 2.88747 0.855132
threshold=16.500000000000004 13.500000000000002 32.500000000000007 39.500000000000007 28.500000000000004 0 450.00000000000006 24.833333333333339 29.166666666666668
decision_type=2 2 2 2 2 9 2 2 2
left_child=-1 -2 4 8 5 -3 -7 -8 -4
right_child=1 2 3 -5 -6 6 7 -9 -10
leaf_value=-0.0024137339594707099 0.0001218094385714963 1.6359326138193353e-05 4.1687094201492416e-06 -0.0011048718001886117 -0.00089772477193470488 -0.00023971421418291785 -1.2311186401348097e-05 0.00010057890098167377 1.4885707549971984e-05
leaf_weight=20 22 35 40 32 23 22 31 25 22
leaf_count=20 22 35 40 32 23 22 31 25 22
internal_value=0.00551471 0.00674603 0.00478261 0.0106383 0.000735294 0.0039823 -0.0025641 0.00535714 0.0193548
internal_weight=272 252 230 94 136 113 78 56 62
internal_count=272 252 230 94 136 113 78 56 62
cat_boundaries=0 1
cat_threshold=4
is_linear=0
shrinkage=0.05


Tree=268
num_leaves=10
num_cat=2
split_feature=12 12 12 12 12 2 12 5 2
split_gain=2.75353 4.43959 4.26639 2.7757 3.80955 3.06462 2.17742 0.855132 0.320145
threshold=32.500000000000007 24.500000000000004 39.500000000000007 8.5000000000000018 13.500000000000002 0 27.500000000000004 29.166666666666668 1
decision_type=2 2 2 2 2 9 2 2 9
left_child=1 3 7 -1 -5 -6 -3 -2 -7
right_child=2 6 -4 4 5 8 -8 -9 -10
leaf_value=-0.0022930472614971719 3.9602739493105336e-06 -0.00010171097407871699 -0.0010496282101792431 0.00011571896664293037 2.3532658775238249e-05 4.3332113547744914e-05 -5.8945470103033418e-05 1.4141422172464502e-05 -8.4316709082443719e-05
leaf_weight=22 40 32 32 20 26 23 30 22 25
leaf_count=22 40 32 32 20 26 23 30 22 25
internal_value=0.00477941 0.0011236 0.0117021 0.00689655 0.0106383 0.00540541 -0.00967742 0.0193548 -0.00208333
internal_weight=272 178 94 116 94 74 62 62 48
internal_count=272 178 94 116 94 74 62 62 48
cat_boundaries=0 1 2
cat_threshold=4 1
is_linear=0
shrinkage=0.05


Tree=269
num_leaves=10
num_cat=0
split_feature=12 12 12 6 12 12 12 5 3
split_gain=2.17194 3.65048 3.16266 2.27438 2.63724 4.51098 4.16739 0.855132 0.681818
threshold=32.500000000000007 28.500000000000004 39.500000000000007 31.633333333333336 19.500000000000004 11.500000000000002 22.500000000000004 29.166666666666668 25.500000000000004
decision_type=2 2 2 2 2 2 2 2 2
left_child=1 3 7 4 5 -1 -6 -2 -8
right_child=2 -3 -4 -5 6 -7 8 -9 -10
leaf_value=-0.00015378993153336573 3.7622602517828341e-06 -0.00084989125983288012 -0.00099714679967011222 0.00010063550463659255 -9.5230228585663223e-05 0.00011145868699520279 0.00028048751366398504 1.3434351063956741e-05 1.3067567206093146e-08
leaf_weight=28 40 23 32 21 28 34 24 22 20
leaf_count=28 40 23 32 21 28 34 24 22 20
internal_value=0.00661765 0.00337079 0.012766 0.00612903 0.00373134 0.0112903 -0.00277778 0.0193548 0.00681818
internal_weight=272 178 94 155 134 62 72 62 44
internal_count=272 178 94 155 134 62 72 62 44
is_linear=0
shrinkage=0.05


Tree=270
num_leaves=9
num_cat=0
split_feature=12 12 12 5 12 12 12 5
split_gain=2.7225 5.39446 3.16266 3.03565 1.93404 2.92018 1.67183 0.855132
threshold=32.500000000000007 23.500000000000004 39.500000000000007 9.5000000000000018 19.500000000000004 11.500000000000002 27.500000000000004 29.166666666666668
decision_type=2 2 2 2 2 2 2 2
left_child=1 3 7 -1 5 -5 -3 -2
right_child=2 6 -4 4 -6 -7 -8 -9
leaf_value=0.00014563490940791012 3.5741472393269193e-06 -3.6089636777170143e-05 -0.00094728945968665108 -5.5207052892836122e-05 -7.5339362199144949e-05 0.00011135301554885402 -1.3503633606326561e-05 1.2762633510909893e-05
leaf_weight=21 40 38 32 25 33 31 30 22
leaf_count=21 40 38 32 25 33 31 30 22
internal_value=0.00588235 0.00224719 0.012766 0.00909091 0.00505618 0.0107143 -0.00882353 0.0193548
internal_weight=272 178 94 110 89 56 68 62
internal_count=272 178 94 110 89 56 68 62
is_linear=0
shrinkage=0.05


Tree=271
num_leaves=9
num_cat=1
split_feature=12 12 12 12 12 12 2 5
split_gain=3.02108 4.38082 3.78537 3.16266 1.69996 2.78411 1.41569 0.855132
threshold=32.500000000000007 19.500000000000004 11.500000000000002 39.500000000000007 22.500000000000004 28.500000000000004 0 29.166666666666668
decision_type=2 2 2 2 2 2 9 2
left_child=1 2 -1 7 -3 6 -6 -2
right_child=3 4 -4 -5 5 -7 -8 -9
leaf_value=-5.2446700248154349e-05 3.3954398775293272e-06 -8.382001936233508e-05 0.00010578536477137136 -0.00089992498670223855 -1.3211005477842265e-05 -0.00080672151516090205 9.9071819094476165e-05 1.2124501835408807e-05
leaf_weight=31 40 31 39 32 20 23 34 22
leaf_count=31 40 31 39 32 20 23 34 22
internal_value=0.00551471 0.00168539 0.0114286 0.012766 -0.00462963 -0.000649351 0.00555556 0.0193548
internal_weight=272 178 70 94 108 77 54 62
internal_count=272 178 70 94 108 77 54 62
cat_boundaries=0 1
cat_threshold=1
is_linear=0
shrinkage=0.05


Tree=272
num_leaves=9
num_cat=0
split_feature=12 12 12 5 12 12 12 5
split_gain=3.02108 4.86085 3.16266 1.8218 1.93404 2.92018 1.67183 0.855132
threshold=32.500000000000007 23.500000000000004 39.500000000000007 9.5000000000000018 19.500000000000004 11.500000000000002 27.500000000000004 29.166666666666668
decision_type=2 2 2 2 2 2 2 2
left_child=1 3 7 -1 5 -5 -3 -2
right_child=2 6 -4 4 -6 -7 -8 -9
leaf_value=0.00014254416490562251 3.225667883732797e-06 -3.3624604664517223e-05 -0.00085492873736701122 -4.9824365235728864e-05 -6.7381393121124233e-05 0.00010049609653277614 2.7507623832079275e-05 1.1518276743593958e-05
leaf_weight=21 40 38 32 25 33 31 30 22
leaf_count=21 40 38 32 25 33 31 30 22
internal_value=0.00551471 0.00168539 0.012766 0.00818182 0.00505618 0.0107143 -0.00882353 0.0193548
internal_weight=272 178 94 110 89 56 68 62
internal_count=272 178 94 110 89 56 68 62
is_linear=0
shrinkage=0.05


Tree=273
num_leaves=9
num_cat=0
split_feature=12 12 12 12 12 3 5 5
split_gain=3.02108 3.59561 3.16266 1.93555 2.79472 2.17293 1.30719 0.855132
threshold=32.500000000000007 23.500000000000004 39.500000000000007 16.500000000000004 20.500000000000004 27.500000000000004 26.500000000000004 29.166666666666668
decision_type=2 2 2 2 2 2 2 2
left_child=1 3 7 5 -5 -1 -3 -2
right_child=2 6 -4 4 -6 -7 -8 -9
leaf_value=6.9151354899754661e-05 3.0643844896260931e-06 -0.00014464642068237054 -0.0008121823004985985 0.00013171870377721718 8.9082855740940659e-06 -0.00027281689585123559 -5.1900786086633848e-07 1.0942362906440906e-05
leaf_weight=36 40 36 32 28 25 21 32 22
leaf_count=36 40 36 32 28 25 21 32 22
internal_value=0.00551471 0.00168539 0.012766 0.00727273 0.0141509 0.000877193 -0.00735294 0.0193548
internal_weight=272 178 94 110 53 57 68 62
internal_count=272 178 94 110 53 57 68 62
is_linear=0
shrinkage=0.05


Tree=274
num_leaves=9
num_cat=0
split_feature=12 12 12 12 12 12 8 5
split_gain=3.02108 3.19035 3.16266 3.00149 2.0333 3.30263 1.31698 0.855132
threshold=32.500000000000007 19.500000000000004 39.500000000000007 11.500000000000002 22.500000000000004 28.500000000000004 1.0000000180025095e-35 29.166666666666668
decision_type=2 2 2 2 2 2 2 2
left_child=1 3 7 -1 -3 6 -6 -2
right_child=2 4 -4 -5 5 -7 -8 -9
leaf_value=-3.3692302181353997e-05 2.9111652652957787e-06 -7.6705363016671416e-05 -0.00077157318547360632 0.00010911213649871243 0.00010469538725814687 -0.00076773487020140871 -1.4857435431281376e-06 1.039524476116327e-05
leaf_weight=31 40 31 32 39 33 23 21 22
leaf_count=31 40 31 32 39 33 23 21 22
internal_value=0.00551471 0.00168539 0.012766 0.01 -0.0037037 0.000649351 0.00740741 0.0193548
internal_weight=272 178 94 70 108 77 54 62
internal_count=272 178 94 70 108 77 54 62
is_linear=0
shrinkage=0.05


Tree=275
num_leaves=9
num_cat=0
split_feature=12 12 12 12 5 12 12 5
split_gain=3.33519 3.63604 3.16266 3.00149 2.08642 2.59051 3.5 0.855132
threshold=32.500000000000007 19.500000000000004 39.500000000000007 11.500000000000002 30.583333333333339 22.500000000000004 26.500000000000004 29.166666666666668
decision_type=2 2 2 2 2 2 2 2
left_child=1 3 7 -1 5 -3 -7 -2
right_child=2 4 -4 -5 -6 6 -8 -9
leaf_value=-3.200768707225521e-05 2.7656070018977632e-06 -6.0622469592708228e-05 -0.00073299452619988168 0.00010365652967374573 -7.8633554234208702e-05 6.3748984478539936e-05 -0.00010310826711688038 9.8754825229363522e-06
leaf_weight=31 40 25 32 39 27 28 28 22
leaf_count=31 40 25 32 39 27 28 28 22
internal_value=0.00514706 0.0011236 0.012766 0.01 -0.00462963 -0.000617284 0.00535714 0.0193548
internal_weight=272 178 94 70 108 81 56 62
internal_count=272 178 94 70 108 81 56 62
is_linear=0
shrinkage=0.05


Tree=276
num_leaves=9
num_cat=0
split_feature=12 12 12 12 12 3 12 5
split_gain=3.33519 4.35503 3.16266 1.93555 2.79472 2.17293 1.67183 0.855132
threshold=32.500000000000007 23.500000000000004 39.500000000000007 16.500000000000004 20.500000000000004 27.500000000000004 27.500000000000004 29.166666666666668
decision_type=2 2 2 2 2 2 2 2
left_child=1 3 7 5 -5 -1 -3 -2
right_child=2 6 -4 4 -6 -7 -8 -9
leaf_value=6.1102514080690898e-05 2.6273266518828112e-06 -2.6307312424034279e-05 -0.00069634479988973659 0.00013199916021893189 1.5329262926044863e-05 -0.00025589105159600222 7.2691667398050439e-05 9.381708396638545e-06
leaf_weight=36 40 38 32 28 25 21 30 22
leaf_count=36 40 38 32 28 25 21 30 22
internal_value=0.00514706 0.0011236 0.012766 0.00727273 0.0141509 0.000877193 -0.00882353 0.0193548
internal_weight=272 178 94 110 53 57 68 62
internal_count=272 178 94 110 53 57 68 62
is_linear=0
shrinkage=0.05


Tree=277
num_leaves=10
num_cat=0
split_feature=6 14 6 14 6 10 10 10 12
split_gain=3.83897 1.83203 1.67379 2.00444 2.74939 1.55735 4.82032 2.92426 2.18237
threshold=31.100000000000005 505.00000000000006 28.916666666666668 450.00000000000006 19.100000000000005 76.500000000000014 66.500000000000014 50.500000000000007 16.500000000000004
decision_type=2 2 2 2 2 2 2 2 2
left_child=2 -2 3 4 -1 6 7 8 -5
right_child=1 -3 -4 5 -6 -7 -8 -9 -10
leaf_value=-3.5728838085447026e-06 2.8466810957539224e-05 6.9754782411290958e-05 -0.00011770567700821744 -2.1425386832785167e-05 3.8293649891585352e-05 -2.8328281792511235e-05 1.848477025596651e-05 -6.4726213062371582e-05 0.00010611414171108892
leaf_weight=21 22 20 29 31 37 23 23 33 33
leaf_count=21 22 20 29 31 37 23 23 33 33
internal_value=0.00514706 0.0190476 0.0026087 0.00422886 0.012069 0.00104895 0.00333333 -0.00154639 0.0046875
internal_weight=272 42 230 201 58 143 120 97 64
internal_count=272 42 230 201 58 143 120 97 64
is_linear=0
shrinkage=0.05


Tree=278
num_leaves=11
num_cat=1
split_feature=12 12 5 5 6 8 2 10 5 3
split_gain=1.3427 2.82119 2.3266 3.75 1.56348 1.46697 2.15531 2.44183 2.43203 0.9
threshold=32.500000000000007 28.500000000000004 29.833333333333339 22.833333333333339 17.375000000000004 1.0000000180025095e-35 0 27.500000000000004 26.500000000000004 17.500000000000004
decision_type=2 2 2 2 2 2 9 2 2 2
left_child=1 4 3 9 -1 6 -6 -8 -9 -2
right_child=2 -3 -4 -5 5 -7 7 8 -10 -11
leaf_value=-1.335346776385471e-05 5.874811883543885e-06 -0.0007304743728973051 4.035318215915851e-05 -7.1012378830559442e-06 9.5673851798139256e-05 -1.4192254920608606e-06 0.00037549773325391557 -0.00018187757317562615 5.6658570082568363e-05 2.4738541974578256e-05
leaf_weight=38 20 23 30 24 25 28 22 20 22 20
leaf_count=38 20 23 30 24 25 28 22 20 22 20
internal_value=0.00367647 0.0011236 0.00851064 0.003125 0.00354839 0.00641026 0.00955056 0.0046875 -0.00238095 0.0125
internal_weight=272 178 94 64 155 117 89 64 42 40
internal_count=272 178 94 64 155 117 89 64 42 40
cat_boundaries=0 1
cat_threshold=4
is_linear=0
shrinkage=0.05


Tree=279
num_leaves=10
num_cat=1
split_feature=12 12 12 6 14 12 12 2 6
split_gain=1.53141 3.19035 3.00149 2.99582 2.45116 2.0333 3.30263 1.95599 0.839683
threshold=32.500000000000007 19.500000000000004 11.500000000000002 24.708333333333339 505.00000000000006 22.500000000000004 28.500000000000004 0 29.733333333333338
decision_type=2 2 2 2 2 2 2 9 2
left_child=1 2 -1 4 -2 -3 7 -7 -5
right_child=3 5 -4 8 -6 6 -8 -9 -10
leaf_value=-1.043355397465362e-05 -1.4084681595250005e-06 -7.7312060888701248e-05 9.3564638448828677e-05 1.1856137597021644e-06 6.7831912620164303e-06 -3.6111866213772718e-06 -0.00069395065425243991 9.0403982520825829e-05 4.8174311483961674e-05
leaf_weight=31 23 31 39 24 26 20 23 34 21
leaf_count=31 23 31 39 24 26 20 23 34 21
internal_value=0.00441176 0.00168539 0.01 0.00957447 0.00102041 -0.0037037 0.000649351 0.00740741 0.0188889
internal_weight=272 178 70 94 49 108 77 54 45
internal_count=272 178 70 94 49 108 77 54 45
cat_boundaries=0 1
cat_threshold=1
is_linear=0
shrinkage=0.05


Tree=280
num_leaves=10
num_cat=0
split_feature=12 5 5 12 12 12 12 12 14
split_gain=2.02529 3.46611 3.17185 3.00427 2.43748 3.71778 1.99418 1.67183 1.6
threshold=32.500000000000007 29.166666666666668 22.833333333333339 23.500000000000004 16.500000000000004 12.500000000000002 20.500000000000004 27.500000000000004 505.00000000000006
decision_type=2 2 2 2 2 2 2 2 2
left_child=3 2 8 4 5 -1 -6 -5 -2
right_child=1 -3 -4 7 6 -7 -8 -9 -10
leaf_value=5.2166038606316083e-05 3.8952924885649054e-06 2.2617095727639483e-05 -4.0107544124268206e-05 -2.4064534187218103e-05 0.00013158204982843813 -0.001110332411784798 1.379036912680931e-05 0.00014015262115183447 1.1836827524192018e-05
leaf_weight=37 20 32 22 38 28 20 25 30 20
leaf_count=37 20 32 22 38 28 20 25 30 20
internal_value=0.00257353 0.00851064 0.0016129 -0.000561798 0.00454545 -0.00263158 0.0122642 -0.00882353 0.01
internal_weight=272 94 62 178 110 57 53 68 40
internal_count=272 94 62 178 110 57 53 68 40
is_linear=0
shrinkage=0.05


Tree=281
num_leaves=9
num_cat=0
split_feature=12 12 12 12 10 6 10 12
split_gain=2.71597 4.61083 3.78537 1.49439 3.10417 2.1145 3.0034 0.827029
threshold=19.500000000000004 22.500000000000004 11.500000000000002 32.500000000000007 49.500000000000007 29.733333333333338 76.500000000000014 28.500000000000004
decision_type=2 2 2 2 2 2 2 2
left_child=2 -2 -1 4 -3 6 -5 -6
right_child=1 3 -4 5 7 -7 -8 -9
leaf_value=-1.2520178206276711e-05 -7.4135976300659939e-05 0.00062247212677988282 0.00014440302711555831 4.0924069583780918e-06 -5.3345752375477679e-07 4.4634741123061873e-05 -1.0486661140873821e-05 -0.00066626075259748065
leaf_weight=31 31 20 39 38 34 21 35 23
leaf_count=31 31 20 39 38 34 21 35 23
internal_value=0.00294118 0 0.0114286 0.00321637 -0.00194805 0.00744681 0.00342466 -0.00789474
internal_weight=272 202 70 171 77 94 73 57
internal_count=272 202 70 171 77 94 73 57
is_linear=0
shrinkage=0.05


Tree=282
num_leaves=10
num_cat=0
split_feature=12 12 12 12 12 12 12 6 6
split_gain=2.26576 3.83146 3.78537 3.41174 2.65093 2.38199 1.96923 1.06061 0.9
threshold=19.500000000000004 27.500000000000004 11.500000000000002 23.500000000000004 33.500000000000007 37.500000000000007 39.500000000000007 24.083333333333339 22.416666666666668
decision_type=2 2 2 2 2 2 2 2 2
left_child=2 3 -1 8 7 -6 -7 -3 -2
right_child=1 4 -4 -5 5 6 -8 -9 -10
leaf_value=-1.1894169295967317e-05 1.7767213088593081e-05 0.00067553462789415875 0.00013718287575974488 -4.9467524540958153e-05 -1.1791570004859864e-06 5.0899065829668192e-06 -0.0006639479086040013 0.00054114595208449863 -3.9381904046553731e-05
leaf_weight=31 20 20 39 38 30 20 32 22 20
leaf_count=31 20 20 39 38 30 20 32 22 20
internal_value=0.00367647 0.000990099 0.0114286 -0.00769231 0.00645161 0.00121951 0.00769231 0.0166667 0.0025
internal_weight=272 202 70 78 124 82 52 42 40
internal_count=272 202 70 78 124 82 52 42 40
is_linear=0
shrinkage=0.05


Tree=283
num_leaves=10
num_cat=0
split_feature=12 12 12 12 10 10 14 3 10
split_gain=2.26576 3.78537 2.20904 1.70141 3.029 2.8879 1.49005 1.42462 1.27201
threshold=19.500000000000004 11.500000000000002 22.500000000000004 29.500000000000004 66.500000000000014 54.500000000000007 505.00000000000006 25.500000000000004 78.500000000000014
decision_type=2 2 2 2 2 2 2 2 2
left_child=1 -1 -2 5 -5 -4 7 -6 -8
right_child=2 -3 3 4 6 -7 8 -9 -10
leaf_value=-1.1299460831182274e-05 -6.8460082283294807e-05 0.00013032373197177093 1.2709534922983324e-05 -7.3556406780106451e-05 1.4506966017791001e-05 9.0073235894649886e-05 2.41336861428465e-06 -1.0474247462965992e-05 8.8605525541929361e-05
leaf_weight=31 31 39 37 26 21 23 21 23 20
leaf_count=31 31 39 37 26 21 23 21 23 20
internal_value=0.00367647 0.0114286 0.000990099 0.00321637 -0.00045045 0.01 0.00411765 -0.00227273 0.0109756
internal_weight=272 70 202 171 111 60 85 44 41
internal_count=272 70 202 171 111 60 85 44 41
is_linear=0
shrinkage=0.05


Tree=284
num_leaves=10
num_cat=0
split_feature=12 12 12 12 5 6 10 10 6
split_gain=2.95636 3.78537 3.65431 4.32402 2.44956 2.79772 1.98363 2.96609 0.9
threshold=19.500000000000004 11.500000000000002 27.500000000000004 23.500000000000004 17.500000000000004 24.583333333333339 68.500000000000014 80.500000000000014 22.416666666666668
decision_type=2 2 2 2 2 2 2 2 2
left_child=1 -1 3 8 -4 -6 -7 -8 -2
right_child=2 -3 4 -5 5 6 7 -9 -10
leaf_value=-1.0734487789587633e-05 2.0301856548332609e-05 0.00012380754537320016 5.7373585385178673e-05 -4.7629625059997238e-05 -1.0024038664369074e-05 6.8923698406919703e-05 -9.1567244968615569e-06 0.00041439492882968667 -3.3989804730172327e-05
leaf_weight=31 20 39 23 38 37 23 21 20 20
leaf_count=31 20 39 23 38 37 23 21 20 20
internal_value=0.00257353 0.0114286 -0.00049505 -0.00897436 0.00483871 0.00148515 0.0078125 0.00121951 0.0025
internal_weight=272 70 202 78 124 101 64 41 40
internal_count=272 70 202 78 124 101 64 41 40
is_linear=0
shrinkage=0.05


Tree=285
num_leaves=11
num_cat=0
split_feature=12 12 10 3 5 5 6 6 3 5
split_gain=2.95636 3.78537 1.97212 2.4381 4.48718 1.92063 1.37619 2.7 0.9 0.779221
threshold=19.500000000000004 11.500000000000002 89.500000000000014 17.500000000000004 13.500000000000002 30.583333333333339 26.916666666666668 20.708333333333339 29.500000000000004 33.833333333333336
decision_type=2 2 2 2 2 2 2 2 2 2
left_child=1 -1 3 4 -2 6 7 -5 -9 -7
right_child=2 -3 -4 5 -6 9 -8 8 -10 -11
leaf_value=-1.0197763400121574e-05 3.5653550500391875e-06 0.00011761716810454459 0.025374124311754367 -4.7872013421645934e-05 -3.9087529847581243e-05 -2.2225517952634279e-05 -2.9567538549102325e-06 5.4440467392335989e-05 1.3292632590733433e-05 5.0879965307615294e-07
leaf_weight=31 26 39 22 20 28 22 24 20 20 20
leaf_count=31 26 39 22 20 28 22 24 20 20 20
internal_value=0.00257353 0.0114286 -0.00049505 -0.00222222 -0.0111111 0.0015873 0.00595238 0.01 0.0175 -0.00714286
internal_weight=272 70 202 180 54 126 84 60 40 42
internal_count=272 70 202 180 54 126 84 60 40 42
is_linear=0
shrinkage=0.05


Tree=286
num_leaves=11
num_cat=0
split_feature=12 5 10 12 12 3 12 6 5 6
split_gain=2.93945 3.5917 1.93333 4.06214 2.43661 2.17293 2.06182 1.37205 1.05 0.9
threshold=29.500000000000004 22.833333333333339 52.500000000000007 23.500000000000004 16.500000000000004 27.500000000000004 20.500000000000004 30.183333333333337 17.500000000000004 25.916666666666668
decision_type=2 2 2 2 2 2 2 2 2 2
left_child=2 8 3 4 5 -1 -6 9 -2 -3
right_child=1 7 -4 -5 6 -7 -8 -9 -10 -11
leaf_value=5.029125437217008e-05 8.6915203720394636e-06 -2.7249556423747379e-05 8.6953261995503803e-05 -0.00011595412434157738 0.00013156517068368956 -0.00026005443759267169 1.0343976999926952e-05 -8.3814229675738258e-06 -2.4385534924675767e-07 -1.2723108570256159e-05
leaf_weight=36 20 20 31 23 28 21 22 23 28 20
leaf_count=36 20 20 31 23 28 21 22 23 28 20
internal_value=0.00220588 -0.00405405 0.00652174 0.00384615 0.00794393 0.000877193 0.016 -0.0119048 0.00625 -0.0175
internal_weight=272 111 161 130 107 57 50 63 48 40
internal_count=272 111 161 130 107 57 50 63 48 40
is_linear=0
shrinkage=0.05


Tree=287
num_leaves=11
num_cat=1
split_feature=12 12 5 3 2 3 5 5 14 12
split_gain=3.46771 3.27468 2.63166 4.36907 4.49123 3.80952 2.82541 2.75627 2.59286 1.6
threshold=19.500000000000004 8.5000000000000018 16.833333333333339 33.500000000000007 0 36.500000000000007 25.583333333333339 20.166666666666668 530.00000000000011 27.500000000000004
decision_type=2 2 2 2 9 2 2 2 2 2
left_child=1 -1 9 4 -4 -5 7 -6 -3 -2
right_child=2 8 3 5 6 -7 -8 -9 -10 -11
leaf_value=-0.0021704944384950409 -1.1172891290378573e-05 0.00031064279548851384 -8.132212965445974e-05 1.8441633563526239e-05 -0.0002342918162524299 -5.6652349372576797e-06 -5.8367458607122559e-05 6.7153511514295166e-05 8.6800751053184308e-05 3.4525933504525598e-05
leaf_weight=22 20 28 38 20 21 28 33 22 20 20
leaf_count=22 20 28 38 20 21 28 33 22 20 20
internal_value=0.00183824 0.0114286 -0.00148515 -0.00432099 -0.00964912 0.00833333 -0.00263158 0.00581395 0.01875 0.01
internal_weight=272 70 202 162 114 48 76 43 48 40
internal_count=272 70 202 162 114 48 76 43 48 40
cat_boundaries=0 1
cat_threshold=4
is_linear=0
shrinkage=0.05


Tree=288
num_leaves=12
num_cat=1
split_feature=5 3 3 7 8 2 6 3 12 10 7
split_gain=3.74006 2.82788 1.38046 3.65269 1.80006 2.46914 2.0525 1.42857 1.27201 0.9 0.725926
threshold=33.166666666666679 33.500000000000007 28.500000000000004 1150000000.0000002 1.0000000180025095e-35 0 23.183333333333337 15.500000000000002 28.500000000000004 54.500000000000007 1425000000.0000002
decision_type=2 2 2 2 2 9 2 2 2 2 2
left_child=1 2 3 7 5 -5 -6 -1 -2 -3 -7
right_child=8 9 -4 4 6 10 -8 -9 -10 -11 -12
leaf_value=7.7835011662452663e-05 -2.7419510212567389e-06 1.1310165625921798e-05 -5.041793123989891e-05 2.0211429728789201e-05 2.1848772265187224e-06 -1.6746343158668963e-05 -0.00023440188487153791 7.7675755899608848e-05 -7.5016270853112143e-05 5.2741446702242459e-05 0.00021869100682776478
leaf_weight=24 21 20 24 27 21 24 20 21 20 20 30
leaf_count=24 21 20 24 27 21 24 20 21 20 20 30
internal_value=0.00294118 0.00541126 0.00287958 0.00449102 0 0.00432099 -0.00853659 0.0166667 -0.0109756 0.0175 -0.00185185
internal_weight=272 231 191 167 122 81 41 45 41 40 54
internal_count=272 231 191 167 122 81 41 45 41 40 54
cat_boundaries=0 1
cat_threshold=4
is_linear=0
shrinkage=0.05


Tree=289
num_leaves=11
num_cat=2
split_feature=1 12 2 12 3 6 10 10 3 5
split_gain=2.30201 4.14161 4.38223 3.842 3.0582 2.70173 2.27273 1.94444 0.999125 0.9
threshold=0 29.500000000000004 1 16.500000000000004 11.500000000000002 26.733333333333338 48.500000000000007 48.500000000000007 27.500000000000004 30.833333333333339
decision_type=1 2 9 2 2 2 2 2 2 2
left_child=4 2 -2 -4 -1 6 -6 -5 -3 -7
right_child=1 8 3 7 5 9 -8 -9 -10 -11
leaf_value=-3.9790210898082991e-05 6.1090787000450675e-05 -1.2585060816050488e-05 -0.00026232630360700782 0.00010659120408824664 1.574758676863297e-05 -2.3068401482362333e-06 0.00015069468296982083 -9.2235980678978549e-06 -1.4102090218770514e-05 2.1494460076887379e-05
leaf_weight=24 30 37 23 21 22 20 22 24 29 20
leaf_count=24 30 37 23 21 22 20 22 24 29 20
internal_value=0.00147059 -0.00229885 0.00408163 -0.00294118 0.00677966 0.0119048 0.0204545 0.00555556 -0.0121212 0.0025
internal_weight=272 164 98 68 108 84 44 45 66 40
internal_count=272 164 98 68 108 84 44 45 66 40
cat_boundaries=0 1 2
cat_threshold=135 4
is_linear=0
shrinkage=0.05


Tree=290
num_leaves=10
num_cat=0
split_feature=12 12 12 12 12 12 12 12 6
split_gain=2.97287 3.52344 2.69094 2.52492 2.29661 1.90717 1.81565 1.45813 1.00087
threshold=23.500000000000004 27.500000000000004 33.500000000000007 16.500000000000004 36.500000000000007 20.500000000000004 39.500000000000007 12.500000000000002 24.083333333333339
decision_type=2 2 2 2 2 2 2 2 2
left_child=3 -2 8 7 -4 -5 -6 -1 -3
right_child=1 2 4 5 6 -7 -8 -9 -10
leaf_value=0.00015526557252396601 -3.839597890200608e-05 0.00063818793262786504 -8.5428865848058422e-06 0.00011900171015994944 3.5904155858190737e-06 1.4125267243514373e-05 -0.0019013921816640079 -0.0010708749986343858 0.00051814814532882283
leaf_weight=37 38 20 24 28 26 25 32 20 22
leaf_count=37 38 20 24 28 26 25 32 20 22
internal_value=0.00183824 -0.00246914 0.0016129 0.00818182 -0.00365854 0.0160377 0.00172414 0.000877193 0.0119048
internal_weight=272 162 124 110 82 53 58 57 42
internal_count=272 162 124 110 82 53 58 57 42
is_linear=0
shrinkage=0.05


Tree=291
num_leaves=12
num_cat=1
split_feature=1 12 10 3 12 10 3 3 6 12 10
split_gain=3.0461 3.10199 4.62106 4.89815 2.75797 2.91382 2.08333 1.9703 1.01587 2.60938 1.1938
threshold=0 29.500000000000004 54.500000000000007 26.500000000000004 35.500000000000007 81.500000000000014 11.500000000000002 11.500000000000002 21.708333333333339 32.500000000000007 34.500000000000007
decision_type=1 2 2 2 2 2 2 2 2 2 2
left_child=7 2 3 6 -3 -6 -2 -1 -9 10 -10
right_child=1 4 -4 -5 5 -7 -8 8 9 -11 -12
leaf_value=-3.8243592423903296e-05 -1.7594913563279135e-05 -0.00021017452494094259 9.6711895690937411e-05 -0.00027008379983026746 7.6217376809850634e-06 -0.00081827182096461115 0.00078463077398778231 2.2821960975250021e-06 0.00014045203321666477 0.00032551814004939673 -8.138556298220579e-07
leaf_weight=26 24 24 22 27 20 21 24 21 21 20 22
leaf_count=26 24 24 22 27 20 21 24 21 21 20 22
internal_value=0.00147059 -0.00290698 0.00257732 -0.00333333 -0.0115385 -0.00365854 0.00625 0.0075 0.0119048 0.0150794 0.00813953
internal_weight=272 162 97 75 65 41 48 110 84 63 43
internal_count=272 162 97 75 65 41 48 110 84 63 43
cat_boundaries=0 1
cat_threshold=15
is_linear=0
shrinkage=0.05


Tree=292
num_leaves=10
num_cat=0
split_feature=12 12 12 12 10 5 10 14 5
split_gain=3.73868 3.63903 3.27468 3.0771 4.30937 4.44174 2.8879 2.59286 1.13821
threshold=19.500000000000004 22.500000000000004 8.5000000000000018 29.500000000000004 68.500000000000014 23.166666666666668 54.500000000000007 530.00000000000011 30.166666666666668
decision_type=2 2 2 2 2 2 2 2 2
left_child=2 -2 -1 6 -5 -6 -3 -4 -7
right_child=1 3 7 4 5 8 -8 -9 -10
leaf_value=-0.0020593874659625257 -5.6621288072555846e-05 2.2342917075057757e-05 0.00032631917183909568 -4.3522478219415464e-05 3.0147013366388367e-05 -3.210983765740139e-05 8.0571342257584888e-05 0.00013418622245402469 4.8199647602942267e-06
leaf_weight=22 31 37 28 35 35 21 23 20 20
leaf_count=22 31 37 28 35 35 21 23 20 20
internal_value=0.00147059 -0.0019802 0.0114286 0.000877193 -0.00405405 0.00263158 0.01 0.01875 -0.00853659
internal_weight=272 202 70 171 111 76 60 48 41
internal_count=272 202 70 171 111 76 60 48 41
is_linear=0
shrinkage=0.05


Tree=293
num_leaves=9
num_cat=1
split_feature=12 12 12 12 10 5 2 5
split_gain=3.49817 3.00149 1.95266 2.10413 3.79111 3.45678 2.59491 1.13821
threshold=19.500000000000004 11.500000000000002 22.500000000000004 29.500000000000004 68.500000000000014 23.166666666666668 0 30.166666666666668
decision_type=2 2 2 2 2 2 9 2
left_child=1 -1 -2 6 -5 -6 -4 -7
right_child=2 -3 3 4 5 7 -8 -9
leaf_value=-7.1551286091597888e-06 -5.3790223668848117e-05 0.00015885794355483541 -3.0795495497670802e-06 -4.134635430830258e-05 2.863966269792684e-05 -3.0504345774673425e-05 9.9152692442316948e-05 4.5789665223949783e-06
leaf_weight=31 31 39 23 35 35 21 37 20
leaf_count=31 31 39 23 35 35 21 37 20
internal_value=0.000367647 0.01 -0.0029703 -0.000877193 -0.00495495 0.00131579 0.00666667 -0.00853659
internal_weight=272 70 202 171 111 76 60 41
internal_count=272 70 202 171 111 76 60 41
cat_boundaries=0 1
cat_threshold=1
is_linear=0
shrinkage=0.05


Tree=294
num_leaves=10
num_cat=1
split_feature=12 12 12 12 14 2 12 6 6
split_gain=4.31257 4.7691 4.10479 3.17293 3.16129 2.16222 3.78829 2 1.00087
threshold=23.500000000000004 27.500000000000004 33.500000000000007 45.500000000000007 505.00000000000006 0 11.500000000000002 24.708333333333339 24.083333333333339
decision_type=2 2 2 2 2 9 2 2 2
left_child=5 -2 8 4 -4 -1 -7 -8 -3
right_child=1 2 3 -5 -6 6 7 -9 -10
leaf_value=-2.8002398518012231e-05 -5.3387228182621983e-05 0.00059873558150425055 -2.0956355228918257e-08 0.024891057724740585 -1.4570535940094942e-05 -0.00088898205256224836 6.8405418560590911e-05 5.3215382334670384e-05 0.00048020827268615565
leaf_weight=36 38 20 31 20 31 24 25 25 22
leaf_count=36 38 20 31 20 31 24 25 25 22
internal_value=-0.000367647 -0.00555556 -0.000806452 -0.00731707 -0.0129032 0.00727273 0.0121622 0.02 0.0119048
internal_weight=272 162 124 82 62 110 74 50 42
internal_count=272 162 124 82 62 110 74 50 42
cat_boundaries=0 1
cat_threshold=2
is_linear=0
shrinkage=0.05


Tree=295
num_leaves=11
num_cat=0
split_feature=12 12 14 5 12 12 10 3 12 3
split_gain=4.61273 3.27468 2.59286 2.01849 2.32692 4.34944 3.82573 2.23657 1.42408 0.513124
threshold=19.500000000000004 8.5000000000000018 530.00000000000011 13.500000000000002 22.500000000000004 29.500000000000004 71.500000000000014 31.500000000000004 45.500000000000007 32.500000000000007
decision_type=2 2 2 2 2 2 2 2 2 2
left_child=1 -1 -3 -2 -5 7 9 -6 -8 -7
right_child=3 2 -4 4 5 6 8 -9 -10 -11
leaf_value=-0.0019116112336058145 7.6768219653189366e-06 0.00029939954695268334 0.00011852393865252608 -0.00010923320056610564 0.00087654573293134426 -5.2006955953842754e-05 -7.7019969282332576e-07 -2.5621066317427222e-07 0.023646504838503724 -2.3999767928017947e-05
leaf_weight=22 27 28 20 26 26 21 39 23 20 20
leaf_count=22 27 28 20 26 26 21 39 23 20 20
internal_value=0.000367647 0.0114286 0.01875 -0.00346535 -0.00542857 -0.00302013 -0.009 0.00918367 -0.000847458 -0.0207317
internal_weight=272 70 48 202 175 149 100 49 59 41
internal_count=272 70 48 202 175 149 100 49 59 41
is_linear=0
shrinkage=0.05


Tree=296
num_leaves=11
num_cat=0
split_feature=12 12 5 12 14 7 3 6 12 6
split_gain=4.31119 3.27468 2.65871 2.64585 2.59286 2.50128 2.97646 3.04762 1.56814 1.17467
threshold=19.500000000000004 8.5000000000000018 17.500000000000004 27.500000000000004 530.00000000000011 1150000000.0000002 25.500000000000004 29.416666666666668 32.500000000000007 23.416666666666668
decision_type=2 2 2 2 2 2 2 2 2 2
left_child=1 -1 3 -2 -3 8 9 -8 -4 -7
right_child=2 4 5 -5 -6 6 7 -9 -10 -11
leaf_value=-0.0018160306719255282 -2.9041898046866521e-05 0.0002844295696050381 -0.00017162298427741973 5.0584553487809108e-05 0.00011259774171987758 -2.4389721111361951e-05 -8.2490376637878178e-06 1.8950308541398898e-05 1.4295540295172771e-05 -0.00010596815768781909
leaf_weight=22 24 28 25 23 20 21 35 25 26 23
leaf_count=22 24 28 25 23 20 21 35 25 26 23
internal_value=0.000735294 0.0114286 -0.0029703 0.00744681 0.01875 -0.00612903 -0.0105769 -0.00333333 0.00294118 -0.0204545
internal_weight=272 70 202 47 48 155 104 60 51 44
internal_count=272 70 202 47 48 155 104 60 51 44
is_linear=0
shrinkage=0.05


Tree=297
num_leaves=10
num_cat=0
split_feature=12 12 5 6 3 5 5 14 3
split_gain=2.74292 2.71515 2.22294 4.24845 3.84013 2.25534 1.91004 1.86667 1.06278
threshold=19.500000000000004 8.5000000000000018 22.416666666666668 20.708333333333339 14.500000000000002 26.500000000000004 33.166666666666679 530.00000000000011 31.500000000000004
decision_type=2 2 2 2 2 2 2 2 2
left_child=1 -1 3 4 -2 -4 8 -3 -7
right_child=2 7 5 -5 -6 6 -8 -9 -10
leaf_value=-0.0017252291383292651 6.3488171613279576e-06 0.0002702080911248128 -4.4101874830015934e-05 0.00070574972209573876 -0.00024455978433177709 -6.9617556768264428e-07 -1.3799746711029572e-05 0.00010696785463384374 1.354259970138827e-05
leaf_weight=22 36 28 38 20 22 29 33 20 24
leaf_count=22 36 28 38 20 22 29 33 20 24
internal_value=0.00147059 0.01 -0.00148515 0.00512821 -0.00172414 -0.00564516 -0.00116279 0.0166667 0.00471698
internal_weight=272 70 202 78 58 124 86 48 53
internal_count=272 70 202 78 58 124 86 48 53
is_linear=0
shrinkage=0.05


Tree=298
num_leaves=10
num_cat=2
split_feature=1 8 5 6 6 2 12 14 3
split_gain=2.4739 3.62963 3.20844 5.67602 2.78759 2.25 0.843573 0.75 0.542297
threshold=0 1.0000000180025095e-35 25.166666666666668 20.366666666666671 26.583333333333339 1 23.500000000000004 530.00000000000011 11.500000000000002
decision_type=1 2 2 2 2 9 2 2 2
left_child=1 5 3 8 -4 -1 -6 -7 -2
right_child=2 -3 4 -5 6 7 -8 -9 -10
leaf_value=1.662009625480465e-05 1.4949863760094218e-05 -0.00031761464932866801 -7.4269825018458135e-05 0.00012870917981366858 0.0003956992867055753 4.0339430584346301e-06 -3.0152940809990981e-06 -8.6072484958066301e-06 -2.7288257703173004e-05
leaf_weight=24 30 36 20 39 20 24 34 24 21
leaf_count=24 30 36 20 39 20 24 34 24 21
internal_value=-0.000367647 -0.0059322 0.00344828 0.01 -0.00405405 0 0.00185185 -0.00625 -0.000980392
internal_weight=272 108 164 90 74 72 54 48 51
internal_count=272 108 164 90 74 72 54 48 51
cat_boundaries=0 1 2
cat_threshold=624 4
is_linear=0
shrinkage=0.05


Tree=299
num_leaves=10
num_cat=1
split_feature=12 12 12 5 2 12 14 12 5
split_gain=2.19798 5.97699 4.58234 3.64023 3.51324 3.00465 2.85712 1.90717 1.39469
threshold=23.500000000000004 27.500000000000004 16.500000000000004 17.500000000000004 0 12.500000000000002 450.00000000000006 20.500000000000004 27.833333333333339
decision_type=2 2 2 2 9 2 2 2 2
left_child=2 -2 5 -3 -5 -1 -6 -4 -8
right_child=1 3 7 4 6 -7 8 -9 -10
leaf_value=0.00055446401779590815 -6.363237513618003e-05 6.1647727915570269e-05 0.00012432223051472846 0.00064386404764000822 1.5347683746114171e-06 -0.0010503926733964164 -0.0003623031069480476 1.6318862351738519e-05 -6.9958337409303801e-06
leaf_weight=37 38 23 28 27 23 20 20 25 31
leaf_count=37 38 23 28 27 23 20 20 25 31
internal_value=0 -0.0037037 0.00545455 0.0016129 -0.00247525 -0.00438596 -0.00810811 0.0160377 -0.0147059
internal_weight=272 162 110 124 101 57 74 53 51
internal_count=272 162 110 124 101 57 74 53 51
cat_boundaries=0 1
cat_threshold=1
is_linear=0
shrinkage=0.05


Tree=300
num_leaves=9
num_cat=1
split_feature=12 12 12 5 12 2 3 6
split_gain=2.98448 3.00149 2.48631 3.32053 2.64507 1.99193 2.30796 1.6
threshold=19.500000000000004 11.500000000000002 27.500000000000004 17.500000000000004 23.500000000000004 0 22.500000000000004 22.416666666666668
decision_type=2 2 2 2 2 9 2 2
left_child=1 -1 4 -4 7 -5 -7 -2
right_child=2 -3 3 5 -6 6 -8 -9
leaf_value=-3.9208789815248225e-05 1.1436878545989515e-05 0.00017667447337785803 5.8565341519667417e-05 -7.8206520260692972e-06 -6.0450756379459851e-05 3.2932645834193866e-05 -3.3069687315645526e-06 -2.0937235130347179e-05
leaf_weight=31 20 39 23 38 38 26 37 20
leaf_count=31 20 39 23 38 38 26 37 20
internal_value=0.00110294 0.01 -0.0019802 0.00241935 -0.00897436 -0.00148515 0.00396825 0
internal_weight=272 70 202 124 78 101 63 40
internal_count=272 70 202 124 78 101 63 40
cat_boundaries=0 1
cat_threshold=4
is_linear=0
shrinkage=0.05


Tree=301
num_leaves=11
num_cat=1
split_feature=12 12 2 6 8 10 12 12 3 7
split_gain=3.25873 2.4533 3.10037 3.14714 2.148 2.6584 2.24349 4.37048 2.17293 0.958865
threshold=29.500000000000004 45.500000000000007 0 22.100000000000005 1.0000000180025095e-35 52.500000000000007 21.500000000000004 16.500000000000004 27.500000000000004 1300000000.0000002
decision_type=2 2 9 2 2 2 2 2 2 2
left_child=4 2 -2 -4 5 6 7 8 -1 -5
right_child=1 -3 3 9 -6 -7 -8 -9 -10 -11
leaf_value=8.5170495199804474e-05 -7.8042634852337756e-05 0.022450847274918573 9.1332167745150631e-06 -6.2550094526159228e-06 -4.1460477801180678e-06 0.00042963138615990107 -0.0002002439858291183 9.6531180070424949e-05 -0.00029065738755233993 -4.6893799539038383e-05
leaf_weight=36 21 20 23 27 34 20 22 28 21 20
leaf_count=36 21 20 23 27 34 20 22 28 21 20
internal_value=0.000735294 -0.00585586 -0.00934066 -0.00428571 0.0052795 0.00826772 0.00514019 0.00882353 0.000877193 -0.0117021
internal_weight=272 111 91 70 161 127 107 85 57 47
internal_count=272 111 91 70 161 127 107 85 57 47
cat_boundaries=0 1
cat_threshold=1
is_linear=0
shrinkage=0.05


Tree=302
num_leaves=10
num_cat=1
split_feature=12 12 12 5 12 10 2 6 6
split_gain=2.74292 3.00149 2.48732 2.29702 2.77954 2.81875 1.46348 2.72113 1.13821
threshold=19.500000000000004 11.500000000000002 22.500000000000004 17.500000000000004 29.500000000000004 66.500000000000014 0 26.733333333333338 27.666666666666668
decision_type=2 2 2 2 2 2 9 2 2
left_child=1 -1 -2 -4 8 -6 -7 -8 -5
right_child=2 -3 3 4 5 6 7 -9 -10
leaf_value=-2.2715480946899902e-05 -3.7120656704914268e-05 0.00018237361908655104 2.4294815193925958e-05 -6.1290145996650837e-06 -9.3702924262117909e-05 -1.2271038689881665e-05 4.9182496276500842e-05 -8.4137845442811002e-06 8.1772651363465351e-05
leaf_weight=31 31 39 39 20 22 26 23 20 21
leaf_count=31 31 39 39 20 22 26 23 20 21
internal_value=0.00147059 0.01 -0.00148515 0.000877193 -0.00227273 -0.00714286 -0.00217391 0.00348837 0.00853659
internal_weight=272 70 202 171 132 91 69 43 41
internal_count=272 70 202 171 132 91 69 43 41
cat_boundaries=0 1
cat_threshold=4
is_linear=0
shrinkage=0.05


Tree=303
num_leaves=10
num_cat=0
split_feature=12 12 12 5 12 6 5 6 14
split_gain=3.23623 3.07732 3.45479 3.32053 3.00149 2.66258 3.44193 1.6 0.907786
threshold=19.500000000000004 27.500000000000004 23.500000000000004 17.500000000000004 11.500000000000002 24.583333333333339 33.166666666666679 22.416666666666668 530.00000000000011
decision_type=2 2 2 2 2 2 2 2 2
left_child=4 2 7 -3 -1 -5 8 -2 -7
right_child=1 3 -4 5 -6 6 -8 -9 -10
leaf_value=-2.1579706899554908e-05 7.8945084505122054e-06 5.3965672845635032e-05 -7.4432134703705799e-05 -3.3361810453058642e-05 0.00017325493813222793 1.8958386732492727e-05 -3.6803302358023872e-05 -1.7827038149498264e-05 5.1499992142822751e-06
leaf_weight=31 20 23 38 37 39 23 21 20 20
leaf_count=31 20 23 38 37 39 23 21 20 20
internal_value=0.000735294 -0.00247525 -0.0102564 0.00241935 0.01 -0.00148515 0.0046875 0 0.0127907
internal_weight=272 202 78 124 70 101 64 40 43
internal_count=272 202 78 124 70 101 64 40 43
is_linear=0
shrinkage=0.05


Tree=304
num_leaves=9
num_cat=1
split_feature=1 6 10 5 6 5 3 14
split_gain=2.18637 2.24074 3.07731 2.09308 5.67602 2.56658 1.7042 1.04684
threshold=0 27.666666666666668 50.500000000000007 25.166666666666668 20.366666666666671 28.833333333333339 11.500000000000002 505.00000000000006
decision_type=1 2 2 2 2 2 2 2
left_child=1 2 -1 4 6 -5 -2 -7
right_child=3 -3 -4 5 -6 7 -8 -9
leaf_value=1.1565823716352953e-05 2.9493429498383961e-05 3.985008514284516e-06 -6.4755601913191191e-05 -0.00019075235341396992 0.00013187875742284305 -6.913775917993803e-06 -4.2778874380644538e-06 9.1738962420606651e-05
leaf_weight=33 30 36 39 23 39 27 21 24
leaf_count=33 30 36 39 23 39 27 21 24
internal_value=0.00110294 -0.00423729 -0.00972222 0.0045977 0.01 -0.00135135 -0.000980392 0.00490196
internal_weight=272 108 72 164 90 74 51 51
internal_count=272 108 72 164 90 74 51 51
cat_boundaries=0 1
cat_threshold=624
is_linear=0
shrinkage=0.05


Tree=305
num_leaves=11
num_cat=0
split_feature=12 12 12 5 12 6 5 7 6 7
split_gain=2.31515 3.225 2.48631 3.32053 2.64507 2.35375 2.1 2.05714 1.6 0.520542
threshold=19.500000000000004 14.500000000000002 27.500000000000004 17.500000000000004 23.500000000000004 25.550000000000004 33.166666666666679 1300000000.0000002 22.416666666666668 1300000000.0000002
decision_type=2 2 2 2 2 2 2 2 2 2
left_child=1 9 4 -4 8 7 -7 -5 -2 -1
right_child=2 -3 3 5 -6 6 -8 -9 -10 -11
leaf_value=9.2072417822652855e-05 1.1979446270515837e-05 0.00058698498152187639 5.1481283575327558e-05 8.3252234350794652e-07 -6.4322829085394778e-05 1.7811216970287094e-05 -3.5162387665899077e-05 -0.00011350604655007146 -2.0059810779571308e-05 -0.00017686369422715843
leaf_weight=25 20 23 23 24 38 35 21 21 20 22
leaf_count=25 20 23 23 24 38 35 21 21 20 22
internal_value=0.000735294 0.00857143 -0.0019802 0.00241935 -0.00897436 -0.00148515 0.00535714 -0.01 0 0.00106383
internal_weight=272 70 202 124 78 101 56 45 40 47
internal_count=272 70 202 124 78 101 56 45 40 47
is_linear=0
shrinkage=0.05


Tree=306
num_leaves=9
num_cat=2
split_feature=1 5 6 6 6 10 6 2
split_gain=1.91507 3.73581 4.83157 2.78759 2.24074 3.07731 1.18519 1.01801
threshold=0 25.166666666666668 20.366666666666671 26.583333333333339 27.666666666666668 50.500000000000007 30.583333333333339 1
decision_type=1 2 2 2 2 2 2 9
left_child=4 2 7 -3 5 -1 -5 -2
right_child=1 3 -4 6 -6 -7 -8 -9
leaf_value=1.038856021704504e-05 4.6298363551322554e-05 -6.1101484859804606e-05 0.00012068119866057714 1.643797526611479e-05 5.5884719473375815e-06 -5.8301680363292976e-05 -2.9315249854278136e-06 -1.5018812994682662e-05
leaf_weight=33 22 20 39 27 36 39 27 29
leaf_count=33 22 20 39 27 36 39 27 29
internal_value=0.000735294 0.00402299 0.0111111 -0.00405405 -0.00423729 -0.00972222 0.00185185 0.000980392
internal_weight=272 164 90 74 108 72 54 51
internal_count=272 164 90 74 108 72 54 51
cat_boundaries=0 1 2
cat_threshold=624 2
is_linear=0
shrinkage=0.05


Tree=307
num_leaves=10
num_cat=2
split_feature=0 5 6 6 3 12 10 2 10
split_gain=2.38188 5.2934 3.96546 2.90659 2.01667 4.01516 3.6 1.73333 1.52381
threshold=0 23.500000000000004 25.366666666666671 20.366666666666671 34.500000000000007 23.500000000000004 55.500000000000007 1 30.000000000000004
decision_type=9 2 2 2 2 2 2 9 2
left_child=4 3 -3 -2 5 8 -6 -4 -1
right_child=1 2 7 -5 6 -7 -8 -9 -10
leaf_value=2.5549187621187743e-05 -7.9166733075730633e-06 -4.425171025168595e-05 -8.3326801487260134e-06 0.00083706807833126015 -2.863446673666559e-05 -4.2727284139765237e-05 6.8155342300180172e-05 1.5616076502666944e-05 0.00010434933659180246
leaf_weight=21 39 24 26 24 20 38 20 39 21
leaf_count=21 39 24 26 24 20 38 20 39 21
internal_value=0.000367647 -0.0037037 -0.0117978 0.00714286 0.00538462 0.00125 0.015 -0.00538462 0.0119048
internal_weight=272 152 89 63 120 80 40 65 42
internal_count=272 152 89 63 120 80 40 65 42
cat_boundaries=0 1 2
cat_threshold=401 4
is_linear=0
shrinkage=0.05


Tree=308
num_leaves=10
num_cat=0
split_feature=12 10 5 10 12 12 12 12 12
split_gain=2.75277 2.38512 2.18244 3.2967 1.94087 2.94705 1.88535 1.40468 1.2381
threshold=29.500000000000004 52.500000000000007 17.500000000000004 71.500000000000014 23.500000000000004 16.500000000000004 12.500000000000002 20.500000000000004 39.500000000000007
decision_type=2 2 2 2 2 2 2 2 2
left_child=1 4 -2 -4 5 6 -1 -7 -5
right_child=2 -3 3 8 -6 7 -8 -9 -10
leaf_value=0.00046757246841733213 7.5244942230767721e-06 4.8592390285762121e-05 -3.9174280002285404e-05 1.1631877025664039e-05 -0.00010089825100880746 0.00011073085854249599 -0.0010224877746644269 2.9203521758169873e-06 -0.0017530477523369115
leaf_weight=37 20 31 39 24 23 28 20 22 28
leaf_count=37 20 31 39 24 23 28 20 22 28
internal_value=0.00110294 0.0052795 -0.00495495 -0.00824176 0.00230769 0.00514019 -0.00263158 0.014 0
internal_weight=272 161 111 91 130 107 57 50 52
internal_count=272 161 111 91 130 107 57 50 52
is_linear=0
shrinkage=0.05


Tree=309
num_leaves=11
num_cat=1
split_feature=5 1 6 5 12 12 5 5 5 12
split_gain=2.81791 3.40506 4.82753 4.65645 2.8588 2.48766 1.5814 2.75627 0.978253 0.937279
threshold=15.333333333333334 0 24.583333333333339 22.833333333333339 19.500000000000004 26.500000000000004 33.166666666666679 27.833333333333339 28.833333333333339 23.500000000000004
decision_type=2 1 2 2 2 2 2 2 2 2
left_child=9 3 5 -2 -5 -3 7 -4 -6 -1
right_child=1 2 6 4 8 -7 -8 -9 -10 -11
leaf_value=9.3595326835149711e-05 0.00044419384499647666 -6.3865136763796576e-05 -2.2513208138619233e-06 0.00026611948367953885 -5.1064901064989954e-05 -0.00025425917310712977 -3.2505781705083335e-05 2.4077371435105024e-05 -1.5517833018563465e-06 2.8641560488651411e-06
leaf_weight=25 31 22 21 24 21 23 25 22 34 24
leaf_count=25 31 22 21 24 21 23 25 22 34 24
internal_value=0.000367647 -0.00201794 -0.00772358 0.00416667 -0.00189873 -0.0211111 0 0.00581395 -0.00818182 0.0112245
internal_weight=272 223 113 110 79 45 68 43 55 49
internal_count=272 223 113 110 79 45 68 43 55 49
cat_boundaries=0 1
cat_threshold=143
is_linear=0
shrinkage=0.05


Tree=310
num_leaves=11
num_cat=1
split_feature=0 7 12 5 5 6 14 12 10 7
split_gain=3.07323 2.7 2.95864 2.51483 5.19382 3.76732 5.00087 2.45898 3.44402 1.82857
threshold=0 800000000.00000012 13.500000000000002 23.500000000000004 26.500000000000004 28.916666666666668 505.00000000000006 32.500000000000007 49.500000000000007 1300000000.0000002
decision_type=9 2 2 2 2 2 2 2 2 2
left_child=1 -1 -3 9 -5 -6 -7 8 -4 -2
right_child=3 2 7 4 5 6 -8 -9 -10 -11
leaf_value=7.9277281558276524e-05 4.9534561197717153e-05 0.00030429743158149063 1.3875887403003163e-05 -0.00010714025958939999 9.0480397462666676e-05 -0.00054603316199814962 1.5238296386943517e-05 4.0508602566546873e-06 -6.4711623820201683e-05 -2.4231536630558992e-05
leaf_weight=24 35 22 31 25 22 20 22 23 20 28
leaf_count=24 35 22 31 25 22 20 22 23 20 28
internal_value=-0.000367647 0.00538462 0.00208333 -0.00493827 -0.0106742 -0.003125 -0.0119048 -0.0027027 -0.00882353 0.00238095
internal_weight=272 120 96 152 89 64 42 74 51 63
internal_count=272 120 96 152 89 64 42 74 51 63
cat_boundaries=0 1
cat_threshold=417
is_linear=0
shrinkage=0.05


Tree=311
num_leaves=10
num_cat=2
split_feature=0 5 3 6 6 14 5 2 12
split_gain=1.87048 2.47714 2.27718 3.2207 2.9205 2.4668 2.10338 1.13616 0.380952
threshold=0 24.166666666666668 26.500000000000004 31.100000000000005 24.708333333333339 490.00000000000006 13.500000000000002 1 28.500000000000004
decision_type=9 2 2 2 2 2 2 9 2
left_child=1 6 4 8 5 -2 -1 -3 -4
right_child=2 7 3 -5 -6 -7 -8 -9 -10
leaf_value=3.0205496295376834e-05 -0.00010178324661005434 8.1893769891649988e-06 -0.00038035790990420537 7.9169080598084929e-05 3.6324398114917504e-05 8.5406614605387798e-05 -3.8583648760415201e-05 4.4584518381007857e-05 -1.5509221165643796e-05
leaf_weight=33 23 21 21 25 30 32 37 29 21
leaf_count=33 23 21 21 25 30 32 37 29 21
internal_value=0.00257353 0.00692308 -0.00123457 -0.00820896 0.00411765 -0.00272727 0.00142857 0.016 -0.0166667
internal_weight=272 120 152 67 85 55 70 50 42
internal_count=272 120 152 67 85 55 70 50 42
cat_boundaries=0 1 2
cat_threshold=393 4
is_linear=0
shrinkage=0.05


Tree=312
num_leaves=11
num_cat=1
split_feature=1 3 3 3 3 6 12 5 3 5
split_gain=2.31181 2.79202 2.50542 2.89785 5.34457 3.18841 3.13043 2.25373 3.17647 0.9
threshold=0 31.500000000000004 10.500000000000002 28.500000000000004 33.500000000000007 20.366666666666671 27.500000000000004 24.833333333333339 14.500000000000002 31.166666666666668
decision_type=1 2 2 2 2 2 2 2 2 2
left_child=1 7 -2 5 -5 -4 -7 8 -1 -6
right_child=2 -3 3 4 9 6 -8 -9 -10 -11
leaf_value=1.9446151157787031e-06 -4.0447138263477457e-05 -9.1227785305925132e-05 -6.5566208018452699e-06 -0.00012986901865943423 0.00012782837911511359 6.7464152053453572e-05 0.00044947823555787638 4.2355292461948583e-05 -0.00023524547528968044 1.0529249432966737e-05
leaf_weight=24 36 30 20 22 20 23 23 27 27 20
leaf_count=24 36 30 20 22 20 23 23 27 27 20
internal_value=0.00220588 -0.00338983 0.00574713 0.009375 0.0016129 0.0166667 0.023913 0.00128205 -0.00490196 0.0125
internal_weight=272 108 164 128 62 66 46 78 51 40
internal_count=272 108 164 128 62 66 46 78 51 40
cat_boundaries=0 1
cat_threshold=624
is_linear=0
shrinkage=0.05


Tree=313
num_leaves=11
num_cat=1
split_feature=0 12 12 10 12 3 3 12 5 12
split_gain=3.54948 2.45 2.33311 1.94141 3.16068 2.26564 1.60087 1.44048 1.15714 0.0701299
threshold=0 29.500000000000004 19.500000000000004 83.500000000000014 33.500000000000007 21.500000000000004 23.500000000000004 35.500000000000007 24.166666666666668 20.500000000000004
decision_type=9 2 2 2 2 2 2 2 2 2
left_child=1 8 6 4 5 -4 -2 -3 9 -1
right_child=2 7 3 -5 -6 -7 -8 -9 -10 -11
leaf_value=3.9273846720311312e-05 0.00035612941476541597 -0.00018959664020172797 -9.4671727366346667e-05 0.010229076746732881 -1.2785738445764139e-05 1.5627417713659499e-06 -9.72861134197256e-05 2.5089178400605761e-06 8.8267483860438045e-05 1.763783507415795e-05
leaf_weight=22 20 21 25 20 26 39 22 27 30 20
leaf_count=22 20 21 25 20 26 39 22 27 30 20
internal_value=0 0.00615385 -0.00493827 -0.00909091 -0.0122222 -0.00625 0.0047619 -0.00208333 0.0125 0.00714286
internal_weight=272 120 152 110 90 64 42 48 72 42
internal_count=272 120 152 110 90 64 42 48 72 42
cat_boundaries=0 1
cat_threshold=393
is_linear=0
shrinkage=0.05


Tree=314
num_leaves=10
num_cat=2
split_feature=12 5 2 3 12 12 12 2 6
split_gain=3.80735 4.61913 4.01574 4.84809 1.10387 4.914 3.00149 2.21105 0.942857
threshold=29.500000000000004 17.500000000000004 0 25.500000000000004 19.500000000000004 22.500000000000004 11.500000000000002 1 28.583333333333339
decision_type=2 2 9 2 2 2 2 9 2
left_child=4 -2 -3 -4 6 -6 -1 -7 -5
right_child=1 2 3 8 5 7 -8 -9 -10
leaf_value=-5.9780780054108364e-05 1.9674245325163045e-05 3.6617796015292471e-05 -0.00074616121336426036 -1.758452135653954e-05 -5.7054809177259363e-05 -9.8438442890369511e-07 0.00015836181976940368 0.00012104567915471875 -3.0136813712999813e-06
leaf_weight=31 20 23 26 20 31 23 39 37 22
leaf_count=31 20 23 26 20 31 23 39 37 22
internal_value=0.000367647 -0.00675676 -0.0115385 -0.0176471 0.0052795 0.00164835 0.01 0.01 -0.00714286
internal_weight=272 111 91 68 161 91 70 60 42
internal_count=272 111 91 68 161 91 70 60 42
cat_boundaries=0 1 2
cat_threshold=1 1
is_linear=0
shrinkage=0.05


Tree=315
num_leaves=10
num_cat=1
split_feature=5 6 3 12 3 3 6 2 12
split_gain=2.38362 4.48221 2.72019 3.47143 3.78979 2.23771 1.64763 1.14833 0.652497
threshold=33.166666666666679 30.083333333333339 22.500000000000004 33.500000000000007 33.500000000000007 11.500000000000002 20.366666666666671 0 28.500000000000004
decision_type=2 2 2 2 2 2 2 9 2
left_child=1 2 5 4 -4 7 -7 -1 -2
right_child=8 -3 3 -5 -6 6 -8 -9 -10
leaf_value=2.6912417819247027e-05 -1.4497154587367335e-05 4.9134451963972481e-05 -0.0001094835301973518 -3.7147737217502202e-05 0.00016882666040731744 3.4210783842691939e-06 0.00028740852496955682 -4.3431664711324203e-05 -0.00014305852507927598
leaf_weight=22 21 24 38 24 22 26 37 38 20
leaf_count=22 21 24 38 24 22 26 37 38 20
internal_value=0.00257353 0.00454545 0.00217391 -0.0047619 0.00166667 0.00691057 0.0134921 0 -0.00853659
internal_weight=272 231 207 84 60 123 63 60 41
internal_count=272 231 207 84 60 123 63 60 41
cat_boundaries=0 1
cat_threshold=1
is_linear=0
shrinkage=0.05


Tree=316
num_leaves=10
num_cat=1
split_feature=1 10 12 3 5 6 5 6 5
split_gain=1.97499 3.87184 4.58397 3.19744 2.95385 4.14815 2.08652 3.87707 2.83636
threshold=0 76.500000000000014 32.500000000000007 14.500000000000002 24.166666666666668 28.916666666666668 25.166666666666668 20.916666666666668 29.166666666666668
decision_type=1 2 2 2 2 2 2 2 2
left_child=6 2 3 -2 -5 -6 7 -1 -8
right_child=1 -3 -4 4 5 -7 8 -9 -10
leaf_value=6.6089393532919878e-06 4.7539153424569497e-05 -0.00042440900455353869 1.6865915356589766e-05 -0.00023285028199921954 4.4151070614617538e-05 -2.6495656847913554e-05 -0.00013056964976465579 0.00014200239576052099 7.7080128042084091e-06
leaf_weight=37 31 31 22 30 21 27 22 21 30
leaf_count=37 31 31 22 30 21 27 22 21 30
internal_value=0.00183824 -0.00174419 0.0019084 -0.00229358 -0.00769231 0 0.00666667 0.0137931 0
internal_weight=272 162 131 109 78 48 110 58 52
internal_count=272 162 131 109 78 48 110 58 52
cat_boundaries=0 1
cat_threshold=142
is_linear=0
shrinkage=0.05


Tree=317
num_leaves=11
num_cat=1
split_feature=8 2 10 12 12 12 3 12 5 5
split_gain=2.64986 4.35556 3.20831 2.03708 4.61538 3.7602 2.17293 1.35976 0.535192 0.284553
threshold=1.0000000180025095e-35 0 68.500000000000014 32.500000000000007 23.500000000000004 16.500000000000004 27.500000000000004 27.500000000000004 24.833333333333339 23.166666666666668
decision_type=2 9 2 2 2 2 2 2 2 2
left_child=3 -2 -3 4 5 6 -1 -6 -5 -7
right_child=1 2 -4 8 7 9 -8 -9 -10 -11
leaf_value=6.0891569763699142e-05 -7.219368103719149e-05 -1.1688583938251896e-05 5.4661735551420069e-05 1.4405294968966587e-05 -7.6349147266707723e-05 8.614745220114628e-05 -0.00027408918812890095 -2.5170874005553401e-05 1.4071617386690606e-05 0.00065250887398597972
leaf_weight=36 30 29 31 20 20 21 21 23 21 20
leaf_count=36 30 29 31 20 20 21 21 23 21 20
internal_value=0.00257353 -0.00444444 0.00333333 0.00604396 0.00319149 0.00918367 0.000877193 -0.0104651 0.0158537 0.0207317
internal_weight=272 90 60 182 141 98 57 43 41 41
internal_count=272 90 60 182 141 98 57 43 41 41
cat_boundaries=0 1
cat_threshold=4
is_linear=0
shrinkage=0.05


Tree=318
num_leaves=10
num_cat=0
split_feature=12 12 12 10 12 12 7 12 7
split_gain=2.51156 10.2317 3.00149 2.37726 2.226 3.09712 1.40639 1.27079 0.702671
threshold=19.500000000000004 22.500000000000004 11.500000000000002 49.500000000000007 32.500000000000007 39.500000000000007 1425000000.0000002 28.500000000000004 1150000000.0000002
decision_type=2 2 2 2 2 2 2 2 2
left_child=2 -2 -1 -3 7 6 8 -5 -6
right_child=1 3 -4 4 5 -7 -8 -9 -10
leaf_value=-2.5970591035129333e-05 -5.871481576420479e-05 0.00058701205903179956 0.00014860673537890891 -2.8033281236794496e-06 1.3368036517391602e-05 -0.0021331689491525196 7.8277500104917411e-06 -0.00063122928963750275 1.4642765767014509e-05
leaf_weight=31 31 20 39 34 21 32 21 23 20
leaf_count=31 31 20 39 34 21 32 21 23 20
internal_value=0.00183824 -0.000990099 0.01 0.00380117 0.00165563 0.00638298 0.0129032 -0.00614035 0.0182927
internal_weight=272 202 70 171 151 94 62 57 41
internal_count=272 202 70 171 151 94 62 57 41
is_linear=0
shrinkage=0.05


Tree=319
num_leaves=11
num_cat=2
split_feature=0 6 7 10 14 6 2 3 12 3
split_gain=2.51972 3.73854 4.04322 3.78197 3.31325 3.06602 2.48312 1.37403 1.09091 2.03576
threshold=0 28.916666666666668 1550000000.0000002 47.500000000000007 505.00000000000006 30.083333333333339 1 15.500000000000002 29.500000000000004 19.500000000000004
decision_type=9 2 2 2 2 2 9 2 2 2
left_child=5 2 3 -2 -3 6 -1 -5 9 -8
right_child=1 4 -4 7 -6 -7 8 -9 -10 -11
leaf_value=-5.5779074975959024e-05 -6.1824184122816213e-06 -0.00050558287290609634 -8.0452122576701876e-05 2.0405966271397347e-06 -6.4597733382854018e-06 6.3182808282036265e-05 0.00048691746820459517 2.434581695958116e-05 -8.7339113198581227e-06 6.289081541055453e-06
leaf_weight=31 24 20 30 20 23 23 23 35 22 21
leaf_count=31 24 20 30 20 23 23 23 35 22 21
internal_value=0.00183824 -0.00246914 0.00229358 0.00822785 -0.0151163 0.00692308 0.00360825 0.0154545 0.00909091 0.0136364
internal_weight=272 152 109 79 43 120 97 55 66 44
internal_count=272 152 109 79 43 120 97 55 66 44
cat_boundaries=0 1 2
cat_threshold=417 2
is_linear=0
shrinkage=0.05


Tree=320
num_leaves=11
num_cat=0
split_feature=12 12 12 12 7 12 6 10 5 7
split_gain=2.67769 5.14999 3.29571 3.14797 2.20526 2.11444 1.67225 3.28507 1.15283 0.520542
threshold=27.500000000000004 19.500000000000004 22.500000000000004 39.500000000000007 800000000.00000012 14.500000000000002 27.666666666666668 68.500000000000014 25.583333333333339 1300000000.0000002
decision_type=2 2 2 2 2 2 2 2 2 2
left_child=1 5 -3 4 -2 9 7 -6 -4 -1
right_child=3 2 8 -5 6 -7 -8 -9 -10 -11
leaf_value=9.7845133015095353e-05 2.3384192625286461e-05 -5.2990121227125546e-05 1.9385667958005117e-06 -0.0020118596268080325 -3.2781620076249851e-05 0.00059982789286312517 3.0944809537203359e-05 3.0850306418805928e-05 -6.13678467136225e-06 -0.00020590418586805548
leaf_weight=25 21 31 26 32 25 23 20 26 21 22
leaf_count=25 21 31 26 32 25 23 20 26 21 22
internal_value=0.00183824 -0.0027027 -0.0115385 0.00725806 0.0119565 0.00714286 0.00774648 0.00294118 -0.00319149 0.00106383
internal_weight=272 148 78 124 92 70 71 51 47 47
internal_count=272 148 78 124 92 70 71 51 47 47
is_linear=0
shrinkage=0.05


Tree=321
num_leaves=11
num_cat=0
split_feature=12 12 12 12 7 6 3 6 10 7
split_gain=2.67769 3.7639 3.99729 3.14797 2.20526 1.98367 2.79148 1.67225 3.28507 1.11206
threshold=27.500000000000004 19.500000000000004 22.500000000000004 39.500000000000007 800000000.00000012 20.366666666666671 27.500000000000004 27.666666666666668 68.500000000000014 1300000000.0000002
decision_type=2 2 2 2 2 2 2 2 2 2
left_child=1 5 -3 4 -2 -1 -7 8 -6 -4
right_child=3 2 9 -5 7 6 -8 -9 -10 -11
leaf_value=-1.9649987557190942e-05 2.221498299412872e-05 -5.0340615165822561e-05 -3.5302365493539156e-05 -0.0019112666454677908 -3.1142539072348542e-05 0.0013737020203027585 -5.9599863686976564e-06 2.9397569060307661e-05 2.9307791097998859e-05 3.0133008124266783e-07
leaf_weight=21 21 31 20 32 25 23 26 20 26 27
leaf_count=21 21 31 20 32 25 23 26 20 26 27
internal_value=0.00183824 -0.0027027 -0.0102564 0.00725806 0.0119565 0.00571429 0.0112245 0.00774648 0.00294118 -0.00106383
internal_weight=272 148 78 124 92 70 49 71 51 47
internal_count=272 148 78 124 92 70 49 71 51 47
is_linear=0
shrinkage=0.05


Tree=322
num_leaves=11
num_cat=0
split_feature=12 12 12 12 7 6 10 6 3 7
split_gain=2.67769 3.14797 2.59467 2.96007 2.20526 1.67225 3.28507 1.56735 1.86868 1.11206
threshold=27.500000000000004 39.500000000000007 19.500000000000004 22.500000000000004 800000000.00000012 27.666666666666668 68.500000000000014 20.366666666666671 27.500000000000004 1300000000.0000002
decision_type=2 2 2 2 2 2 2 2 2 2
left_child=2 4 7 -4 -2 6 -6 -1 -9 -5
right_child=1 -3 3 9 5 -7 -8 8 -10 -11
leaf_value=-1.8667488179335836e-05 2.1104233844582156e-05 -0.0018157033131945611 -4.7823584407602483e-05 -3.3537247218884403e-05 -2.9585412118748879e-05 2.7927690607398859e-05 2.7842401543232145e-05 0.0013050169192876382 -5.6619870502316876e-06 2.8626357710948015e-07
leaf_weight=21 21 32 31 20 25 20 26 23 26 27
leaf_count=21 21 32 31 20 25 20 26 23 26 27
internal_value=0.00183824 0.00725806 -0.0027027 -0.00897436 0.0119565 0.00774648 0.00294118 0.00428571 0.00918367 -0.00106383
internal_weight=272 124 148 78 92 71 51 70 49 47
internal_count=272 124 148 78 92 71 51 70 49 47
is_linear=0
shrinkage=0.05


Tree=323
num_leaves=11
num_cat=0
split_feature=12 12 12 12 7 3 6 3 7 5
split_gain=3.12883 3.53506 2.59467 2.96007 1.88132 1.62294 1.56735 1.86868 1.11206 0.9
threshold=27.500000000000004 39.500000000000007 19.500000000000004 22.500000000000004 800000000.00000012 21.500000000000004 20.366666666666671 27.500000000000004 1300000000.0000002 29.833333333333339
decision_type=2 2 2 2 2 2 2 2 2 2
left_child=2 4 6 -4 -2 -6 -1 -8 -5 -7
right_child=1 -3 3 8 5 9 7 -9 -10 -11
leaf_value=-1.7734113770373483e-05 2.0049022152335285e-05 -0.0017249181475349929 -4.543240518728453e-05 -3.1860384857917978e-05 1.6190416464212375e-05 -1.0837950900111083e-05 0.0012397660733231676 -5.3788876977378665e-06 2.7195039820071543e-07 4.9540935387781817e-06
leaf_weight=21 21 32 31 20 31 20 23 26 27 20
leaf_count=21 21 32 31 20 31 20 23 26 27 20
internal_value=0.00220588 0.00806452 -0.0027027 -0.00897436 0.0130435 0.00915493 0.00428571 0.00918367 -0.00106383 0.0025
internal_weight=272 124 148 78 92 71 70 49 47 40
internal_count=272 124 148 78 92 71 70 49 47 40
is_linear=0
shrinkage=0.05


Tree=324
num_leaves=10
num_cat=1
split_feature=1 3 12 3 5 10 5 7 6
split_gain=3.08518 3.42857 3.11224 2.78362 2.58323 2.34551 2.23356 1.18627 1.17993
threshold=0 11.500000000000002 27.500000000000004 30.500000000000004 24.833333333333339 32.500000000000007 15.333333333333334 1550000000.0000002 20.366666666666671
decision_type=1 2 2 2 2 2 2 2 2
left_child=1 -1 5 4 6 -3 -2 -5 -8
right_child=3 2 -4 7 -6 -7 8 -9 -10
leaf_value=-5.9582582205663928e-05 1.1914067574103627e-05 0.00065611078260880979 1.8239132593578233e-05 -4.897620275094994e-05 2.176869639498591e-05 -3.0328357786046926e-06 -0.00097301757564931539 -7.2828278277281563e-05 -1.8531151305634098e-05
leaf_weight=24 30 21 38 27 37 25 20 24 26
leaf_count=24 30 21 38 27 37 25 20 24 26
internal_value=0.00147059 0.00762712 0.0130952 -0.00287356 0.00132743 0.00434783 -0.00394737 -0.0127451 -0.0108696
internal_weight=272 108 84 164 113 46 76 51 46
internal_count=272 108 84 164 113 46 76 51 46
cat_boundaries=0 1
cat_threshold=135
is_linear=0
shrinkage=0.05


Tree=325
num_leaves=10
num_cat=1
split_feature=1 3 12 10 12 10 12 12 5
split_gain=2.42325 3.42857 3.11224 2.47573 4.61777 2.34551 1.77137 4.1747 0.9
threshold=0 11.500000000000002 27.500000000000004 80.500000000000014 32.500000000000007 32.500000000000007 24.500000000000004 16.500000000000004 25.583333333333339
decision_type=1 2 2 2 2 2 2 2 2
left_child=1 -1 5 4 6 -3 7 -2 -8
right_child=3 2 -4 -5 -6 -7 8 -9 -10
leaf_value=-5.6603453095505078e-05 -0.00016037806980953031 0.00062330524347835596 1.7327175963899324e-05 -0.00058077460794248026 1.1493415953367504e-05 -2.8811939897011033e-06 -0.00016470788631517408 6.1331348658377749e-05 -9.1917600161473003e-06
leaf_weight=24 32 21 38 24 31 25 20 37 20
leaf_count=24 32 21 38 24 31 25 20 37 20
internal_value=0.00220588 0.00762712 0.0130952 -0.00172414 0.000714286 0.00434783 -0.00412844 0.000724638 -0.0125
internal_weight=272 108 84 164 140 46 109 69 40
internal_count=272 108 84 164 140 46 109 69 40
cat_boundaries=0 1
cat_threshold=135
is_linear=0
shrinkage=0.05


Tree=326
num_leaves=10
num_cat=0
split_feature=12 12 10 3 5 10 10 5 12
split_gain=2.28388 4.22821 2.70223 2.21952 2.45581 2.58261 0.970497 2.0496 0.853755
threshold=32.500000000000007 39.500000000000007 69.500000000000014 22.500000000000004 23.166666666666668 48.500000000000007 52.500000000000007 28.833333333333339 16.500000000000004
decision_type=2 2 2 2 2 2 2 2 2
left_child=3 2 -2 4 5 8 7 -5 -1
right_child=1 -3 -4 6 -6 -7 -8 -9 -10
leaf_value=-1.6990227763713507e-05 3.5701521698072725e-06 -0.0016065883977354645 1.4606886987245105e-05 -7.8046982365531658e-05 2.1855991464292403e-05 -9.8493718121694942e-05 -9.7007085636313665e-06 8.8821156777285648e-05 0.00012386311148517847
leaf_weight=24 26 32 36 38 20 20 28 26 22
leaf_count=24 26 32 36 38 20 20 28 26 22
internal_value=0.00220588 0.00851064 0.016129 -0.0011236 0.00465116 0 -0.00652174 -0.003125 0.00652174
internal_weight=272 94 62 178 86 66 92 64 46
internal_count=272 94 62 178 86 66 92 64 46
is_linear=0
shrinkage=0.05


Tree=327
num_leaves=10
num_cat=0
split_feature=12 12 10 3 5 10 12 12 12
split_gain=2.558 4.22821 2.70223 2.67237 2.45581 2.58261 1.14194 2.13811 0.853755
threshold=32.500000000000007 39.500000000000007 69.500000000000014 22.500000000000004 23.166666666666668 48.500000000000007 23.500000000000004 16.500000000000004 16.500000000000004
decision_type=2 2 2 2 2 2 2 2 2
left_child=3 2 -2 4 5 8 7 -5 -1
right_child=1 -3 -4 6 -6 -7 -8 -9 -10
leaf_value=-1.6140716375545596e-05 3.3916445614678993e-06 -0.0015262589778487269 1.387654263798055e-05 -0.0001566293632963678 2.0763191891148836e-05 -9.3569032215690129e-05 -1.6179247408842913e-05 5.9018934692023354e-05 0.00011766995591084851
leaf_weight=24 26 32 36 31 20 20 39 22 22
leaf_count=24 26 32 36 31 20 20 39 22 22
internal_value=0.00183824 0.00851064 0.016129 -0.00168539 0.00465116 0 -0.0076087 -0.00283019 0.00652174
internal_weight=272 94 62 178 86 66 92 53 46
internal_count=272 94 62 178 86 66 92 53 46
is_linear=0
shrinkage=0.05


Tree=328
num_leaves=11
num_cat=0
split_feature=7 8 12 10 6 12 12 6 6 6
split_gain=2.46859 3.79259 3.65534 2.83338 2.57124 1.32623 2.32405 4.14434 3.97269 0.97572
threshold=1300000000.0000002 1.0000000180025095e-35 22.500000000000004 74.500000000000014 22.583333333333339 13.500000000000002 32.500000000000007 22.583333333333339 24.708333333333339 24.583333333333339
decision_type=2 2 2 2 2 2 2 2 2 2
left_child=5 2 4 -3 -2 -1 8 -8 -7 -4
right_child=1 3 9 -5 -6 6 7 -9 -10 -11
leaf_value=9.3902025864212041e-05 -0.00015347692125367018 -5.381991050219526e-05 9.4945736744733725e-06 -0.00035841522274893123 3.0464205927405175e-05 3.8036174508171429e-05 -1.314774096918825e-05 1.5844084135707705e-05 -0.00028452198451329737 3.4037863411384706e-06
leaf_weight=22 20 22 23 23 26 31 20 31 33 21
leaf_count=22 20 22 23 23 26 31 20 31 33 21
internal_value=0.00220588 -0.00259259 0.00333333 -0.0144444 -0.00652174 0.00693431 0.00478261 0.0127451 -0.0015625 0.0136364
internal_weight=272 135 90 45 46 137 115 51 64 44
internal_count=272 135 90 45 46 137 115 51 64 44
is_linear=0
shrinkage=0.05


Tree=329
num_leaves=10
num_cat=1
split_feature=12 12 10 12 12 12 2 12 14
split_gain=2.5281 4.85964 3.45851 1.81774 2.99029 1.74064 3.07451 1.35087 1.47841
threshold=32.500000000000007 39.500000000000007 69.500000000000014 19.500000000000004 22.500000000000004 28.500000000000004 0 8.5000000000000018 505.00000000000006
decision_type=2 2 2 2 2 2 9 2 2
left_child=3 2 -2 7 -5 6 -6 -1 -9
right_child=1 -3 -4 4 5 -7 -8 8 -10
leaf_value=-0.001669190232165252 3.1546537542226361e-06 -0.001432025267818915 1.4223349000985764e-05 -5.1225863046866495e-05 -1.1673644887988389e-05 -0.00056029780792830051 9.9753093845045279e-05 0.000566943927257757 7.9887645623522027e-05
leaf_weight=22 26 32 36 31 20 23 34 23 25
leaf_count=22 26 32 36 31 20 23 34 23 25
internal_value=0.00294118 0.00957447 0.0177419 -0.000561798 -0.00462963 0.000649351 0.00555556 0.00571429 0.0104167
internal_weight=272 94 62 178 108 77 54 70 48
internal_count=272 94 62 178 108 77 54 70 48
cat_boundaries=0 1
cat_threshold=1
is_linear=0
shrinkage=0.05


Tree=330
num_leaves=11
num_cat=1
split_feature=1 10 5 3 5 3 10 3 6 3
split_gain=3.64631 3.58574 3.38857 3.89636 3.21165 2.16674 4.40193 1.72912 2.19448 0.609081
threshold=0 59.500000000000007 29.166666666666668 28.500000000000004 32.500000000000007 17.500000000000004 51.500000000000007 27.500000000000004 19.100000000000005 22.500000000000004
decision_type=1 2 2 2 2 2 2 2 2 2
left_child=1 7 3 5 -4 6 -2 8 -1 -3
right_child=2 9 4 -5 -6 -7 -8 -9 -10 -11
leaf_value=-4.4165445103550027e-05 8.8423245955038254e-05 2.9388002419494798e-05 4.363828320981256e-05 -0.00022942474409717308 7.1016370125853717e-06 0.00011720722858719058 -6.4720865398193444e-05 -2.1515000647420736e-05 5.5723074510183324e-06 -8.3286793456593952e-06
leaf_weight=20 26 21 22 28 30 31 25 20 27 22
leaf_count=20 26 21 22 28 30 31 25 20 27 22
internal_value=0.00183824 -0.005 0.00639535 0.00181818 0.0173077 0.00731707 0.000980392 -0.0126866 -0.00744681 0.00581395
internal_weight=272 110 162 110 52 82 51 67 47 43
internal_count=272 110 162 110 52 82 51 67 47 43
cat_boundaries=0 1
cat_threshold=106
is_linear=0
shrinkage=0.05


Tree=331
num_leaves=10
num_cat=1
split_feature=1 5 5 5 3 12 6 6 10
split_gain=3.29029 3.798 3.21165 2.87658 2.31112 2.35313 1.74545 1.69991 1.706
threshold=0 29.166666666666668 32.500000000000007 24.833333333333339 32.500000000000007 25.500000000000004 20.083333333333339 20.708333333333339 51.500000000000007
decision_type=1 2 2 2 2 2 2 2 2
left_child=4 3 -3 7 5 6 -1 8 -2
right_child=1 2 -4 -5 -6 -7 -8 -9 -10
leaf_value=-8.1330875505525318e-05 8.400208365726414e-05 4.1456369049353019e-05 6.7465551619960711e-06 -0.00023032420467163919 -1.9260375679364118e-05 5.528776926233548e-06 8.9320906555556694e-07 3.5771585279142927e-05 -6.1484822128221603e-05
leaf_weight=20 22 22 30 25 28 38 24 38 25
leaf_count=20 22 22 30 25 28 38 24 38 25
internal_value=0.00147059 0.00581395 0.0173077 0.000909091 -0.005 -0.00121951 -0.00909091 0.00529412 -0.00106383
internal_weight=272 162 52 110 110 82 44 85 47
internal_count=272 162 52 110 110 82 44 85 47
cat_boundaries=0 1
cat_threshold=106
is_linear=0
shrinkage=0.05


Tree=332
num_leaves=10
num_cat=0
split_feature=12 5 12 12 7 5 5 5 6
split_gain=2.60784 3.44388 2.59656 2.52468 2.13624 2.09485 1.9814 2.04869 1.4829
threshold=27.500000000000004 17.500000000000004 13.500000000000002 8.5000000000000018 1300000000.0000002 26.500000000000004 28.833333333333339 20.166666666666668 27.666666666666668
decision_type=2 2 2 2 2 2 2 2 2
left_child=2 -2 3 -1 5 -3 7 -4 -6
right_child=1 4 6 -5 8 -7 -8 -9 -10
leaf_value=-0.0015890219693891483 8.7677050390411185e-05 -1.7420683786184555e-06 -1.1901744128195447e-05 0.00011285942864875943 -8.2048708504345319e-05 1.0085979866047979e-05 6.4406820406759383e-06 -9.9834258004172233e-05 1.511142318211256e-05
leaf_weight=22 23 23 39 20 27 31 30 37 20
leaf_count=22 23 23 39 20 27 31 30 37 20
internal_value=0.00110294 0.00645161 -0.00337838 0.00714286 0.00247525 0.00925926 -0.00754717 -0.0118421 -0.00531915
internal_weight=272 124 148 42 101 54 106 76 47
internal_count=272 124 148 42 101 54 106 76 47
is_linear=0
shrinkage=0.05


Tree=333
num_leaves=10
num_cat=0
split_feature=12 12 5 10 6 12 12 12 10
split_gain=1.94011 2.78331 2.04106 2.15326 2.64166 1.79124 2.19805 4.38359 1.42022
threshold=27.500000000000004 39.500000000000007 17.833333333333339 71.500000000000014 27.083333333333339 24.500000000000004 16.500000000000004 12.500000000000002 38.500000000000007
decision_type=2 2 2 2 2 2 2 2 2
left_child=5 2 -2 4 -4 6 7 -1 -8
right_child=1 -3 3 -5 -6 -7 8 -9 -10
leaf_value=0.00022562084854489407 6.0040524158999632e-05 -0.0013471868510151809 -1.3612093682624505e-05 6.7648601202563448e-06 0.00020666149196131301 -5.3778330670350984e-05 6.0655264389986034e-05 -0.00094576545296614083 5.0800992630328783e-07
leaf_weight=37 20 32 29 23 20 32 29 20 30
leaf_count=37 20 32 29 23 20 32 29 20 30
internal_value=0.00183824 0.00645161 0.0108696 0.00694444 0.00102041 -0.00202703 0.000862069 -0.00614035 0.00762712
internal_weight=272 124 92 72 49 148 116 57 59
internal_count=272 124 92 72 49 148 116 57 59
is_linear=0
shrinkage=0.05


Tree=334
num_leaves=11
num_cat=1
split_feature=5 6 3 14 7 6 6 2 10 3
split_gain=1.62794 4.44352 2.64666 2.07631 2.03409 2.26863 1.9988 1.37027 1.14326 0.604181
threshold=22.416666666666668 20.366666666666671 16.500000000000004 505.00000000000006 1425000000.0000002 25.708333333333339 31.450000000000003 0 54.500000000000007 29.500000000000004
decision_type=2 2 2 2 2 2 2 9 2 2
left_child=1 2 3 -1 6 -6 7 -2 -9 -7
right_child=4 -3 -4 -5 5 9 -8 8 -10 -11
leaf_value=-2.6576062286043369e-05 -4.7052250991796997e-05 0.00030433029819600945 -0.00018652813476389697 8.0291171662949529e-05 -0.00011873852211810033 3.1700280092827883e-05 4.1204916964154849e-05 -2.4541131767330528e-05 2.6324317873971384e-06 -1.0965393244077859e-06
leaf_weight=28 23 30 20 29 21 20 26 26 28 21
leaf_count=28 23 30 20 29 21 20 26 26 28 21
internal_value=0.00220588 0.00700935 0.000649351 0.00614035 -0.000909091 -0.00806452 0.00339806 -0.000649351 0.0037037 -0.00121951
internal_weight=272 107 77 57 165 62 103 77 54 41
internal_count=272 107 77 57 165 62 103 77 54 41
cat_boundaries=0 1
cat_threshold=2
is_linear=0
shrinkage=0.05


Tree=335
num_leaves=11
num_cat=0
split_feature=7 8 6 6 12 3 3 3 3 5
split_gain=2.86135 2.17233 1.95611 3.03925 2.33195 1.86704 1.80607 3.29968 3.00014 1.42857
threshold=1300000000.0000002 1.0000000180025095e-35 29.733333333333338 24.083333333333339 20.500000000000004 30.500000000000004 24.500000000000004 19.500000000000004 11.500000000000002 25.166666666666668
decision_type=2 2 2 2 2 2 2 2 2 2
left_child=1 2 3 4 -1 6 7 8 -2 -3
right_child=5 9 -4 -5 -6 -7 -8 -9 -10 -11
leaf_value=6.2456358442197771e-05 -1.0003254303825316e-05 5.1280987589663596e-05 8.1808023213980624e-05 -0.00021449643220776695 -1.9138501151427789e-05 -6.9945628926149091e-06 2.3317767249064758e-05 -0.00011309182323326894 0.00035314639949941552 4.5655128388055749e-06
leaf_weight=22 29 21 21 21 28 37 22 27 20 24
leaf_count=22 29 21 21 21 28 37 22 27 20 24
internal_value=0.00257353 0.00766423 0.00326087 -0.000704225 0.006 -0.00259259 0.00102041 -0.00263158 0.00510204 0.0166667
internal_weight=272 137 92 71 50 135 98 76 49 45
internal_count=272 137 92 71 50 135 98 76 49 45
is_linear=0
shrinkage=0.05


Tree=336
num_leaves=11
num_cat=1
split_feature=0 7 3 6 12 12 3 10 6 6
split_gain=2.129 3.56815 3.48444 2.77947 2.93947 2.90514 3.06352 2.46735 3.63821 1.27023
threshold=0 1550000000.0000002 29.500000000000004 30.083333333333339 29.500000000000004 22.500000000000004 15.500000000000002 50.500000000000007 28.916666666666668 24.708333333333339
decision_type=9 2 2 2 2 2 2 2 2 2
left_child=3 7 -3 4 5 6 -1 -2 9 -9
right_child=1 2 -4 -5 -6 -7 -8 8 -10 -11
leaf_value=6.9461713371055117e-05 -1.4029892024858271e-05 -1.3123070613474398e-05 -0.0001225832840078489 0.00015573367426711116 -7.0965390610844284e-05 0.0010729552524663788 -0.00020377161059741413 4.3927843453772654e-05 -7.1976562158759813e-05 4.0257741514437842e-05
leaf_weight=25 38 25 20 22 32 20 21 29 20 20
leaf_count=25 38 25 20 22 32 20 21 29 20 20
internal_value=0.00147059 -0.00246914 -0.0144444 0.00615385 0.00306122 0.00909091 0.00217391 0.00233645 0.00797101 0.0153061
internal_weight=272 152 45 120 98 66 46 107 69 49
internal_count=272 152 45 120 98 66 46 107 69 49
cat_boundaries=0 1
cat_threshold=297
is_linear=0
shrinkage=0.05


Tree=337
num_leaves=10
num_cat=1
split_feature=1 8 3 5 5 6 7 10 5
split_gain=3.64076 4.74074 4.67682 2.85282 3.44715 3.86463 2.70935 2.0568 1.89351
threshold=0 1.0000000180025095e-35 28.500000000000004 26.500000000000004 23.500000000000004 21.083333333333339 1550000000.0000002 59.500000000000007 16.166666666666668
decision_type=1 2 2 2 2 2 2 2 2
left_child=1 2 6 4 5 8 -1 -5 -2
right_child=3 -3 -4 7 -6 -7 -8 -9 -10
leaf_value=-3.0316502225957722e-06 3.8813933988635084e-06 -0.00026414905697151879 -0.00010890359833712893 3.0382658747374339e-05 -4.435823488444513e-05 0.00037786480824912876 0.00063993478892658833 2.1170961808003598e-05 -0.0002421066221754309
leaf_weight=21 35 36 29 34 24 27 22 24 20
leaf_count=21 35 36 29 34 24 27 22 24 20
internal_value=0 -0.00677966 0 0.0045977 0 0.00487805 0.0104651 0.0137931 -0.00272727
internal_weight=272 108 72 164 106 82 43 58 55
internal_count=272 108 72 164 106 82 43 58 55
cat_boundaries=0 1
cat_threshold=736
is_linear=0
shrinkage=0.05


Tree=338
num_leaves=12
num_cat=1
split_feature=0 10 12 12 7 12 12 7 3 3 3
split_gain=2.51972 2.48348 4.12208 2.50976 2.13333 3.73526 2.98807 2.01349 1.52727 1.02797 0.9
threshold=0 54.500000000000007 39.500000000000007 19.500000000000004 800000000.00000012 24.500000000000004 35.500000000000007 1425000000.0000002 23.500000000000004 28.500000000000004 21.500000000000004
decision_type=9 2 2 2 2 2 2 2 2 2 2
left_child=4 3 9 8 -1 7 -7 -6 -2 -3 -5
right_child=1 2 -4 10 5 6 -8 -9 -10 -11 -12
leaf_value=5.7571314831594837e-05 0.00011762300357396339 3.8637174393230111e-05 -0.0058253043711410163 -0.00018014119544744746 3.0578508455825218e-05 -7.0807060002309194e-05 2.8623169278318984e-06 1.1536009846047079e-05 -0.00010991638812472005 2.5226726889648887e-06 -9.1872974966378255e-06
leaf_weight=24 20 26 22 20 21 29 24 22 22 22 20
leaf_count=24 20 26 22 20 21 29 24 22 22 22 20
internal_value=0.00183824 -0.00246914 0.00428571 -0.00853659 0.00692308 0.00416667 -0.00471698 0.0151163 0 0.0125 -0.0175
internal_weight=272 152 70 82 120 96 53 43 42 48 40
internal_count=272 152 70 82 120 96 53 43 42 48 40
cat_boundaries=0 1
cat_threshold=449
is_linear=0
shrinkage=0.05


Tree=339
num_leaves=10
num_cat=0
split_feature=6 14 6 7 3 3 5 6 3
split_gain=2.90904 3.75045 3.52323 2.00411 2.79324 4.30038 2.15111 0.922353 1.24265
threshold=30.083333333333339 530.00000000000011 28.583333333333339 1300000000.0000002 20.500000000000004 11.500000000000002 24.416666666666668 24.083333333333339 13.500000000000002
decision_type=2 2 2 2 2 2 2 2 2
left_child=2 -2 3 7 5 -5 -6 8 -1
right_child=1 -3 -4 4 6 -7 -8 -9 -10
leaf_value=2.3943220880617845e-06 3.3494564114278095e-06 7.6201601414993555e-05 -0.00035653016979440014 -2.7966140045876388e-05 -0.00018459766387302068 0.00023933368290496304 -2.3029686539999262e-07 5.9676276897846492e-07 7.6831814046229862e-05
leaf_weight=32 31 23 20 27 25 26 20 32 36
leaf_count=32 31 23 20 27 25 26 20 32 36
internal_value=0.00257353 0.012963 0 0.0020202 -0.00306122 0.00471698 -0.0122222 0.007 0.0102941
internal_weight=272 54 218 198 98 53 45 100 68
internal_count=272 54 218 198 98 53 45 100 68
is_linear=0
shrinkage=0.05


Tree=340
num_leaves=10
num_cat=0
split_feature=12 5 12 3 12 5 5 10 5
split_gain=2.3123 4.03989 3.11208 3.94067 2.96371 2.53636 1.90418 1.23723 0.9
threshold=32.500000000000007 29.166666666666668 24.500000000000004 15.500000000000002 27.500000000000004 22.833333333333339 24.416666666666668 34.500000000000007 18.416666666666668
decision_type=2 2 2 2 2 2 2 2 2
left_child=2 5 3 -1 -4 8 -5 -8 -2
right_child=1 -3 4 6 -6 -7 7 -9 -10
leaf_value=5.237280182415205e-05 3.9222139310624019e-06 2.6945689998569834e-05 -8.2616014917924477e-05 -6.6516663630755707e-05 0.0001384982557894432 -5.3345342208821479e-05 2.9832744355040575e-05 -9.9198996942106991e-06 0.00014857270538080059
leaf_weight=38 20 32 32 28 30 22 27 23 20
leaf_count=38 20 32 32 28 30 22 27 23 20
internal_value=0.00110294 0.00744681 -0.00224719 0.00258621 -0.0112903 0 -0.00384615 0.002 0.0075
internal_weight=272 94 178 116 62 62 78 50 40
internal_count=272 94 178 116 62 62 78 50 40
is_linear=0
shrinkage=0.05


Tree=341
num_leaves=10
num_cat=1
split_feature=0 10 5 3 12 7 3 10 10
split_gain=2.129 2.44169 5.21796 4.27664 4.12903 1.83492 2.20701 1.53005 0.4
threshold=0 54.500000000000007 26.833333333333339 30.500000000000004 19.500000000000004 1550000000.0000002 34.500000000000007 66.500000000000014 44.000000000000007
decision_type=9 2 2 2 2 2 2 2 2
left_child=5 3 -3 4 -2 6 7 8 -1
right_child=1 2 -4 -5 -6 -7 -8 -9 -10
leaf_value=1.2523784579032693e-05 0.00040328569194478806 -2.6673799940191148e-05 6.7262762927100544e-05 -0.00021864555332253845 -9.5006142151277123e-05 -6.2436117211461812e-06 5.2527011377989656e-05 1.0017084057167836e-05 -5.0976942898017798e-07
leaf_weight=20 31 38 30 22 31 36 23 21 20
leaf_count=20 31 38 30 22 31 36 23 21 20
internal_value=0.00147059 -0.00246914 0.00441176 -0.00833333 -0.0016129 0.00615385 0.0107143 0.0057377 0
internal_weight=272 152 68 84 62 120 84 61 40
internal_count=272 152 68 84 62 120 84 61 40
cat_boundaries=0 1
cat_threshold=452
is_linear=0
shrinkage=0.05


Tree=342
num_leaves=10
num_cat=1
split_feature=6 5 1 3 8 3 12 3 3
split_gain=3.33538 4.44829 2.83417 3.2644 3.26366 2.95198 5.07937 2.77778 1.23627
threshold=30.083333333333339 32.500000000000007 0 20.500000000000004 1.0000000180025095e-35 10.500000000000002 22.500000000000004 25.500000000000004 11.500000000000002
decision_type=2 2 1 2 2 2 2 2 2
left_child=2 -2 5 8 -5 -1 -7 -8 -4
right_child=1 -3 3 4 -6 6 7 -9 -10
leaf_value=-2.5249966143547911e-05 6.1852716618560069e-05 1.9345259918424063e-06 -1.5012963953786596e-05 -2.2874021844110361e-05 -0.00032247979977650942 -1.0965763902959226e-05 0.00031442547156936842 1.5283171039470746e-05 4.9979762863827661e-05
leaf_weight=29 21 33 29 34 21 35 20 25 25
leaf_count=29 21 33 29 34 21 35 20 25 25
internal_value=0.00183824 0.012963 -0.000917431 -0.00630252 -0.0154545 0.00462185 0.01 0.0211111 0.00185185
internal_weight=272 54 218 109 55 109 80 45 54
internal_count=272 54 218 109 55 109 80 45 54
cat_boundaries=0 1
cat_threshold=395
is_linear=0
shrinkage=0.05


Tree=343
num_leaves=9
num_cat=1
split_feature=0 3 5 12 10 12 3 12
split_gain=2.8743 3.18034 4.34603 2.17778 1.97947 3.09084 2.72805 1.58859
threshold=0 33.500000000000007 16.166666666666668 30.500000000000004 71.500000000000014 29.500000000000004 30.500000000000004 19.500000000000004
decision_type=9 2 2 2 2 2 2 2
left_child=1 2 -1 -4 5 6 7 -2
right_child=4 -3 3 -5 -6 -7 -8 -9
leaf_value=2.3284168284476438e-05 0.00038387205554517583 3.1335400791121514e-05 1.5031761642214649e-05 -0.00013423766556215356 2.5880356301399845e-05 -1.8769606648660898e-05 -0.00010900353760230353 -1.0417475707846791e-05
leaf_weight=21 31 39 36 24 35 25 24 37
leaf_count=21 31 39 36 24 35 25 24 37
internal_value=0.00147059 0.00692308 0.00185185 -0.005 -0.00308642 -0.00641026 -0.00217391 0.00294118
internal_weight=272 120 81 60 152 117 92 68
internal_count=272 120 81 60 152 117 92 68
cat_boundaries=0 1
cat_threshold=396
is_linear=0
shrinkage=0.05


Tree=344
num_leaves=10
num_cat=1
split_feature=6 5 6 12 7 12 10 3 2
split_gain=4.53823 3.57961 1.63486 1.78182 1.35598 1.86418 4.38682 1.59882 1.87778
threshold=30.083333333333339 32.500000000000007 28.583333333333339 13.500000000000002 1300000000.0000002 23.500000000000004 68.500000000000014 10.500000000000002 0
decision_type=2 2 2 2 2 2 2 2 9
left_child=2 -2 3 -1 7 -6 -7 -5 -9
right_child=1 -3 -4 4 5 6 -8 8 -10
leaf_value=0.00011833329465158471 5.7193310748004937e-05 4.9901936858276486e-06 -0.00032149687517515348 -3.0605017924045795e-05 1.0441331735311366e-05 -6.7292818523956302e-05 2.6393582569284039e-06 -3.686742327424497e-06 1.9315898292227021e-05
leaf_weight=33 21 33 20 22 30 26 27 24 36
leaf_count=33 21 33 20 22 30 26 27 24 36
internal_value=0.00183824 0.0148148 -0.00137615 0 -0.00212121 -0.00662651 -0.0122642 0.00243902 0.00666667
internal_weight=272 54 218 198 165 83 53 82 60
internal_count=272 54 218 198 165 83 53 82 60
cat_boundaries=0 1
cat_threshold=2
is_linear=0
shrinkage=0.05


Tree=345
num_leaves=11
num_cat=1
split_feature=5 1 3 3 12 12 3 10 12 14
split_gain=2.54801 1.84485 4.24083 3.94076 3.99579 3.27273 2.48674 2.27834 2.01524 1.28004
threshold=34.416666666666679 0 33.500000000000007 26.500000000000004 30.500000000000004 27.500000000000004 11.500000000000002 67.500000000000014 13.500000000000002 580.00000000000011
decision_type=2 1 2 2 2 2 2 2 2 2
left_child=1 2 7 4 6 -5 -3 8 -1 -10
right_child=-2 3 -4 5 -6 -7 -8 -9 9 -11
leaf_value=6.847198871051674e-05 2.6927974934487509e-05 -4.4470672353469356e-07 0.00010098726464145003 -0.00025618674056504531 -1.4940905570348663e-05 -5.1862562899085422e-05 0.0004697363357211604 2.7169959163941828e-05 -3.5465210044094422e-05 -9.744179543247356e-08
leaf_weight=21 28 23 22 22 28 22 24 28 31 23
leaf_count=21 28 23 22 22 28 22 24 28 31 23
internal_value=0 -0.00163934 0.00259259 -0.00581395 0.000666667 -0.0181818 0.00957447 -0.00145631 -0.006 -0.0111111
internal_weight=272 244 125 119 75 44 47 103 75 54
internal_count=272 244 125 119 75 44 47 103 75 54
cat_boundaries=0 1
cat_threshold=31
is_linear=0
shrinkage=0.05


Tree=346
num_leaves=11
num_cat=0
split_feature=6 5 7 8 3 10 12 5 10 12
split_gain=2.4977 2.47554 2.86391 4.11935 2.849 5.29504 2.40667 2.31481 1.67186 1.52381
threshold=30.083333333333339 15.333333333333334 1550000000.0000002 1.0000000180025095e-35 33.500000000000007 71.500000000000014 23.500000000000004 33.166666666666679 52.500000000000007 17.500000000000004
decision_type=2 2 2 2 2 2 2 2 2 2
left_child=1 6 4 -4 5 8 -1 -2 9 -3
right_child=7 2 3 -5 -6 -7 -8 -9 -10 -11
leaf_value=6.5048389275013108e-05 5.0043690802148437e-05 -5.7508490172430984e-05 -8.0942334624189992e-06 -0.00031586887573702431 0.00010736726668696406 3.5947241566347546e-05 -1.5834543458126406e-05 2.5017611955391317e-06 -3.3691949541747591e-05 4.0981475455836859e-06
leaf_weight=25 24 21 30 22 27 25 24 30 23 21
leaf_count=25 24 21 30 22 27 25 24 30 23 21
internal_value=-0.000367647 -0.00275229 -0.0056213 -0.0153846 -0.00128205 -0.00555556 0.00714286 0.00925926 -0.0130769 -0.00714286
internal_weight=272 218 169 52 117 90 49 54 65 42
internal_count=272 218 169 52 117 90 49 54 65 42
is_linear=0
shrinkage=0.05


Tree=347
num_leaves=10
num_cat=1
split_feature=1 12 12 12 10 6 10 12 10
split_gain=2.78745 2.50311 4.31203 2.2572 2.94795 1.72706 1.38014 5.23373 1.08671
threshold=0 32.500000000000007 26.500000000000004 16.500000000000004 44.000000000000007 24.583333333333339 48.500000000000007 30.500000000000004 33.500000000000007
decision_type=1 2 2 2 2 2 2 2 2
left_child=6 2 3 -2 -5 -3 8 -8 -1
right_child=1 5 -4 4 -6 -7 7 -9 -10
leaf_value=-8.8503153843788606e-06 -1.491869692866743e-05 1.1015318160190192e-05 -0.00010057987098335276 0.00096915969679258753 2.6103524136011915e-06 4.3380179502960918e-05 9.2549347548143149e-05 -8.9375090114529595e-06 -4.3792284617261146e-05
leaf_weight=25 37 33 23 21 22 28 24 38 21
leaf_count=25 37 33 23 21 22 28 24 38 21
internal_value=0 0.00402299 -0.000485437 0.005 0.0127907 0.0122951 -0.0059322 -0.0016129 -0.0130435
internal_weight=272 164 103 80 43 61 108 62 46
internal_count=272 164 103 80 43 61 108 62 46
cat_boundaries=0 1
cat_threshold=226
is_linear=0
shrinkage=0.05


Tree=348
num_leaves=10
num_cat=1
split_feature=6 5 3 3 3 12 10 2 12
split_gain=2.31057 2.31481 1.75542 3.94554 2.34751 2.56677 2.72727 1.95925 0.505561
threshold=30.083333333333339 33.166666666666679 22.500000000000004 33.500000000000007 17.500000000000004 24.500000000000004 68.500000000000014 0 16.500000000000004
decision_type=2 2 2 2 2 2 2 9 2
left_child=2 -2 4 7 5 8 -7 -4 -1
right_child=1 -3 3 -5 -6 6 -8 -9 -10
leaf_value=-1.7339716104070035e-05 4.6680439499446893e-05 1.1368321252369641e-06 -0.0012328171940193756 9.3041818832517723e-06 3.9680013015974684e-05 -7.0069092438274086e-05 3.3508721223540761e-06 -2.666373229356367e-05 1.6553397224328136e-05
leaf_weight=20 24 30 22 36 37 20 24 36 23
leaf_count=20 24 30 22 36 37 20 24 36 23
internal_value=0 0.00925926 -0.00229358 -0.00744681 0.0016129 -0.00287356 -0.0113636 -0.0155172 0.00581395
internal_weight=272 54 218 94 124 87 44 58 43
internal_count=272 54 218 94 124 87 44 58 43
cat_boundaries=0 1
cat_threshold=1
is_linear=0
shrinkage=0.05


Tree=349
num_leaves=11
num_cat=1
split_feature=10 12 12 2 14 3 8 3 5 5
split_gain=1.68566 2.15212 3.65801 3.1801 3.87675 5.04261 3.5328 3.21276 2.21607 0.923434
threshold=89.500000000000014 13.500000000000002 8.5000000000000018 0 450.00000000000006 13.500000000000002 1.0000000180025095e-35 22.500000000000004 26.500000000000004 29.833333333333339
decision_type=2 2 2 9 2 2 2 2 2 2
left_child=1 2 -1 6 -5 -6 9 -7 -9 -3
right_child=-2 3 -4 4 5 7 -8 8 -10 -11
leaf_value=-0.0015356439143942914 0.020863888857211955 1.5204228980891799e-05 0.00018106065026493037 -1.0449678955115616e-05 -4.2430340247534559e-05 8.4823157861180221e-05 -9.7938371016681472e-06 -5.1536229563620144e-05 5.1078035899276845e-05 7.8853603584505549e-06
leaf_weight=22 22 29 20 38 27 21 27 22 24 20
leaf_count=22 22 29 20 38 27 21 27 22 24 20
internal_value=0.000367647 -0.0008 0.00952381 -0.00288462 -0.00757576 -0.00212766 0.00526316 0.00522388 -0.00217391 0.0132653
internal_weight=272 250 42 208 132 94 76 67 46 49
internal_count=272 250 42 208 132 94 76 67 46 49
cat_boundaries=0 1
cat_threshold=4
is_linear=0
shrinkage=0.05


Tree=350
num_leaves=11
num_cat=1
split_feature=12 12 3 2 12 12 10 5 5 6
split_gain=1.94389 3.65801 2.10756 2.04848 1.54542 2.67269 6.38859 1.5291 1.24219 0.652497
threshold=13.500000000000002 8.5000000000000018 33.500000000000007 0 22.500000000000004 29.500000000000004 67.500000000000014 23.833333333333339 23.166666666666668 21.083333333333339
decision_type=2 2 2 9 2 2 2 2 2 2
left_child=1 -1 4 -4 7 9 -7 -2 -8 -6
right_child=2 -3 3 -5 5 6 8 -9 -10 -11
leaf_value=-0.0014588617186745757 -4.0308823235157833e-05 0.00017200761775169049 1.3807581145286463e-05 -1.421133968904087e-06 5.0001720660475263e-05 -3.1985142807045011e-05 3.2977427176206219e-05 -9.8693163181451389e-06 -6.9772877808027542e-05 0.00043482509428907081
leaf_weight=22 27 20 22 33 21 21 33 21 32 20
leaf_count=22 27 20 22 33 21 21 33 21 32 20
internal_value=-0.000367647 0.00952381 -0.00217391 0.00636364 -0.00485714 -0.0019685 -0.00697674 -0.0125 0.000769231 0.00853659
internal_weight=272 42 230 55 175 127 86 48 65 41
internal_count=272 42 230 55 175 127 86 48 65 41
cat_boundaries=0 1
cat_threshold=4
is_linear=0
shrinkage=0.05


Tree=351
num_leaves=10
num_cat=1
split_feature=1 3 12 12 10 12 12 3 10
split_gain=2.33207 2.05128 1.60575 4.24364 3.36399 4.64032 1.55443 1.79823 1.11777
threshold=0 32.500000000000007 16.500000000000004 21.500000000000004 54.500000000000007 33.500000000000007 32.500000000000007 15.500000000000002 74.500000000000014
decision_type=1 2 2 2 2 2 2 2 2
left_child=1 6 -2 -4 -5 -6 7 -1 -7
right_child=2 -3 3 4 5 8 -8 -9 -10
leaf_value=3.7991281397253832e-06 -0.00025881747033400514 4.253009066945701e-05 8.6181576109822805e-05 -0.00016946700836300012 0.00016717744664873635 -1.2685674555967808e-05 8.4872584015016631e-06 -4.7248349403794525e-05 -8.7028564426105959e-06
leaf_weight=21 31 30 22 25 35 20 28 29 31
leaf_count=21 31 30 22 25 35 20 28 29 31
internal_value=-0.000367647 0.00508475 -0.00402299 -0.0018797 -0.00585586 -0.00116279 0.00128205 -0.004 -0.0107843
internal_weight=272 108 164 133 111 86 78 50 51
internal_count=272 108 164 133 111 86 78 50 51
cat_boundaries=0 1
cat_threshold=263
is_linear=0
shrinkage=0.05


Tree=352
num_leaves=11
num_cat=2
split_feature=0 5 6 12 15 5 5 6 5 12
split_gain=2.62912 2.74805 4.38961 1.78647 1.57226 2.88 2.24053 3.83684 1.32711 0.9
threshold=0 16.166666666666668 22.416666666666668 19.500000000000004 1 23.500000000000004 31.166666666666668 22.100000000000005 29.833333333333339 22.500000000000004
decision_type=9 2 2 2 9 2 2 2 2 2
left_child=1 -1 -3 -4 5 -2 7 9 -5 -6
right_child=4 2 3 8 6 -7 -8 -9 -10 -11
leaf_value=1.2689217848560475e-05 0.00082923539066221969 -0.00010733630599002453 0.0006903641648011938 1.9451446445728494e-05 -0.00010612732038897122 -2.4800322228735183e-05 6.1220734999700712e-06 -3.1274711759055054e-05 -8.2677136205688846e-06 6.882483092773839e-06
leaf_weight=21 25 22 20 32 20 25 26 36 25 20
leaf_count=21 25 22 20 32 20 25 26 36 25 20
internal_value=-0.000735294 0.00461538 0.00151515 0.00714286 -0.00493827 0.002 -0.00882353 -0.0131579 0.00263158 -0.0025
internal_weight=272 120 99 77 152 50 102 76 57 40
internal_count=272 120 99 77 152 50 102 76 57 40
cat_boundaries=0 1 2
cat_threshold=396 4
is_linear=0
shrinkage=0.05


Tree=353
num_leaves=11
num_cat=1
split_feature=0 5 5 5 10 7 12 3 6 3
split_gain=2.06615 2.47633 3.39438 2.75924 1.24801 2.9697 2.77312 3.13613 0.981818 0.9
threshold=0 16.166666666666668 24.166666666666668 31.416666666666668 61.500000000000007 1300000000.0000002 23.500000000000004 26.500000000000004 20.366666666666671 31.500000000000004
decision_type=9 2 2 2 2 2 2 2 2 2
left_child=1 -1 -3 9 6 -6 7 8 -2 -4
right_child=4 2 3 -5 5 -7 -8 -9 -10 -11
leaf_value=1.2054756956203505e-05 -1.605958079533565e-05 -9.1564518772635506e-05 9.4998634860843367e-06 -4.0783679008171706e-06 5.2466939741613318e-05 -5.1994093415785873e-05 -6.1152329433067373e-05 -0.00096573206084302763 0.00016776479416089619 4.480655166156922e-05
leaf_weight=21 24 37 20 22 30 25 32 21 20 20
leaf_count=21 24 37 20 22 30 25 32 21 20 20
internal_value=0.000735294 0.00538462 0.00252525 0.00967742 -0.00308642 0.00272727 -0.00670103 -0.000769231 0.00681818 0.0175
internal_weight=272 120 99 62 152 55 97 65 44 40
internal_count=272 120 99 62 152 55 97 65 44 40
cat_boundaries=0 1
cat_threshold=396
is_linear=0
shrinkage=0.05


Tree=354
num_leaves=10
num_cat=1
split_feature=0 5 6 5 12 12 3 7 6
split_gain=3.1644 4.10286 7.87609 5.32829 1.39355 2.63069 1.68791 1.08788 1.08241
threshold=0 23.500000000000004 20.366666666666671 26.500000000000004 19.500000000000004 27.500000000000004 21.500000000000004 1300000000.0000002 31.100000000000005
decision_type=9 2 2 2 2 2 2 2 2
left_child=4 2 7 -3 -1 -6 -7 -2 -5
right_child=1 3 -4 8 5 6 -8 -9 -10
leaf_value=0.00021837059571767626 -4.2680159779706628e-06 -4.4206826049730811e-05 0.00087078428314200105 -1.5676880518711302e-05 -8.8758362734253634e-06 3.7820417424683232e-05 1.9880963975538181e-06 -7.2121165117522421e-05 6.914884290702972e-05
leaf_weight=27 24 23 23 37 33 21 39 23 22
leaf_count=27 24 23 23 37 33 21 39 23 22
internal_value=0.000367647 -0.00432099 0.00428571 -0.0121951 0.00615385 0.00376344 0.01 -0.00744681 -0.00423729
internal_weight=272 152 70 82 120 93 60 47 59
internal_count=272 152 70 82 120 93 60 47 59
cat_boundaries=0 1
cat_threshold=396
is_linear=0
shrinkage=0.05


Tree=355
num_leaves=10
num_cat=1
split_feature=0 14 3 8 6 5 5 5 12
split_gain=2.62912 2.14912 2.66884 2.872 1.79823 1.68 3.17299 1.92 0.794484
threshold=0 580.00000000000011 30.500000000000004 1.0000000180025095e-35 20.366666666666671 24.166666666666668 17.833333333333339 30.833333333333339 23.500000000000004
decision_type=9 2 2 2 2 2 2 2 2
left_child=5 2 3 4 -2 6 8 -7 -1
right_child=1 -3 -4 -5 -6 7 -8 -9 -10
leaf_value=3.8142354218528852e-05 -0.00012604340702839777 1.0268558486536962e-05 -6.9772258570743872e-05 -1.3054093126108058e-05 8.310915187106361e-05 3.5816561975909876e-05 -8.6542501020403509e-05 2.2759818749662486e-06 1.7465225887747238e-06
leaf_weight=20 21 32 31 39 29 30 23 20 27
leaf_count=20 21 32 31 39 29 30 23 20 27
internal_value=-0.000735294 -0.00493827 -0.00833333 -0.00393258 0.004 0.00461538 0 0.012 0.00744681
internal_weight=272 152 120 89 50 120 70 50 47
internal_count=272 152 120 89 50 120 70 50 47
cat_boundaries=0 1
cat_threshold=393
is_linear=0
shrinkage=0.05


Tree=356
num_leaves=12
num_cat=0
split_feature=7 8 12 12 12 6 6 5 5 6 12
split_gain=2.12036 5.34815 2.47703 2.58985 2.17302 2.13789 1.56277 2.61905 1.53651 2.88282 2.17391
threshold=1300000000.0000002 1.0000000180025095e-35 32.500000000000007 13.500000000000002 38.500000000000007 22.583333333333339 22.100000000000005 28.833333333333339 30.166666666666668 18.633333333333336 22.500000000000004
decision_type=2 2 2 2 2 2 2 2 2 2 2
left_child=2 8 3 -1 -3 -4 -5 -8 9 -2 -11
right_child=1 4 5 6 -6 -7 7 -9 -10 10 -12
leaf_value=0.00012117815389081078 -5.72390448046356e-05 -2.1192379082890512e-05 -1.0771172437351596e-05 2.0360176329425885e-05 -0.00098500123296503257 2.8192264013426894e-05 -0.00020669270537529983 -1.1575410150665989e-05 -1.5228580603299236e-05 1.6324156399960545e-07 3.5019650291445717e-05
leaf_weight=22 24 24 20 22 21 31 20 22 20 23 23
leaf_count=22 24 24 20 22 21 31 20 22 20 23 23
internal_value=-0.000367647 -0.00481481 0.0040146 -0.00116279 -0.0188889 0.0127451 -0.00625 -0.0119048 0.00222222 0.00571429 0.0130435
internal_weight=272 135 137 86 45 51 64 42 90 70 46
internal_count=272 135 137 86 45 51 64 42 90 70 46
is_linear=0
shrinkage=0.05


Tree=357
num_leaves=12
num_cat=2
split_feature=0 12 15 8 10 3 7 10 7 12 10
split_gain=2.53394 2.22222 1.86999 4.24295 6.08094 4.11481 2.5 1.77778 2.1571 0.89418 0.4
threshold=0 29.500000000000004 1 1.0000000180025095e-35 36.500000000000007 22.500000000000004 1300000000.0000002 48.500000000000007 1300000000.0000002 35.500000000000007 61.500000000000007
decision_type=9 2 9 2 2 2 2 2 2 2 2
left_child=1 7 5 4 -4 -2 -5 8 -1 -3 -6
right_child=2 9 3 6 10 -7 -8 -9 -10 -11 -12
leaf_value=4.3922241107807741e-05 0.00038568142989685588 -0.00010673832272107832 -0.00020751106743901462 -1.2658779093399631e-06 0.00013273667723385786 -9.1051655562424122e-05 -0.00043815815733543322 0.00023008236720496457 -4.6714140289338957e-07 3.7823528895586378e-06 9.1793220889258019e-06
leaf_weight=23 22 21 22 20 20 28 20 24 25 27 20
leaf_count=23 22 21 22 20 20 28 20 24 25 27 20
internal_value=-0.00147059 0.00384615 -0.00555556 -0.00980392 -0.0016129 0.002 -0.0225 0.00972222 0.00416667 -0.00416667 0.01
internal_weight=272 120 152 102 62 50 40 72 48 48 40
internal_count=272 120 152 102 62 50 40 72 48 48 40
cat_boundaries=0 1 2
cat_threshold=393 4
is_linear=0
shrinkage=0.05


Tree=358
num_leaves=10
num_cat=1
split_feature=5 0 7 12 10 12 7 12 12
split_gain=1.74464 2.14204 1.9879 2.57064 1.34058 2.59882 5.83684 1.27201 1.03202
threshold=33.166666666666679 0 1550000000.0000002 36.500000000000007 67.500000000000014 23.500000000000004 1425000000.0000002 28.500000000000004 27.500000000000004
decision_type=2 9 2 2 2 2 2 2 2
left_child=1 2 3 8 5 6 -3 -2 -1
right_child=7 4 -4 -5 -6 -7 -8 -9 -10
leaf_value=1.1983062993436988e-05 -6.2892889095778065e-06 -6.550013095703022e-05 -1.7652024803282986e-05 -1.3074030700721552e-06 1.7410212508650604e-05 -4.9174116075878517e-05 0.00056517198198209335 -0.00012946283516512835 3.0585245666969744e-05
leaf_weight=33 21 39 31 20 27 32 29 20 20
leaf_count=33 21 39 31 20 27 32 29 20 20
internal_value=-0.00147059 0.00021645 0.00526316 0.010274 -0.0040146 -0.007 -0.00147059 -0.0109756 0.0160377
internal_weight=272 231 104 73 127 100 68 41 53
internal_count=272 231 104 73 127 100 68 41 53
cat_boundaries=0 1
cat_threshold=456
is_linear=0
shrinkage=0.05


Tree=359
num_leaves=11
num_cat=1
split_feature=12 0 10 12 3 3 6 10 10 14
split_gain=1.21013 1.878 1.7639 1.98051 2.44928 1.74034 3.75582 1.982 1.70955 2.61719
threshold=45.500000000000007 0 72.500000000000014 32.500000000000007 14.500000000000002 31.500000000000004 18.633333333333336 50.500000000000007 30.000000000000004 490.00000000000006
decision_type=2 9 2 2 2 2 2 2 2 2
left_child=1 5 3 4 -3 6 7 -1 -6 -10
right_child=-2 2 -4 -5 8 -7 -8 -9 9 -11
leaf_value=2.3116932812428104e-06 0.020641664173501797 1.3851192315694762e-05 -1.6769423563189891e-05 3.6331024945823745e-06 1.1878463984693611e-05 -5.9748244641610885e-06 6.1062486472351909e-05 -9.232694458116697e-05 -4.5332859087121596e-05 -5.8212738106178111e-05
leaf_weight=23 20 23 23 22 20 37 35 20 22 27
leaf_count=23 20 23 23 22 20 37 35 20 22 27
internal_value=-0.00183824 -0.00277778 -0.00646259 -0.00438596 -0.0076087 0.002 0.00641026 -0.00348837 -0.0123188 -0.0173469
internal_weight=272 252 137 114 92 115 78 43 69 49
internal_count=272 252 137 114 92 115 78 43 69 49
cat_boundaries=0 1
cat_threshold=281
is_linear=0
shrinkage=0.05


Tree=360
num_leaves=10
num_cat=2
split_feature=0 12 14 12 2 10 12 10 12
split_gain=1.25151 1.37516 2.6737 3.43782 5.12121 3.32938 0.867964 3.54952 1.80564
threshold=0 16.500000000000004 580.00000000000011 24.500000000000004 1 64.500000000000014 27.500000000000004 41.500000000000007 33.500000000000007
decision_type=9 2 2 2 9 2 2 2 2
left_child=6 -2 3 -3 -5 -6 7 -1 -8
right_child=1 2 -4 4 5 -7 8 -9 -10
leaf_value=3.4234636150021201e-05 -0.00036860436503625141 2.1947660780696766e-05 5.8177273667325836e-05 -8.4092533631441316e-05 -4.1014777488257441e-05 0.00031764922220460794 0.00063103284436270011 -3.5782337968282006e-05 -2.8790197585948364e-07
leaf_weight=38 33 31 22 22 21 23 22 24 36
leaf_count=38 33 31 22 22 21 23 22 24 36
internal_value=-0.00147059 -0.00432099 -0.00210084 -0.0056701 -0.0121212 -0.00227273 0.00230769 -0.0016129 0.00689655
internal_weight=272 152 119 97 66 44 120 62 58
internal_count=272 152 119 97 66 44 120 62 58
cat_boundaries=0 1 2
cat_threshold=393 4
is_linear=0
shrinkage=0.05


Tree=361
num_leaves=11
num_cat=1
split_feature=12 3 5 3 5 12 2 6 5 6
split_gain=1.43102 4.3732 4.3283 1.9568 1.59186 2.09513 1.29045 1.16066 0.4 0.1
threshold=32.500000000000007 34.500000000000007 22.833333333333339 14.500000000000002 20.833333333333339 19.500000000000004 0 29.733333333333338 27.833333333333339 26.916666666666668
decision_type=2 2 2 2 2 2 9 2 2 2
left_child=3 2 -2 6 -5 8 -1 -7 -6 -4
right_child=1 -3 9 4 5 7 -8 -9 -10 -11
leaf_value=-1.4915290568051632e-05 1.9349551030956037e-05 3.6211617621972895e-05 -2.7672464922900988e-05 -0.00023450299780716224 0.00010500773547332809 -2.2149900383183764e-06 3.1588850951713712e-05 -1.2471764067534253e-05 0.00052472069033617787 -1.0140797468594088e-05
leaf_weight=20 34 20 20 25 20 37 31 25 20 20
leaf_count=20 34 20 20 25 20 37 31 25 20 20
internal_value=-0.000735294 0.00425532 -0.00135135 -0.00337079 -0.00669291 -0.00392157 0.00490196 -0.00967742 0.005 -0.0125
internal_weight=272 94 74 178 127 102 51 62 40 40
internal_count=272 94 74 178 127 102 51 62 40 40
cat_boundaries=0 1
cat_threshold=2
is_linear=0
shrinkage=0.05


Tree=362
num_leaves=11
num_cat=0
split_feature=12 12 12 12 6 12 5 10 10 5
split_gain=1.2331 2.52468 2.48226 2.58721 2.26444 2.87272 2.79671 5.10892 1.59072 1.57576
threshold=13.500000000000002 8.5000000000000018 22.500000000000004 19.500000000000004 28.916666666666668 26.500000000000004 26.500000000000004 67.500000000000014 78.500000000000014 33.166666666666679
decision_type=2 2 2 2 2 2 2 2 2 2
left_child=1 -1 3 -2 5 -4 7 -7 -9 -6
right_child=2 -3 4 -5 9 6 -8 8 -10 -11
leaf_value=-0.0013576891506486444 -8.2624551048571252e-06 0.0001170316356162271 0.0001074244613979758 -2.6214562653770204e-05 1.546625371879884e-05 -5.5492700372106186e-05 1.4913434760188694e-05 5.7689919103154357e-06 -1.2693803255103832e-05 -0.0001086661325325089
leaf_weight=22 28 20 26 31 26 30 21 21 25 22
leaf_count=22 28 20 26 31 26 30 21 21 25 22
internal_value=-0.000735294 0.00714286 -0.00217391 -0.0110169 0.000877193 0.00447154 0.000515464 -0.00394737 0.00652174 -0.00833333
internal_weight=272 42 230 59 171 123 97 76 46 48
internal_count=272 42 230 59 171 123 97 76 46 48
is_linear=0
shrinkage=0.05


Tree=363
num_leaves=11
num_cat=2
split_feature=1 8 10 2 12 5 10 10 3 3
split_gain=1.41473 4.45679 3.38418 3.4714 4.26087 2.20756 1.89639 4.39688 1.36915 1.13821
threshold=0 1.0000000180025095e-35 36.500000000000007 1 29.500000000000004 27.500000000000004 66.500000000000014 42.500000000000007 22.500000000000004 23.500000000000004
decision_type=1 2 2 9 2 2 2 2 2 2
left_child=5 2 9 -4 -5 6 7 -1 -3 -2
right_child=1 8 3 4 -6 -7 -8 -9 -10 -11
leaf_value=6.4930051768552488e-06 -3.7423761597121798e-05 -1.9739376710958823e-06 -8.8701124842494039e-05 0.0010953934069767967 1.7141860080727158e-06 9.1692388475195238e-05 5.4805423147286095e-06 -3.647325539324342e-05 -0.00031712778073451632 -7.0438397000049946e-05
leaf_weight=28 20 28 21 23 23 39 21 22 26 21
leaf_count=28 20 28 21 23 23 39 21 22 26 21
internal_value=0 -0.00290698 0.00277778 0.00970149 0.0173913 0.00416667 -0.000704225 -0.006 -0.0148148 -0.00853659
internal_weight=272 162 108 67 46 110 71 50 54 41
internal_count=272 162 108 67 46 110 71 50 54 41
cat_boundaries=0 1 2
cat_threshold=29 1
is_linear=0
shrinkage=0.05


Tree=364
num_leaves=11
num_cat=1
split_feature=15 5 5 3 12 5 6 5 5 8
split_gain=1.88241 4.88309 3.56601 5.91935 3.04615 2.83437 5.14918 1.58367 2.1571 1.22501
threshold=0 17.166666666666668 16.833333333333339 17.500000000000004 32.500000000000007 22.833333333333339 26.583333333333339 26.500000000000004 32.500000000000007 1.0000000180025095e-35
decision_type=9 2 2 2 2 2 2 2 2 2
left_child=1 -1 -2 -4 7 -3 -7 -5 -9 -6
right_child=2 5 3 4 9 6 -8 8 -10 -11
leaf_value=-6.6367355754337606e-05 3.774335161743636e-05 0.00048508896330972111 -0.0008681422649702065 -0.00010624535826799787 1.4082053721864441e-05 -5.1756885526987875e-05 0.00038180423358551434 7.1046135090568896e-06 -0.00024139681030757034 -5.0291588230777511e-06
leaf_weight=21 37 21 22 29 25 22 26 25 23 21
leaf_count=21 37 21 22 29 25 22 26 25 23 21
internal_value=-0.00147059 0.00444444 -0.0043956 -0.00793103 -0.00365854 0.0108696 0.00416667 -0.00974026 -0.00416667 0.00652174
internal_weight=272 90 182 145 123 69 48 77 48 46
internal_count=272 90 182 145 123 69 48 77 48 46
cat_boundaries=0 1
cat_threshold=4
is_linear=0
shrinkage=0.05


Tree=365
num_leaves=9
num_cat=1
split_feature=1 3 3 3 3 3 5 3
split_gain=2.04793 4.13127 3.2888 2.79529 2.28417 2.40395 1.29471 1.86712
threshold=0 30.500000000000004 11.500000000000002 19.500000000000004 34.500000000000007 28.500000000000004 24.833333333333339 14.500000000000002
decision_type=1 2 2 2 2 2 2 2
left_child=1 6 -2 -4 5 -5 7 -1
right_child=2 -3 3 4 -6 -7 -8 -9
leaf_value=1.9059974058954766e-05 -5.2383611741291253e-05 -0.00012139418567223004 0.00019373090158447681 2.6259947216722423e-06 2.7655851881380757e-05 -3.2831769351027165e-05 2.768272017306117e-05 -0.00010093309035461573
leaf_weight=25 37 31 28 38 38 23 25 27
leaf_count=25 37 31 28 38 38 23 25 27
internal_value=0 -0.00508475 0.00344828 0.00748031 0.00353535 -0.00245902 0.000649351 -0.00384615
internal_weight=272 108 164 127 99 61 77 52
internal_count=272 108 164 127 99 61 77 52
cat_boundaries=0 1
cat_threshold=864
is_linear=0
shrinkage=0.05


Tree=366
num_leaves=10
num_cat=3
split_feature=1 3 5 3 10 2 2 5 7
split_gain=2.63278 4.11454 3.02244 2.88095 3.36771 2.20588 1.44361 5.37063 1.25926
threshold=0 30.500000000000004 24.833333333333339 34.500000000000007 61.500000000000007 1 2 16.833333333333339 1550000000.0000002
decision_type=1 2 2 2 2 9 9 2 2
left_child=3 2 6 4 5 -1 -2 -8 -3
right_child=1 8 -4 -5 -6 -7 7 -9 -10
leaf_value=2.0336432249301595e-06 -4.9601391401132847e-05 -3.2082809859090843e-05 2.7839148558683749e-05 0.0003288253195466329 1.853354747147762e-05 -4.976443115438656e-05 0.00017663884789067554 -0.0004619165865203279 -4.9566454140581585e-05
leaf_weight=24 28 27 37 24 33 27 22 26 24
leaf_count=24 28 27 37 24 33 27 22 26 24
internal_value=-0.000735294 -0.0045977 0.000442478 0.00508475 0.00119048 -0.00686275 -0.00526316 0 -0.0166667
internal_weight=272 164 113 108 84 51 76 48 51
internal_count=272 164 113 108 84 51 76 48 51
cat_boundaries=0 1 2 3
cat_threshold=135 2 1
is_linear=0
shrinkage=0.05


Tree=367
num_leaves=11
num_cat=0
split_feature=3 3 3 3 12 3 5 12 10 10
split_gain=3.13288 3.97801 2.16453 2.23776 2.86883 2.5 2.23934 1.95408 1.14286 0.86689
threshold=30.500000000000004 33.500000000000007 10.500000000000002 14.500000000000002 32.500000000000007 23.500000000000004 20.833333333333339 27.500000000000004 49.500000000000007 34.500000000000007
decision_type=2 2 2 2 2 2 2 2 2 2
left_child=2 -2 8 -4 6 -6 -5 -3 -1 -8
right_child=1 7 3 4 5 -7 9 -9 -10 -11
leaf_value=8.6264396230717472e-07 -0.00017489821372826953 -9.6287542380224526e-06 0.00026936600802054402 -0.00028404255051968087 2.8265312577957503e-05 5.2341272555267442e-06 6.8432884510372102e-05 2.4454430171871878e-05 -5.4316347174854233e-05 -9.3102327745953065e-06
leaf_weight=28 20 37 20 24 20 20 20 29 28 26
leaf_count=28 20 37 20 24 20 20 20 29 28 26
internal_value=-0.00257353 -0.0104651 0.00107527 0.00461538 0.00181818 0.0125 -0.00428571 -0.00454545 -0.00714286 0.00217391
internal_weight=272 86 186 130 110 40 70 66 56 46
internal_count=272 86 186 130 110 40 70 66 56 46
is_linear=0
shrinkage=0.05


Tree=368
num_leaves=9
num_cat=0
split_feature=3 3 3 3 5 12 12 10
split_gain=3.08554 2.768 2.56871 2.11814 4.00059 2.46926 1.95408 1.14286
threshold=30.500000000000004 10.500000000000002 33.500000000000007 22.500000000000004 29.166666666666668 27.500000000000004 27.500000000000004 49.500000000000007
decision_type=2 2 2 2 2 2 2 2
left_child=1 7 -2 5 -5 -3 -4 -1
right_child=2 3 6 4 -6 -7 -8 -9
leaf_value=8.1951176422734306e-07 -0.00016615330304183831 1.5615153178671904e-05 -9.1473165261035664e-06 -2.9549427596675672e-05 6.0435423514704216e-05 2.7866439472745698e-05 2.3231708663118413e-05 -5.16005298161204e-05
leaf_weight=28 20 36 37 38 21 35 29 28
leaf_count=28 20 36 37 38 21 35 29 28
internal_value=-0.00147059 0.00215054 -0.00930233 0.00615385 -0.000847458 0.0119718 -0.00454545 -0.00714286
internal_weight=272 186 86 130 59 71 66 56
internal_count=272 186 86 130 59 71 66 56
is_linear=0
shrinkage=0.05


Tree=369
num_leaves=9
num_cat=0
split_feature=3 8 10 3 3 12 5 10
split_gain=2.75788 2.51638 3.89118 2.09411 2.40504 2.46848 1.80949 0.704029
threshold=30.500000000000004 1.0000000180025095e-35 54.500000000000007 11.500000000000002 19.500000000000004 32.500000000000007 22.833333333333339 42.500000000000007
decision_type=2 2 2 2 2 2 2 2
left_child=3 2 -2 7 -5 6 -6 -1
right_child=1 -3 -4 4 5 -7 -8 -9
leaf_value=1.2894357693582492e-05 -5.308169548920994e-05 -1.8317724941319113e-05 2.4318011318236191e-05 0.00018809400355799256 -0.00019742066520667123 1.6590133555993703e-05 1.9474207326464211e-05 -4.1980365747207316e-05
leaf_weight=21 34 22 30 39 23 30 34 39
leaf_count=21 34 22 30 39 23 30 34 39
internal_value=-0.000735294 -0.00813953 -0.003125 0.00268817 0.00634921 0.00172414 -0.00438596 -0.005
internal_weight=272 86 64 186 126 87 57 60
internal_count=272 86 64 186 126 87 57 60
is_linear=0
shrinkage=0.05


Tree=370
num_leaves=9
num_cat=0
split_feature=3 8 10 3 3 12 5 10
split_gain=2.75788 2.51638 3.89118 2.09411 2.40504 2.46848 1.80949 0.704029
threshold=30.500000000000004 1.0000000180025095e-35 54.500000000000007 11.500000000000002 19.500000000000004 32.500000000000007 22.833333333333339 42.500000000000007
decision_type=2 2 2 2 2 2 2 2
left_child=3 2 -2 7 -5 6 -6 -1
right_child=1 -3 -4 4 5 -7 -8 -9
leaf_value=1.224963980881455e-05 -5.0427610714720572e-05 -1.740183869420875e-05 2.3102110752226682e-05 0.00017868930338007518 -0.00018754963194638209 1.5760626878247308e-05 1.8500496960083269e-05 -3.9881347459669319e-05
leaf_weight=21 34 22 30 39 23 30 34 39
leaf_count=21 34 22 30 39 23 30 34 39
internal_value=-0.000735294 -0.00813953 -0.003125 0.00268817 0.00634921 0.00172414 -0.00438596 -0.005
internal_weight=272 86 64 186 126 87 57 60
internal_count=272 86 64 186 126 87 57 60
is_linear=0
shrinkage=0.05


Tree=371
num_leaves=10
num_cat=0
split_feature=12 12 12 5 12 5 5 6 8
split_gain=2.02031 2.52468 1.99576 3.97688 3.44451 3.18706 2.96043 2.94601 1.07299
threshold=13.500000000000002 8.5000000000000018 22.500000000000004 22.416666666666668 19.500000000000004 26.500000000000004 30.583333333333339 18.633333333333336 1.0000000180025095e-35
decision_type=2 2 2 2 2 2 2 2 2
left_child=1 -1 4 7 -2 -5 -7 -4 -8
right_child=2 -3 3 5 -6 6 8 -9 -10
leaf_value=-0.0012958288027412836 -1.0401598340603613e-05 0.00011369169438326666 -7.138171309151176e-07 -2.4120342075484305e-05 -5.5486264498938455e-05 2.2476970660356701e-05 -3.3188635809366932e-06 0.0002770187060157525 -1.6531746759440581e-05
leaf_weight=22 28 20 37 34 31 30 21 27 22
leaf_count=22 28 20 37 34 31 30 21 27 22
internal_value=-0.00294118 0.00714286 -0.00478261 -0.00204678 -0.0127119 -0.00794393 -0.00205479 0.0078125 -0.0104651
internal_weight=272 42 230 171 59 107 73 64 43
internal_count=272 42 230 171 59 107 73 64 43
is_linear=0
shrinkage=0.05


Tree=372
num_leaves=11
num_cat=0
split_feature=3 8 10 12 12 12 12 3 3 5
split_gain=2.03557 2.13121 2.91201 1.45029 6.13611 2.5131 2.17005 0.9 0.89418 0.182114
threshold=30.500000000000004 1.0000000180025095e-35 54.500000000000007 30.500000000000004 37.500000000000007 22.500000000000004 19.500000000000004 16.500000000000004 14.500000000000002 17.166666666666668
decision_type=2 2 2 2 2 2 2 2 2 2
left_child=3 2 -2 5 -5 6 8 -6 -1 -7
right_child=1 -3 -4 4 7 9 -8 -9 -10 -11
leaf_value=0.00028053327558605904 -5.1310446805086231e-05 -1.7726917448968039e-05 2.1468052537620964e-05 -1.8567633102506421e-05 -2.5694255854169514e-05 0.00023620091115548192 -5.2711951273920479e-05 3.4601373548959204e-05 -1.2599148827430185e-05 0.0005950346637108695
leaf_weight=21 34 22 30 32 20 20 25 20 27 21
leaf_count=21 34 22 30 32 20 20 25 20 27 21
internal_value=-0.00294118 -0.00930233 -0.0046875 0 -0.00555556 0.00350877 -0.00205479 0.0075 0.00416667 0.0134146
internal_weight=272 86 64 186 72 114 73 40 48 41
internal_count=272 86 64 186 72 114 73 40 48 41
is_linear=0
shrinkage=0.05


Tree=373
num_leaves=10
num_cat=1
split_feature=1 5 6 6 5 12 6 3 14
split_gain=2.22164 2.9399 6.25572 4.89312 3.01683 2.93159 2.76035 1.6 0.847031
threshold=0 23.500000000000004 25.366666666666671 20.366666666666671 15.333333333333334 30.500000000000004 25.708333333333339 26.500000000000004 505.00000000000006
decision_type=1 2 2 2 2 2 2 2 2
left_child=5 3 -3 4 -2 6 -1 -7 -4
right_child=1 2 8 -5 -6 7 -8 -9 -10
leaf_value=-5.0076353710259981e-05 1.0150215562276799e-05 -2.0897643562811654e-05 -7.1532744872371269e-06 0.00033271643604386729 -0.00022177481883538521 -8.9751787968062058e-05 4.9135155754775894e-05 -9.1962604663820016e-06 0.00018723195158676376
leaf_weight=37 33 23 28 30 21 20 31 20 29
leaf_count=37 33 23 28 30 21 20 31 20 29
internal_value=-0.00330882 0.000574713 -0.00625 0.00714286 -0.00185185 -0.00847458 -0.00294118 -0.02 0.00263158
internal_weight=272 164 80 84 54 108 68 40 57
internal_count=272 164 80 84 54 108 68 40 57
cat_boundaries=0 1
cat_threshold=240
is_linear=0
shrinkage=0.05


Tree=374
num_leaves=9
num_cat=0
split_feature=3 6 5 7 6 8 8 10
split_gain=2.89326 2.96953 2.81089 1.72618 3.04411 2.26141 1.27273 1.84453
threshold=30.500000000000004 26.100000000000005 31.416666666666668 1300000000.0000002 19.583333333333339 1.0000000180025095e-35 1.0000000180025095e-35 47.500000000000007
decision_type=2 2 2 2 2 2 2 2
left_child=3 -2 -3 6 -5 -6 7 -1
right_child=1 2 -4 4 5 -7 -8 -9
leaf_value=1.4811294778027674e-05 -1.2042160426339877e-05 3.5173429696300219e-05 -9.8879362290027476e-06 -4.6593004960104883e-05 7.7079521694578554e-05 -3.4707999149219407e-05 1.5877866941949036e-05 -5.1154662371999397e-05
leaf_weight=33 28 20 38 36 35 27 32 23
leaf_count=33 28 20 38 36 35 27 32 23
internal_value=-0.00404412 -0.0116279 -0.00517241 -0.000537634 -0.00510204 0.0016129 0.00454545 0
internal_weight=272 86 58 186 98 62 88 56
internal_count=272 86 58 186 98 62 88 56
is_linear=0
shrinkage=0.05


Tree=375
num_leaves=9
num_cat=0
split_feature=3 6 5 7 6 8 8 10
split_gain=3.48149 2.96953 2.81089 1.07311 1.57751 2.19957 1.27273 1.84453
threshold=30.500000000000004 26.100000000000005 31.416666666666668 1300000000.0000002 19.100000000000005 1.0000000180025095e-35 1.0000000180025095e-35 47.500000000000007
decision_type=2 2 2 2 2 2 2 2
left_child=3 -2 -3 6 -5 -6 7 -1
right_child=1 2 -4 4 5 -7 -8 -9
leaf_value=1.4070730039072999e-05 -1.1440052404942946e-05 3.3414758211591787e-05 -9.3935394175126422e-06 -4.4263354712104076e-05 7.3225545609822978e-05 -3.2972599191793962e-05 1.5083973594798295e-05 -4.85969292533639e-05
leaf_weight=33 28 20 38 34 35 29 32 23
leaf_count=33 28 20 38 34 35 29 32 23
internal_value=-0.00330882 -0.0116279 -0.00517241 0.000537634 -0.00306122 0.0015625 0.00454545 0
internal_weight=272 86 58 186 98 64 88 56
internal_count=272 86 58 186 98 64 88 56
is_linear=0
shrinkage=0.05


Tree=376
num_leaves=12
num_cat=1
split_feature=3 3 7 5 6 5 6 2 14 3 10
split_gain=2.80265 2.56871 1.43894 1.96609 0.926069 3.78291 2.28384 2.67769 1.29077 1.23786 0.782609
threshold=30.500000000000004 33.500000000000007 1425000000.0000002 31.416666666666668 23.083333333333339 25.166666666666668 18.633333333333336 0 490.00000000000006 5.5000000000000009 50.500000000000007
decision_type=2 2 2 2 2 2 2 9 2 2 2
left_child=4 -2 3 -3 6 -6 7 -1 -7 -9 -8
right_child=1 2 -4 -5 5 8 10 9 -10 -11 -12
leaf_value=-4.6167082790660178e-05 -0.00015306967194463896 3.6132396696686445e-05 -5.7190070341661681e-06 -2.1006698329451013e-05 -4.7100823529255822e-05 -7.0889489816927668e-06 1.3367193537128231e-05 -4.0879791959014257e-05 0.0004735600685044972 1.1988213531743952e-05 4.8490187207761437e-06
leaf_weight=23 20 21 25 20 23 22 23 21 31 20 23
leaf_count=23 20 21 25 20 23 22 23 21 31 20 23
internal_value=-0.00183824 -0.00930233 -0.00454545 0.00121951 0.0016129 -0.00263158 0.00454545 -0.0015625 0.00471698 0.00609756 0.0130435
internal_weight=272 86 66 41 186 76 110 64 53 41 46
internal_count=272 86 66 41 186 76 110 64 53 41 46
cat_boundaries=0 1
cat_threshold=1
is_linear=0
shrinkage=0.05


Tree=377
num_leaves=9
num_cat=0
split_feature=3 5 5 14 3 5 7 7
split_gain=3.62649 1.8291 3.60043 2.27556 1.69006 2.67286 2.86771 1.12429
threshold=22.500000000000004 29.166666666666668 33.166666666666679 490.00000000000006 17.500000000000004 19.583333333333339 1425000000.0000002 1550000000.0000002
decision_type=2 2 2 2 2 2 2 2
left_child=4 3 -3 -2 5 6 -1 -5
right_child=1 2 -4 7 -6 -7 -8 -9
leaf_value=-2.5224125813183562e-05 -2.5901156293350883e-05 3.1870118559851333e-05 -6.8143704646139724e-05 3.8706203710603402e-06 1.4791147725290443e-05 -3.1566420168260836e-05 4.3165170627013086e-05 -5.5228371770965623e-05
leaf_weight=32 30 31 39 23 38 31 26 22
leaf_count=32 30 31 39 23 38 31 26 22
internal_value=-0.00183824 -0.00724138 -0.00142857 -0.0126667 0.00433071 0.000561798 0.00689655 -0.00555556
internal_weight=272 145 70 75 127 89 58 45
internal_count=272 145 70 75 127 89 58 45
is_linear=0
shrinkage=0.05


Tree=378
num_leaves=11
num_cat=0
split_feature=3 3 10 12 10 12 8 12 10 14
split_gain=3.56548 2.00502 2.5196 2.5822 1.8087 1.51811 2.33684 1.66217 1.63116 1.6
threshold=22.500000000000004 17.500000000000004 49.500000000000007 16.500000000000004 68.500000000000014 16.500000000000004 1.0000000180025095e-35 33.500000000000007 54.500000000000007 505.00000000000006
decision_type=2 2 2 2 2 2 2 2 2 2
left_child=1 2 3 -1 -4 -2 7 8 -7 -8
right_child=5 -3 4 -5 -6 6 9 -9 -10 -11
leaf_value=-4.035348953705942e-05 -5.8567267608111706e-05 1.4051590338937104e-05 -5.2081975388951213e-05 0.00018561535924632722 7.4854817455616295e-09 -5.8583290352132167e-07 -0.00078987072961567151 -3.8796998627077528e-06 0.00012347554739662315 -7.5919466277163399e-06
leaf_weight=20 31 38 20 23 26 28 20 21 25 20
leaf_count=20 31 38 20 23 26 28 20 21 25 20
internal_value=-0.00257353 0.00354331 -0.000561798 0.00813953 -0.00869565 -0.00793103 -0.00526316 0 0.00471698 -0.015
internal_weight=272 127 89 43 46 145 114 74 53 40
internal_count=272 127 89 43 46 145 114 74 53 40
is_linear=0
shrinkage=0.05


Tree=379
num_leaves=10
num_cat=1
split_feature=1 3 5 3 12 10 5 5 3
split_gain=1.73203 2.63476 2.30903 3.05991 2.3058 4.37045 2.38532 2.6462 1.62021
threshold=0 30.500000000000004 24.833333333333339 14.500000000000002 13.500000000000002 37.500000000000007 22.833333333333339 31.166666666666668 11.500000000000002
decision_type=1 2 2 2 2 2 2 2 2
left_child=1 2 3 -1 -2 -6 8 -8 -7
right_child=4 -3 -4 -5 5 6 7 -9 -10
leaf_value=1.4201006756309199e-06 0.00021577846694336157 -2.1953565572641056e-05 9.8055449807787922e-06 -0.00024511723850011434 -0.00012340261714003376 1.0826270584018971e-06 -1.4501904069241789e-05 3.4223939890498656e-05 0.0002110365787565627
leaf_weight=24 28 30 27 27 24 22 33 26 31
leaf_count=24 28 30 27 27 24 22 33 26 31
internal_value=-0.00220588 -0.00677966 -0.0025641 -0.00882353 0.00114943 -0.00147059 0.00267857 -0.00423729 0.0103774
internal_weight=272 108 78 51 164 136 112 59 53
internal_count=272 108 78 51 164 136 112 59 53
cat_boundaries=0 1
cat_threshold=368
is_linear=0
shrinkage=0.05


Tree=380
num_leaves=11
num_cat=1
split_feature=0 6 3 6 12 5 12 3 10 12
split_gain=2.43203 2.8638 2.82695 7.0127 2.41116 2.5822 2.04993 1.7415 1.35987 1.11429
threshold=0 18.633333333333336 22.500000000000004 31.450000000000003 22.500000000000004 22.416666666666668 29.500000000000004 28.500000000000004 49.500000000000007 33.500000000000007
decision_type=9 2 2 2 2 2 2 2 2 2
left_child=1 8 4 9 -2 -6 7 -3 -1 -4
right_child=2 6 3 -5 5 -7 -8 -9 -10 -11
leaf_value=9.0488794805665414e-06 -2.7830036542608738e-05 0.0021364757174874073 -3.9152536828801492e-05 2.5247181413945441e-05 0.00024021149337229988 -9.1217067890170264e-07 -6.6807545920255508e-06 3.3543008826075749e-06 -4.265202798734436e-05 -3.7693286317974639e-05
leaf_weight=21 28 21 39 21 23 20 27 28 23 21
leaf_count=21 28 21 39 21 23 20 27 28 23 21
internal_value=-0.00220588 0.00307692 -0.00617284 -0.012963 0.000704225 0.00813953 0.00921053 0.0153061 -0.00681818 -0.0216667
internal_weight=272 120 152 81 71 43 76 49 44 60
internal_count=272 120 152 81 71 43 76 49 44 60
cat_boundaries=0 1
cat_threshold=281
is_linear=0
shrinkage=0.05


Tree=381
num_leaves=10
num_cat=1
split_feature=0 6 7 12 3 6 3 12 10
split_gain=1.91955 2.93902 2.3897 5.09169 2.25094 3.00465 2.09282 0.866393 0.252962
threshold=0 30.083333333333339 1425000000.0000002 32.500000000000007 19.500000000000004 18.633333333333336 30.500000000000004 24.500000000000004 52.500000000000007
decision_type=9 2 2 2 2 2 2 2 2
left_child=1 4 3 7 5 -1 -4 -2 -6
right_child=2 -3 6 -5 8 -7 -8 -9 -10
leaf_value=-5.1433762092045756e-06 -1.1259448089084856e-05 8.2900746204117589e-05 -1.8025964717516275e-05 2.1893493561009339e-05 -9.550162033331589e-05 4.5859906345135928e-05 -2.3974901389411941e-05 -0.00024624206336749667 -0.00017710956194658679
leaf_weight=37 30 22 38 39 21 20 22 23 20
leaf_count=37 30 22 38 39 21 20 22 23 20
internal_value=-0.00330882 0.00153846 -0.00679012 -0.00217391 -0.00204082 0.00438596 -0.015 -0.0122642 -0.0109756
internal_weight=272 120 152 92 98 57 60 53 41
internal_count=272 120 152 92 98 57 60 53 41
cat_boundaries=0 1
cat_threshold=297
is_linear=0
shrinkage=0.05


Tree=382
num_leaves=11
num_cat=0
split_feature=7 6 3 12 10 12 3 3 3 5
split_gain=1.47811 3.14966 2.35347 2.13225 7.27914 6.55636 4.9422 2.04075 1.20418 1.16299
threshold=1150000000.0000002 30.083333333333339 24.500000000000004 22.500000000000004 34.500000000000007 26.500000000000004 21.500000000000004 33.500000000000007 12.500000000000002 22.833333333333339
decision_type=2 2 2 2 2 2 2 2 2 2
left_child=2 3 -1 4 9 -5 8 -4 -7 -2
right_child=1 -3 7 5 -6 6 -8 -9 -10 -11
leaf_value=2.0941444601341178e-05 -0.00030796661178413844 2.4868477960193758e-05 -2.3659133260256483e-05 0.00031913310844178255 -0.00016314590486103954 -8.5373345459771599e-06 -7.7902412080810285e-05 4.3971784954521814e-06 8.2990785868375393e-06 8.6978212941346566e-06
leaf_weight=35 21 34 25 21 20 21 32 21 20 22
leaf_count=35 21 34 25 21 20 21 32 21 20 22
internal_value=-0.00257353 -0.00497382 0.00308642 -0.00796178 -0.0150794 -0.00319149 -0.010274 -0.00434783 0.00121951 -0.00348837
internal_weight=272 191 81 157 63 94 73 46 41 43
internal_count=272 191 81 157 63 94 73 46 41 43
is_linear=0
shrinkage=0.05


Tree=383
num_leaves=11
num_cat=1
split_feature=1 3 8 3 3 12 3 3 6 5
split_gain=1.73203 1.85753 3.75696 1.63147 2.93692 1.9679 5.77361 4.55704 1.48643 0.4
threshold=0 30.500000000000004 1.0000000180025095e-35 33.500000000000007 28.500000000000004 27.500000000000004 15.500000000000002 15.500000000000002 19.583333333333339 31.166666666666668
decision_type=1 2 2 2 2 2 2 2 2 2
left_child=1 2 8 4 5 7 -7 -2 -1 -5
right_child=3 -3 -4 9 -6 6 -8 -9 -10 -11
leaf_value=-8.2980354456196899e-06 7.8065320870734926e-06 -4.5915184387190781e-05 -0.00020131251119712701 2.0084098354633539e-05 -7.7128852183605553e-05 -1.1844236935942832e-05 9.1785255277798686e-05 -8.723894406976741e-05 0.00017290535606768743 2.309117215766321e-05
leaf_weight=22 29 31 28 20 22 24 25 24 27 20
leaf_count=22 29 31 28 20 22 24 25 24 27 20
internal_value=-0.00220588 -0.00677966 -0.00324675 0.00114943 -0.0016129 0.00196078 0.00918367 -0.00471698 0.00510204 0.01
internal_weight=272 108 77 164 124 102 49 53 49 40
internal_count=272 108 77 164 124 102 49 53 49 40
cat_boundaries=0 1
cat_threshold=624
is_linear=0
shrinkage=0.05


Tree=384
num_leaves=11
num_cat=1
split_feature=0 6 5 6 6 12 6 3 3 5
split_gain=2.02547 2.64991 1.62374 2.82563 2.78639 2.74737 2.55361 1.5929 3.55373 0.195354
threshold=0 30.083333333333339 23.500000000000004 31.450000000000003 28.583333333333339 22.500000000000004 25.366666666666671 19.500000000000004 5.5000000000000009 25.166666666666668
decision_type=9 2 2 2 2 2 2 2 2 2
left_child=1 7 5 4 6 -2 -4 8 -1 -9
right_child=2 -3 3 -5 -6 -7 -8 9 -10 -11
leaf_value=-1.7428386185169841e-05 -9.9664180566794169e-05 8.1801576190621011e-05 -1.1670823012899234e-05 1.7171600315890602e-06 -0.00012610016013603342 0.00018261181225014413 2.4256319574789133e-05 -5.3083215425253631e-05 7.1950542115217789e-05 -0.00012155545052507933
leaf_weight=34 20 22 24 24 21 38 25 20 23 21
leaf_count=34 20 22 24 24 21 38 25 20 23 21
internal_value=-0.00257353 0.00230769 -0.00617284 -0.0106383 -0.0157143 0 -0.00918367 -0.00102041 0.00438596 -0.00853659
internal_weight=272 120 152 94 70 58 49 98 57 41
internal_count=272 120 152 94 70 58 49 98 57 41
cat_boundaries=0 1
cat_threshold=297
is_linear=0
shrinkage=0.05


Tree=385
num_leaves=11
num_cat=0
split_feature=5 5 5 6 6 6 6 5 12 12
split_gain=1.53987 3.89594 3.31712 2.25836 2.00718 1.91739 1.22501 1.06877 0.652497 0.320145
threshold=26.500000000000004 23.500000000000004 33.166666666666679 21.708333333333339 15.333333333333334 30.083333333333339 19.583333333333339 28.833333333333339 28.500000000000004 23.500000000000004
decision_type=2 2 2 2 2 2 2 2 2 2
left_child=1 3 5 4 9 7 -6 -2 -4 -1
right_child=2 -3 8 -5 6 -7 -8 -9 -10 -11
leaf_value=8.2876247921248588e-06 2.9379800995243956e-05 -1.8722948314087164e-05 -6.1991072231037947e-06 8.5588369226030644e-05 -0.00025373945036726296 2.4744610616167508e-05 -8.7121521097799369e-06 -1.4045843013832383e-05 -0.00011612603988542247 -9.90581795150547e-06
leaf_weight=25 23 36 21 35 21 24 22 22 20 23
leaf_count=25 23 36 21 35 21 24 22 22 20 23
internal_value=-0.00183824 -0.00493827 0.00272727 -0.000793651 -0.00494505 0.00942029 -0.0127907 0.00333333 -0.00853659 0.00208333
internal_weight=272 162 110 126 91 69 43 45 41 48
internal_count=272 162 110 126 91 69 43 45 41 48
is_linear=0
shrinkage=0.05


Tree=386
num_leaves=11
num_cat=0
split_feature=8 10 3 3 3 6 6 6 5 10
split_gain=1.45262 3.21085 2.9 2.63636 1.54591 3.68339 1.53294 2.13314 1.88153 0.602007
threshold=1.0000000180025095e-35 71.500000000000014 17.500000000000004 30.500000000000004 14.500000000000002 21.708333333333339 23.750000000000004 30.083333333333339 26.833333333333339 36.500000000000007
decision_type=2 2 2 2 2 2 2 2 2 2
left_child=1 4 -2 -4 9 -6 -7 8 -8 -1
right_child=2 -3 3 -5 5 6 7 -9 -10 -11
leaf_value=-2.7735161570729971e-05 -1.1438316346978894e-05 1.3058776442065323e-05 1.2958575301169618e-05 -1.9064188173611996e-05 -8.7226416793839698e-05 1.3779698567795152e-05 -4.0569884385277537e-08 4.9215801214508309e-05 -7.3598514393680153e-05 1.1109792801722307e-05
leaf_weight=20 32 20 36 22 22 21 20 32 21 26
leaf_count=20 32 20 36 22 22 21 20 32 21 26
internal_value=-0.00147059 0.0010989 -0.00666667 0 -0.00123457 -0.00431034 0 -0.00342466 -0.0109756 0.00652174
internal_weight=272 182 90 58 162 116 94 73 41 46
internal_count=272 182 90 58 162 116 94 73 41 46
is_linear=0
shrinkage=0.05


Tree=387
num_leaves=10
num_cat=1
split_feature=0 14 5 5 5 6 5 6 6
split_gain=2.43203 3.65714 3.67319 3.47889 2.02807 3.31579 2.55833 1.07147 0.557724
threshold=0 450.00000000000006 24.833333333333339 17.166666666666668 23.500000000000004 21.583333333333339 26.500000000000004 28.916666666666668 32.291666666666679
decision_type=9 2 2 2 2 2 2 2 2
left_child=1 -1 3 -3 5 -2 -6 -8 -9
right_child=4 2 -4 -5 6 -7 7 8 -10
leaf_value=1.6890201919306236e-05 -6.79915511510032e-06 -2.4259946448168538e-06 6.9051430647348863e-05 -0.0001988897906503695 -2.2601315459169768e-05 0.0015104816786069009 8.6649039232611361e-08 -4.0962101891928175e-05 -4.9491873258311617e-06
leaf_weight=36 36 32 31 21 27 21 27 21 20
leaf_count=36 36 32 31 21 27 21 27 21 20
internal_value=-0.00220588 0.00307692 -0.00238095 -0.0103774 -0.00617284 0.000877193 -0.0110526 -0.00588235 -0.0109756
internal_weight=272 120 84 53 152 57 95 68 41
internal_count=272 120 84 53 152 57 95 68 41
cat_boundaries=0 1
cat_threshold=393
is_linear=0
shrinkage=0.05


Tree=388
num_leaves=11
num_cat=2
split_feature=0 5 3 5 10 2 6 12 3 3
split_gain=1.83726 2.57524 2.15546 2.09335 1.94184 1.34003 1.16089 2.19429 0.768254 0.4
threshold=0 24.166666666666668 30.500000000000004 17.833333333333339 52.500000000000007 1 26.366666666666671 22.500000000000004 35.500000000000007 15.500000000000002
decision_type=9 2 2 2 2 9 2 2 2 2
left_child=1 3 6 4 -1 -3 7 -2 -4 -9
right_child=2 5 8 -5 -6 -7 -8 9 -10 -11
leaf_value=-8.717311504469195e-06 -2.3771634791192044e-05 3.1593081949665703e-06 -1.7685843708292739e-05 -7.9916449948314039e-05 1.5402444358336709e-05 2.2164112524336589e-05 -2.3722996183650481e-05 0.00012239222627252744 -1.8305278696928442e-05 4.0355323674212686e-05
leaf_weight=27 35 21 21 23 20 29 32 20 24 20
leaf_count=27 35 21 21 23 20 29 32 20 24 20
internal_value=-0.00147059 0.00307692 -0.00493827 -0.00285714 0.00319149 0.012 -0.00140187 0.002 -0.0144444 0.01
internal_weight=272 120 152 70 47 50 107 75 45 40
internal_count=272 120 152 70 47 50 107 75 45 40
cat_boundaries=0 1 2
cat_threshold=393 4
is_linear=0
shrinkage=0.05


Tree=389
num_leaves=11
num_cat=2
split_feature=0 5 5 5 6 5 10 2 6 6
split_gain=2.43203 2.57524 2.09335 2.02807 3.31579 2.55833 1.94184 1.34003 1.07147 0.557724
threshold=0 24.166666666666668 17.833333333333339 23.500000000000004 21.583333333333339 26.500000000000004 52.500000000000007 1 28.916666666666668 32.291666666666679
decision_type=9 2 2 2 2 2 2 9 2 2
left_child=1 2 6 4 -2 -5 -1 -3 -7 -10
right_child=3 7 -4 5 -6 8 -8 -9 9 -11
leaf_value=-8.2814459291924443e-06 -8.3435962735300965e-06 3.0013427851471877e-06 -7.5920627450898345e-05 -2.258305305167241e-05 0.0014358728586113757 1.2708983268439057e-06 1.463232214025112e-05 2.105590689822634e-05 -3.7998732862476459e-05 -3.8019498994401605e-06
leaf_weight=27 36 21 23 27 21 27 20 29 21 20
leaf_count=27 36 21 23 27 21 27 20 29 21 20
internal_value=-0.00220588 0.00307692 -0.00285714 -0.00617284 0.000877193 -0.0110526 0.00319149 0.012 -0.00588235 -0.0109756
internal_weight=272 120 70 152 57 95 47 50 68 41
internal_count=272 120 70 152 57 95 47 50 68 41
cat_boundaries=0 1 2
cat_threshold=393 4
is_linear=0
shrinkage=0.05


Tree=390
num_leaves=11
num_cat=2
split_feature=0 3 5 5 14 3 7 2 10 5
split_gain=2.21712 2.20851 2.10381 2.60521 1.97926 2.80047 2.12529 1.34003 1.30512 0.9
threshold=0 14.500000000000002 24.166666666666668 17.833333333333339 580.00000000000011 30.500000000000004 1550000000.0000002 1 52.500000000000007 24.833333333333339
decision_type=9 2 2 2 2 2 2 9 2 2
left_child=2 -2 3 8 5 6 9 -4 -1 -3
right_child=1 4 7 -5 -6 -7 -8 -9 -10 -11
leaf_value=-7.8673736327417039e-06 1.0197391145405633e-05 -7.6877695275889843e-05 2.851275645809892e-06 -7.2124596078282371e-05 3.508629652735351e-05 -0.00011353999693142214 0.0003015671240479634 2.0003111553279497e-05 1.3900706033176392e-05 -9.3235113315159882e-06
leaf_weight=27 36 20 21 23 24 31 21 29 20 20
leaf_count=27 36 20 21 23 24 31 21 29 20 20
internal_value=-0.00110294 -0.00493827 0.00384615 -0.00142857 -0.00862069 -0.0119565 -0.0057377 0.012 0.00531915 -0.0125
internal_weight=272 152 120 70 116 92 61 50 47 40
internal_count=272 152 120 70 116 92 61 50 47 40
cat_boundaries=0 1 2
cat_threshold=393 4
is_linear=0
shrinkage=0.05


Tree=391
num_leaves=10
num_cat=0
split_feature=5 5 12 12 3 10 12 12 12
split_gain=2.17303 3.0473 2.77982 3.05737 3.68875 2.58344 2.25763 1.9315 1.27201
threshold=33.166666666666679 30.166666666666668 27.500000000000004 23.500000000000004 14.500000000000002 27.500000000000004 33.500000000000007 37.500000000000007 28.500000000000004
decision_type=2 2 2 2 2 2 2 2 2
left_child=1 2 3 4 -1 -6 -4 -8 -2
right_child=8 -3 6 -5 5 -7 7 -9 -10
leaf_value=1.997706805316746e-05 -1.3510930296334323e-06 2.4684746919589885e-05 0.00035812474571539354 -6.2088975590235407e-05 6.1303697713466218e-05 -2.8701016292975726e-05 -7.7586343799396221e-06 1.7605517772523172e-06 -0.000108221799753494
leaf_weight=34 21 25 28 27 20 34 25 38 20
leaf_count=34 21 25 28 27 20 34 25 38 20
internal_value=-0.000367647 0.00151515 -0.000485437 -0.00565217 -0.00113636 -0.00925926 0.00604396 0.000793651 -0.0109756
internal_weight=272 231 206 115 88 54 91 63 41
internal_count=272 231 206 115 88 54 91 63 41
is_linear=0
shrinkage=0.05


Tree=392
num_leaves=11
num_cat=0
split_feature=12 14 3 12 12 12 12 5 6 12
split_gain=1.85811 2.7234 1.83179 1.48274 1.42303 3.60597 2.35102 1.86667 1.15283 0.857143
threshold=32.500000000000007 505.00000000000006 25.500000000000004 28.500000000000004 16.500000000000004 12.500000000000002 20.500000000000004 26.500000000000004 24.583333333333339 24.500000000000004
decision_type=2 2 2 2 2 2 2 2 2 2
left_child=3 8 -3 4 5 -1 -6 9 -2 -8
right_child=1 2 -4 -5 6 -7 7 -9 -10 -11
leaf_value=9.5282958942233265e-05 -8.8743698313464844e-06 1.3754609552663056e-06 7.1788755599655474e-05 -0.00046642166585275646 3.7196425595009688e-05 -0.00080882817083174354 -5.4174775314663754e-07 1.0396577360438642e-05 7.2751793606329334e-06 -9.5573242443691711e-06
leaf_weight=37 21 24 23 23 28 20 21 28 26 21
leaf_count=37 21 24 23 23 28 20 21 28 26 21
internal_value=-0.000367647 0.00531915 0.0138298 -0.00337079 -0.0016129 -0.00789474 0.00204082 -0.00285714 -0.00319149 -0.00952381
internal_weight=272 94 47 178 155 57 98 70 47 42
internal_count=272 94 47 178 155 57 98 70 47 42
is_linear=0
shrinkage=0.05


Tree=393
num_leaves=11
num_cat=2
split_feature=0 15 5 5 5 10 6 3 7 12
split_gain=2.30286 2.207 3.92 2.03026 4.45356 2.21966 1.32794 3.54649 2.47123 0.857143
threshold=0 1 23.500000000000004 24.166666666666668 16.166666666666668 42.500000000000007 30.583333333333339 28.500000000000004 1300000000.0000002 32.500000000000007
decision_type=9 9 2 2 2 2 2 2 2 2
left_child=3 2 -2 4 -1 -5 7 8 -3 -7
right_child=1 6 -4 5 -6 9 -8 -9 -10 -11
leaf_value=1.678898064767509e-05 0.00064187597607556768 3.9187947425745054e-06 -1.8703545304532554e-05 0.00063922449714457494 -6.8943136739463292e-05 -1.8033672461115203e-06 2.3873292880338681e-06 -0.00010524623631367192 -6.3632785865053171e-05 3.777009191097136e-06
leaf_weight=21 25 27 25 20 37 21 21 20 34 21
leaf_count=21 25 27 25 20 37 21 21 20 34 21
internal_value=-0.000367647 -0.00432099 0.004 0.00461538 -0.00172414 0.0112903 -0.00882353 -0.0117284 -0.0057377 0.0047619
internal_weight=272 152 50 120 58 62 102 81 61 42
internal_count=272 152 50 120 58 62 102 81 61 42
cat_boundaries=0 1 2
cat_threshold=396 4
is_linear=0
shrinkage=0.05


Tree=394
num_leaves=10
num_cat=1
split_feature=1 12 12 12 12 8 10 10 5
split_gain=1.78035 3.87902 5.49845 3.40046 4.88779 2.66667 3.13043 1.9931 1.51758
threshold=0 37.500000000000007 13.500000000000002 27.500000000000004 33.500000000000007 1.0000000180025095e-35 36.500000000000007 61.500000000000007 27.833333333333339
decision_type=1 2 2 2 2 2 2 2 2
left_child=5 2 -2 8 -5 6 -1 -8 -4
right_child=1 -3 3 4 -6 -7 7 -9 -10
leaf_value=-0.00013890029357579436 0.00019058094556756444 4.4003717235341359e-06 -6.0410500603946818e-05 0.0003593447651146775 -7.1905186143084165e-06 -0.00031220034172596556 7.4869659469634098e-05 -1.9896737113000998e-06 -1.6917094758905906e-05
leaf_weight=23 29 27 34 28 22 36 29 20 24
leaf_count=23 29 27 34 28 22 36 29 20 24
internal_value=-0.000367647 0.00287356 -0.000364964 -0.00555556 0.004 -0.00508475 0 0.00714286 -0.0137931
internal_weight=272 164 137 108 50 108 72 49 58
internal_count=272 164 137 108 50 108 72 49 58
cat_boundaries=0 1
cat_threshold=864
is_linear=0
shrinkage=0.05


Tree=395
num_leaves=10
num_cat=1
split_feature=0 5 6 6 12 10 12 12 6
split_gain=1.92028 4.93867 3.53535 2.24459 2.55813 3.75149 1.92456 1.18118 1.61738
threshold=0 16.166666666666668 22.416666666666668 28.916666666666668 13.500000000000002 67.500000000000014 24.500000000000004 19.500000000000004 26.733333333333338
decision_type=9 2 2 2 2 2 2 2 2
left_child=1 -1 -3 4 -2 6 -6 -4 -9
right_child=3 2 7 -5 5 -7 -8 8 -10
leaf_value=1.6309057546237682e-05 0.00043601622618756332 -0.00015720304409096999 0.00060292167601709861 -8.5339461632116814e-05 -2.4346990089618717e-05 4.7691074801825556e-05 -2.1395775232058158e-05 1.9865302862953629e-05 -4.5880557475896923e-06
leaf_weight=21 20 22 20 35 37 32 28 21 36
leaf_count=21 20 22 20 35 37 32 28 21 36
internal_value=-0.000735294 0.00384615 -0.000505051 -0.00432099 -0.00128205 -0.00463918 -0.0115385 0.00454545 0.000877193
internal_weight=272 120 99 152 117 97 65 77 57
internal_count=272 120 99 152 117 97 65 77 57
cat_boundaries=0 1
cat_threshold=396
is_linear=0
shrinkage=0.05


Tree=396
num_leaves=10
num_cat=0
split_feature=5 12 5 10 5 5 12 3 12
split_gain=1.81308 2.23214 2.09285 2.025 1.90527 2.62076 3.32938 1.87778 0.652497
threshold=23.500000000000004 35.500000000000007 26.500000000000004 49.500000000000007 33.166666666666679 30.166666666666668 27.500000000000004 15.500000000000002 28.500000000000004
decision_type=2 2 2 2 2 2 2 2 2
left_child=1 3 -2 7 5 6 -4 -1 -6
right_child=2 -3 4 -5 8 -7 -8 -9 -10
leaf_value=3.1324097896101578e-05 -2.1068817392855267e-05 1.1646403230081149e-05 -1.777054715379478e-05 -4.3349642591472561e-05 -5.2272790698637552e-06 4.0693224561572094e-05 1.8872037719930293e-05 -9.9051178264986117e-05 -9.2847820868424694e-05
leaf_weight=36 36 30 21 36 21 25 23 24 20
leaf_count=36 36 30 21 36 21 25 23 24 20
internal_value=0.000367647 0.0047619 -0.00342466 0.00104167 0 0.00507246 -0.00227273 0.00666667 -0.00853659
internal_weight=272 126 146 96 110 69 44 60 41
internal_count=272 126 146 96 110 69 44 60 41
is_linear=0
shrinkage=0.05


Tree=397
num_leaves=10
num_cat=1
split_feature=0 5 3 3 10 6 12 10 12
split_gain=1.71027 2.74805 1.6993 4.2517 1.76348 1.66494 2.29661 3.30662 1.92429
threshold=0 16.166666666666668 29.500000000000004 21.500000000000004 55.500000000000007 28.916666666666668 13.500000000000002 64.500000000000014 24.500000000000004
decision_type=9 2 2 2 2 2 2 2 2
left_child=1 -1 3 -3 -4 6 -2 8 -8
right_child=5 2 4 -5 -6 -7 7 -9 -10
leaf_value=1.4911284507590494e-05 0.00041264920998336231 0.0001030399703504159 -5.9085889130727766e-06 -6.192513526057653e-05 5.9372282812830692e-06 -7.6430097507085304e-05 -2.0962158455617443e-05 2.5931698464987111e-06 -4.1182160461872291e-05
leaf_weight=21 20 21 23 28 27 35 37 38 22
leaf_count=21 20 21 23 28 27 35 37 38 22
internal_value=0.000367647 0.00461538 0.00151515 -0.00510204 0.008 -0.00308642 -0.00042735 -0.00360825 -0.0110169
internal_weight=272 120 99 49 50 152 117 97 59
internal_count=272 120 99 49 50 152 117 97 59
cat_boundaries=0 1
cat_threshold=396
is_linear=0
shrinkage=0.05


Tree=398
num_leaves=10
num_cat=0
split_feature=5 5 6 10 10 12 12 12 12
split_gain=1.53107 2.88935 2.78797 2.73697 4.15584 3.14297 3.48326 2.87831 0.652497
threshold=33.166666666666679 30.166666666666668 26.916666666666668 64.500000000000014 72.500000000000014 26.500000000000004 22.500000000000004 13.500000000000002 28.500000000000004
decision_type=2 2 2 2 2 2 2 2 2
left_child=1 2 3 5 -5 6 7 -1 -2
right_child=8 -3 -4 4 -6 -7 -8 -9 -10
leaf_value=2.4495077301178725e-05 -5.2627765304791301e-06 3.9706671256212191e-05 -2.3407135513853206e-05 3.4279613246468446e-05 1.0838207433749858e-06 -2.1844581149110812e-05 0.00023142149076189612 -3.4048351471405172e-05 -8.6443108094336202e-05
leaf_weight=31 21 25 35 20 35 27 23 35 20
leaf_count=31 21 25 35 20 35 27 23 35 20
internal_value=0.000367647 0.00194805 0 0.00263158 0.0118182 -0.00172414 0.00280899 -0.0030303 -0.00853659
internal_weight=272 231 206 171 55 116 89 66 41
internal_count=272 231 206 171 55 116 89 66 41
is_linear=0
shrinkage=0.05


Tree=399
num_leaves=11
num_cat=1
split_feature=1 10 12 3 3 8 3 6 6 6
split_gain=1.91507 3.62996 4.65167 3.59479 3.40991 3.12963 5.06752 2.78867 2.5 2.02777
threshold=0 61.500000000000007 13.500000000000002 33.500000000000007 15.500000000000002 1.0000000180025095e-35 34.500000000000007 20.083333333333339 26.733333333333338 19.100000000000005
decision_type=1 2 2 2 2 2 2 2 2 2
left_child=5 2 -2 7 -3 6 9 -4 -6 -1
right_child=1 4 3 -5 8 -7 -8 -9 -10 -11
leaf_value=-1.8211632959364012e-05 0.00015102993093849549 -8.0402095466780569e-06 -2.2837138547515679e-05 8.9940430246482358e-05 3.5284777496080724e-05 -0.00029959754215367343 -6.8977844323736551e-05 -6.5046938110580049e-05 1.2374244752066943e-05 5.0708989333081437e-05
leaf_weight=21 29 21 20 20 20 36 20 34 20 31
leaf_count=21 29 21 20 20 20 36 20 34 20 31
internal_value=0.000735294 0.00402299 -0.00145631 -0.00810811 0.0139344 -0.00423729 0.00138889 -0.0148148 0.0225 0.00961538
internal_weight=272 164 103 74 61 108 72 54 40 52
internal_count=272 164 103 74 61 108 72 54 40 52
cat_boundaries=0 1
cat_threshold=864
is_linear=0
shrinkage=0.05


Tree=400
num_leaves=10
num_cat=0
split_feature=3 6 3 10 3 12 12 12 10
split_gain=1.66956 3.0402 2.68983 4.0464 2.23253 1.75737 3.1745 1.63802 1.17993
threshold=20.500000000000004 31.450000000000003 17.500000000000004 49.500000000000007 37.500000000000007 22.500000000000004 33.500000000000007 16.500000000000004 68.500000000000014
decision_type=2 2 2 2 2 2 2 2 2
left_child=2 4 3 7 5 -2 -7 -1 -5
right_child=1 -3 -4 8 -6 6 -8 -9 -10
leaf_value=-2.2020196162797492e-05 -5.3809934247261996e-05 1.2068323600367138e-05 0.00016093394703204923 -4.8856637724270514e-05 -4.0845002942857539e-05 0.0002766591405688246 -1.8899568310359882e-06 0.00010073224633373458 -4.2474045166329691e-06
leaf_weight=20 36 38 25 20 22 29 33 23 26
leaf_count=20 36 38 25 20 22 29 33 23 26
internal_value=-0.00110294 -0.00443038 0.00350877 -0.000561798 -0.00833333 -0.00510204 0 0.0104651 -0.0108696
internal_weight=272 158 114 89 120 98 62 43 46
internal_count=272 158 114 89 120 98 62 43 46
is_linear=0
shrinkage=0.05


Tree=401
num_leaves=10
num_cat=1
split_feature=0 3 3 12 12 10 12 10 10
split_gain=1.74751 2.82722 3.01309 4.45455 1.42781 2.30464 3.96503 2.66769 1.00087
threshold=0 19.500000000000004 29.500000000000004 27.500000000000004 19.500000000000004 71.500000000000014 29.500000000000004 50.500000000000007 60.500000000000007
decision_type=9 2 2 2 2 2 2 2 2
left_child=1 -1 8 -4 -2 6 7 -6 -3
right_child=4 2 3 -5 5 -7 -8 -9 -10
leaf_value=3.396969444362519e-05 7.6068187238442786e-05 -4.0433661100935941e-05 -5.3273036967560477e-06 2.6287110288691907e-05 -1.4858219425128994e-05 1.2559660596167533e-05 -5.0496412186262775e-05 5.5391711513408384e-05 -6.43147901159935e-05
leaf_weight=34 36 22 22 22 27 39 25 25 20
leaf_count=34 36 22 22 22 27 39 25 25 20
internal_value=-0.00220588 0.00230769 -0.00232558 0.00681818 -0.00555556 -0.00862069 -0.0136364 -0.00576923 -0.0119048
internal_weight=272 120 86 44 152 116 77 52 42
internal_count=272 120 86 44 152 116 77 52 42
cat_boundaries=0 1
cat_threshold=172
is_linear=0
shrinkage=0.05


Tree=402
num_leaves=11
num_cat=0
split_feature=12 3 10 3 10 3 12 5 12 7
split_gain=2.61833 3.70744 3.89061 2.97015 3.73233 2.44183 1.63618 1.0257 0.653667 0.380952
threshold=32.500000000000007 15.500000000000002 80.500000000000014 19.500000000000004 58.500000000000007 11.500000000000002 16.500000000000004 31.166666666666668 35.500000000000007 1300000000.0000002
decision_type=2 2 2 2 2 2 2 2 2 2
left_child=3 -2 8 5 6 9 -5 -8 -3 -1
right_child=1 2 -4 4 -6 -7 7 -9 -10 -11
leaf_value=1.5367650741282548e-06 -1.4874117947982768e-05 5.3473929199299164e-05 -0.00012705782349584638 -0.00016897301265590415 -0.00013964979851932569 0.00020173167741974752 -5.2044035557585747e-06 4.3249498991126961e-05 4.8356561142881563e-06 -1.4115308453810372e-05
leaf_weight=21 27 23 22 35 22 22 37 20 22 21
leaf_count=21 27 23 22 35 22 22 37 20 22 21
internal_value=-0.000367647 0.00638298 0.0126866 -0.00393258 -0.00877193 0.0046875 -0.00434783 0.000877193 0.0211111 -0.00238095
internal_weight=272 94 67 178 114 64 92 57 45 42
internal_count=272 94 67 178 114 64 92 57 45 42
is_linear=0
shrinkage=0.05


Tree=403
num_leaves=11
num_cat=1
split_feature=0 12 7 10 10 14 5 5 10 3
split_gain=2.62912 3.62143 2.99284 1.99818 1.94444 1.73045 2.74805 5.31858 0.816667 0.1
threshold=0 27.500000000000004 1150000000.0000002 70.500000000000014 52.500000000000007 490.00000000000006 28.833333333333339 19.583333333333339 33.500000000000007 26.500000000000004
decision_type=9 2 2 2 2 2 2 2 2 2
left_child=1 8 4 -3 -2 -4 7 -7 -1 -10
right_child=2 3 5 -5 -6 6 -8 -9 9 -11
leaf_value=1.9159759796849586e-05 7.4704181821516619e-05 0.00016600687660304204 -6.35810604888043e-05 1.4470836923408116e-06 -2.5278852039178904e-06 1.1689894760635866e-05 0.00012490565251228604 -0.00010905874338993372 -2.189970643362571e-05 -5.2496939224155888e-06
leaf_weight=24 21 27 30 29 24 23 22 32 20 20
leaf_count=24 21 27 30 29 24 23 22 32 20 20
internal_value=-0.000735294 0.00461538 -0.00493827 0.0142857 0.00555556 -0.00981308 -0.00584416 -0.0118182 -0.003125 -0.0075
internal_weight=272 120 152 56 45 107 77 55 64 40
internal_count=272 120 152 56 45 107 77 55 64 40
cat_boundaries=0 1
cat_threshold=156
is_linear=0
shrinkage=0.05


Tree=404
num_leaves=11
num_cat=1
split_feature=0 5 6 12 3 6 6 5 6 10
split_gain=1.83726 1.8101 3.95094 2.18805 1.3 1.04888 2.07963 1.51515 1.97296 0.4
threshold=0 16.166666666666668 22.416666666666668 32.500000000000007 27.500000000000004 28.916666666666668 25.366666666666671 23.500000000000004 18.633333333333336 48.500000000000007
decision_type=9 2 2 2 2 2 2 2 2 2
left_child=1 -1 -3 4 -4 6 7 8 9 -2
right_child=5 2 3 -5 -6 -7 -8 -9 -10 -11
leaf_value=1.1105400022515256e-05 -6.2497290047058848e-05 -0.00014680206364632299 0.0012944566763723132 1.0773699590771458e-05 -5.91157099352202e-06 -5.3732436758480165e-05 4.914713702461882e-05 -1.4737563126221433e-05 0.00033744019019348319 -2.6237575478127442e-05
leaf_weight=21 20 22 20 25 32 35 29 22 26 20
leaf_count=21 20 22 20 25 32 35 29 22 26 20
internal_value=-0.00147059 0.00307692 0.000505051 0.00584416 0 -0.00493827 -0.00299145 -0.00681818 -0.0030303 -0.01
internal_weight=272 120 99 77 52 152 117 88 66 40
internal_count=272 120 99 77 52 152 117 88 66 40
cat_boundaries=0 1
cat_threshold=396
is_linear=0
shrinkage=0.05


Tree=405
num_leaves=10
num_cat=0
split_feature=6 3 12 12 12 3 7 5 3
split_gain=1.23904 2.58891 1.8246 4.11256 2.83338 1.78422 1.73232 3.1746 2.43203
threshold=31.450000000000003 20.500000000000004 33.500000000000007 22.500000000000004 13.500000000000002 17.500000000000004 1150000000.0000002 19.583333333333339 1.0000000180025095e-35
decision_type=2 2 2 2 2 2 2 2 2
left_child=1 5 3 4 -3 6 -1 8 -8
right_child=-2 2 -4 -5 -6 -7 7 -9 -10
leaf_value=1.1880565913635623e-05 6.967981608241303e-06 -2.0876120763091423e-05 -1.2928949502466482e-05 9.0092740965630477e-05 -9.382749352417897e-05 0.00016312895537851091 -2.853533181079726e-05 -0.00018105977571423182 1.0983255956809046e-05
leaf_weight=25 39 23 37 38 22 25 22 21 20
leaf_count=25 39 23 37 38 22 25 22 21 20
internal_value=-0.00183824 -0.00321888 -0.00833333 -0.00421687 -0.0144444 0.00221239 -0.00113636 -0.00555556 0.00238095
internal_weight=272 233 120 83 45 113 88 63 42
internal_count=272 233 120 83 45 113 88 63 42
is_linear=0
shrinkage=0.05


Tree=406
num_leaves=11
num_cat=2
split_feature=0 7 7 5 3 2 6 12 10 5
split_gain=2.53394 3.3679 3.33333 1.6742 2.97636 1.27354 1.67293 1.12429 1.0077 0.975072
threshold=0 1150000000.0000002 800000000.00000012 24.833333333333339 19.500000000000004 1 25.708333333333339 27.500000000000004 52.500000000000007 19.583333333333339
decision_type=9 2 2 2 2 9 2 2 2 2
left_child=2 7 -1 4 -4 -3 9 -2 -5 -7
right_child=1 5 3 8 -6 6 -8 -9 -10 -11
leaf_value=-0.00015392974078052291 -3.7662430987239762e-07 -4.6769257839507366e-05 1.0000967223788848e-05 0.00014841834787144849 -4.0953002442023491e-05 -1.1976261424351264e-05 5.9828528343075506e-06 0.00014176843218596246 1.0881462086231864e-05 -1.0786903071213771e-05
leaf_weight=24 23 35 23 25 27 27 22 22 21 23
leaf_count=24 23 35 23 25 27 27 22 22 21 23
internal_value=-0.00147059 -0.00555556 0.00384615 0.00833333 0.002 -0.0107477 -0.00694444 0.00555556 0.0152174 -0.012
internal_weight=272 152 120 96 50 107 72 45 46 50
internal_count=272 152 120 96 50 107 72 45 46 50
cat_boundaries=0 1 2
cat_threshold=284 4
is_linear=0
shrinkage=0.05


Tree=407
num_leaves=10
num_cat=0
split_feature=12 12 12 12 6 10 12 6 3
split_gain=1.89056 3.55957 3.64937 2.69094 3.24494 2.3582 2.00572 1.00087 0.193496
threshold=27.500000000000004 19.500000000000004 22.500000000000004 33.500000000000007 24.583333333333339 50.500000000000007 11.500000000000002 24.083333333333339 28.500000000000004
decision_type=2 2 2 2 2 2 2 2 2
left_child=1 6 -3 7 -5 -4 -1 -2 -6
right_child=3 2 5 4 8 -7 -8 -9 -10
leaf_value=-1.2135827685888501e-05 0.00018377042992945292 -6.6650295100245679e-05 4.6216312114211183e-06 -1.1081832307979767e-05 2.0654397772545964e-06 -1.0312208458440609e-05 4.5770701199021607e-05 0.00032254665413873341 5.6837101926277006e-06
leaf_weight=31 20 31 21 39 21 26 39 22 22
leaf_count=31 20 31 21 39 21 26 39 22 22
internal_value=-0.00294118 -0.00675676 -0.0141026 0.0016129 -0.00365854 -0.00531915 0.00142857 0.0119048 0.00581395
internal_weight=272 148 78 124 82 47 70 42 43
internal_count=272 148 78 124 82 47 70 42 43
is_linear=0
shrinkage=0.05


Tree=408
num_leaves=11
num_cat=1
split_feature=0 7 12 12 3 7 10 10 10 3
split_gain=1.74751 3.3679 2.83393 2.71974 2.37354 2.23541 1.94444 1.20417 0.907786 0.4
threshold=0 1150000000.0000002 27.500000000000004 33.500000000000007 25.500000000000004 1550000000.0000002 52.500000000000007 33.500000000000007 52.500000000000007 26.500000000000004
decision_type=9 2 2 2 2 2 2 2 2 2
left_child=2 6 7 -4 5 8 -2 -1 -3 -9
right_child=1 4 3 -5 -6 -7 -8 9 -10 -11
leaf_value=1.6057662247570549e-05 7.3094945142848644e-05 -4.6719330007505282e-05 0.00022227871139151036 6.5423338924119889e-07 -5.8940267027196573e-05 1.0921262348517758e-05 -8.7929710772982627e-06 -3.821824614851366e-05 -2.2561787172747927e-05 -6.8651592622259729e-06
leaf_weight=24 21 23 23 33 35 29 24 20 20 20
leaf_count=24 21 23 23 33 35 29 24 20 20 20
internal_value=-0.00220588 -0.00555556 0.00230769 0.0107143 -0.0107477 -0.00555556 0.00555556 -0.0046875 -0.0127907 -0.01
internal_weight=272 152 120 56 107 72 45 64 43 40
internal_count=272 152 120 56 107 72 45 64 43 40
cat_boundaries=0 1
cat_threshold=156
is_linear=0
shrinkage=0.05


Tree=409
num_leaves=10
num_cat=0
split_feature=12 12 12 12 12 6 10 6 3
split_gain=2.48485 5.90658 2.90422 1.77864 2.69094 3.24494 2.09485 1.00087 0.193496
threshold=16.500000000000004 21.500000000000004 12.500000000000002 27.500000000000004 33.500000000000007 24.583333333333339 49.500000000000007 24.083333333333339 28.500000000000004
decision_type=2 2 2 2 2 2 2 2 2
left_child=2 -2 -1 6 7 -6 -3 -5 -7
right_child=1 3 -4 4 5 8 -8 -9 -10
leaf_value=-6.1043905215996123e-06 6.1938580444120823e-06 3.7078943595503236e-07 -0.0007821437718687819 0.00016346797286352911 -1.0088092138715866e-05 1.929456118787698e-06 -2.7382618250193502e-05 0.00029530538586222124 5.3668130135520187e-06
leaf_weight=37 37 23 20 20 39 21 31 22 22
leaf_count=37 37 23 20 20 39 21 31 22 22
internal_value=-0.000367647 0.00209302 -0.00964912 -0.00168539 0.0016129 -0.00365854 -0.00925926 0.0119048 0.00581395
internal_weight=272 215 57 178 124 82 54 42 43
internal_count=272 215 57 178 124 82 54 42 43
is_linear=0
shrinkage=0.05


Tree=410
num_leaves=11
num_cat=1
split_feature=0 12 10 12 10 5 5 10 3 3
split_gain=1.71027 2.68117 5.7478 2.3625 2.26471 2.08699 4.22409 1.50417 0.4 0.1
threshold=0 29.500000000000004 70.500000000000014 27.500000000000004 72.500000000000014 28.833333333333339 19.166666666666668 33.500000000000007 17.500000000000004 26.500000000000004
decision_type=9 2 2 2 2 2 2 2 2 2
left_child=3 5 -3 7 -5 6 -2 -1 -4 -9
right_child=1 2 8 4 -6 -7 -8 9 -10 -11
leaf_value=5.2710958725876725e-05 0.00025781183159949704 -6.9472441511475588e-05 -3.5569754322395397e-05 0.00010599425021418085 -3.2831494083396251e-06 0.00019033640780534712 -5.0352424778488115e-05 -3.5777614835907914e-05 2.5647053024080437e-05 -5.1527703867293445e-06
leaf_weight=24 31 22 20 34 22 23 36 20 20 20
leaf_count=24 31 22 20 34 22 23 36 20 20 20
internal_value=0.000367647 -0.00308642 -0.0112903 0.00461538 0.0125 0.00222222 -0.00223881 -0.0015625 0 -0.0075
internal_weight=272 152 62 120 56 90 67 64 40 40
internal_count=272 152 62 120 56 90 67 64 40 40
cat_boundaries=0 1
cat_threshold=156
is_linear=0
shrinkage=0.05


Tree=411
num_leaves=9
num_cat=2
split_feature=0 10 12 3 5 12 2 14
split_gain=2.53394 4.11062 4.10503 2.90984 1.80337 4.39704 4.13281 1.76252
threshold=0 51.500000000000007 35.500000000000007 22.500000000000004 31.166666666666668 13.500000000000002 1 505.00000000000006
decision_type=9 2 2 2 2 2 9 2
left_child=1 3 -3 -1 5 -2 -7 -8
right_child=4 2 -4 -5 -6 6 7 -9
leaf_value=4.125124027059002e-05 6.7645183643527679e-05 -4.6479829265067002e-05 5.7323196903880108e-06 2.1874988783032736e-06 5.5045942890075146e-06 -7.418209832703582e-05 2.1278447235317799e-06 -2.0177190778092326e-05
leaf_weight=23 25 35 36 26 31 29 33 34
leaf_count=23 25 35 36 26 31 29 33 34
internal_value=-0.00147059 0.00384615 -0.00352113 0.0153061 -0.00555556 -0.00867769 -0.0135417 -0.00671642
internal_weight=272 120 71 49 152 121 96 67
internal_count=272 120 71 49 152 121 96 67
cat_boundaries=0 1 2
cat_threshold=332 2
is_linear=0
shrinkage=0.05


Tree=412
num_leaves=9
num_cat=1
split_feature=0 12 10 6 3 10 10 12
split_gain=2.21712 2.99657 4.88021 2.87268 2.79536 1.9201 4.47155 2.01382
threshold=0 30.500000000000004 74.500000000000014 31.633333333333336 22.500000000000004 32.500000000000007 51.500000000000007 33.500000000000007
decision_type=9 2 2 2 2 2 2 2
left_child=1 4 -3 5 -1 -2 -7 -8
right_child=3 2 -4 -5 -6 6 7 -9
leaf_value=6.7550154208362309e-05 1.4919567654203548e-06 -5.8575168491614704e-05 9.9824740033227513e-06 5.2293645744327939e-06 4.2494891001609862e-07 -0.00015726096619719245 0.00010241475061150141 -6.297278154043795e-06
leaf_weight=32 39 22 31 21 35 31 31 30
leaf_count=32 39 22 31 21 35 31 31 30
internal_value=-0.00110294 0.00384615 -0.00471698 -0.00493827 0.011194 -0.00801527 -0.0119565 -0.00409836
internal_weight=272 120 53 152 67 131 92 61
internal_count=272 120 53 152 67 131 92 61
cat_boundaries=0 1
cat_threshold=332
is_linear=0
shrinkage=0.05


Tree=413
num_leaves=10
num_cat=1
split_feature=0 6 3 3 3 5 14 12 7
split_gain=2.21712 2.87268 2.41698 2.17861 4.61447 2.14085 3.87339 1.67263 1.59197
threshold=0 31.633333333333336 35.500000000000007 22.500000000000004 33.500000000000007 26.500000000000004 450.00000000000006 30.500000000000004 1550000000.0000002
decision_type=9 2 2 2 2 2 2 2 2
left_child=3 2 5 7 -5 6 -2 -1 -8
right_child=1 -3 -4 4 -6 -7 8 -9 -10
leaf_value=6.4172646497873134e-05 7.6698605705560757e-05 4.9678963456756266e-06 -9.3028537955675016e-06 -4.9414015360405017e-05 3.6344868835413994e-06 1.8050680479753114e-05 -6.7454359158602986e-05 4.0980970794635141e-07 -6.0676697263062355e-06
leaf_weight=32 20 21 25 38 23 28 33 27 25
leaf_count=32 20 21 25 38 23 28 33 27 25
internal_value=-0.00110294 -0.00493827 -0.00801527 0.00384615 -0.00245902 -0.00471698 -0.00897436 0.0110169 -0.0155172
internal_weight=272 152 131 120 61 106 78 59 58
internal_count=272 152 131 120 61 106 78 59 58
cat_boundaries=0 1
cat_threshold=332
is_linear=0
shrinkage=0.05


Tree=414
num_leaves=10
num_cat=0
split_feature=5 10 10 12 12 5 10 5 12
split_gain=2.35698 3.37478 4.06925 1.79107 4.03118 1.7597 1.59072 1.37246 0.628107
threshold=26.500000000000004 67.500000000000014 58.500000000000007 13.500000000000002 22.500000000000004 33.166666666666679 78.500000000000014 29.166666666666668 28.500000000000004
decision_type=2 2 2 2 2 2 2 2 2
left_child=1 2 3 -1 -5 7 -3 -2 -7
right_child=5 6 -4 4 -6 8 -8 -9 -10
leaf_value=2.7158953892225669e-05 1.733178837959315e-06 1.7890350956761838e-05 -1.3697965173431471e-05 -4.8622820254529131e-05 5.5109420952614844e-05 2.2197712024052407e-07 -0.00021877334935034299 1.2502417530413369e-05 -8.8551520414448256e-05
leaf_weight=29 31 21 20 35 32 21 25 38 20
leaf_count=29 31 21 20 35 32 21 25 38 20
internal_value=-0.00110294 -0.00493827 -0.00948276 -0.00520833 -0.00970149 0.00454545 0.00652174 0.00942029 -0.00365854
internal_weight=272 162 116 96 67 110 46 69 41
internal_count=272 162 116 96 67 110 46 69 41
is_linear=0
shrinkage=0.05


Tree=415
num_leaves=10
num_cat=2
split_feature=0 12 7 14 7 2 12 6 12
split_gain=2.21712 3.12811 3.85714 2.18968 1.94444 2.88095 1.72857 1.67619 1.00087
threshold=0 27.500000000000004 1300000000.0000002 530.00000000000011 1150000000.0000002 1 26.500000000000004 25.550000000000004 36.500000000000007
decision_type=9 2 2 2 2 9 2 2 2
left_child=4 3 8 -2 -1 -6 -7 -4 -3
right_child=1 2 7 -5 5 6 -8 -9 -10
leaf_value=-1.5772463452146113e-05 -2.6408069814465308e-06 8.9347022501762305e-05 -0.00010406853727111809 -4.3925768557873115e-05 1.3027665274290002e-05 1.7420595238792913e-05 -4.5774010483778937e-05 -1.935265825974142e-05 1.6671983258298441e-05
leaf_weight=36 38 20 20 30 28 36 20 22 22
leaf_count=36 38 20 20 30 28 36 20 22 22
internal_value=-0.00110294 -0.00493827 0.00119048 -0.0132353 0.00384615 0.00833333 0.00178571 -0.00952381 0.0119048
internal_weight=272 152 84 68 120 84 56 42 42
internal_count=272 152 84 68 120 84 56 42 42
cat_boundaries=0 1 2
cat_threshold=277 4
is_linear=0
shrinkage=0.05


Tree=416
num_leaves=11
num_cat=1
split_feature=1 10 5 10 8 12 10 6 12 6
split_gain=1.54052 3.03839 3.16918 2.81078 2.41975 2.41975 2.61146 1.92156 1.57408 1.6
threshold=0 67.500000000000014 26.500000000000004 36.500000000000007 1.0000000180025095e-35 16.500000000000004 42.500000000000007 25.083333333333339 27.500000000000004 26.733333333333338
decision_type=1 2 2 2 2 2 2 2 2 2
left_child=1 2 3 -1 5 -2 -7 -6 -8 -10
right_child=4 -3 -4 -5 7 6 8 -9 9 -11
leaf_value=1.3878085910778993e-05 -0.00030906885112438334 4.1540229493008952e-05 8.4081138757241544e-06 -1.1461141804325338e-05 -0.00020263125501926993 0.00017252626000150429 -3.2201630961026244e-05 -3.9868599996850663e-05 5.2377199859066081e-05 -4.2757174874452632e-06
leaf_weight=24 27 28 29 29 23 20 21 31 20 20
leaf_count=24 27 28 29 29 23 20 21 31 20 20
internal_value=-0.00110294 0.00333333 -0.00121951 -0.00849057 -0.00406977 0 0.00432099 -0.012963 -0.000819672 0.005
internal_weight=272 110 82 53 162 108 81 54 61 40
internal_count=272 110 82 53 162 108 81 54 61 40
cat_boundaries=0 1
cat_threshold=15
is_linear=0
shrinkage=0.05


Tree=417
num_leaves=11
num_cat=2
split_feature=1 3 3 12 2 12 3 3 12 5
split_gain=1.78035 8.31392 4.23744 4.41341 3.67347 3.91608 3.54057 2.73718 1.74545 0.182114
threshold=0 32.500000000000007 37.500000000000007 33.500000000000007 1 25.500000000000004 20.500000000000004 11.500000000000002 19.500000000000004 24.166666666666668
decision_type=1 2 2 2 9 2 2 2 2 2
left_child=1 6 3 4 -2 8 7 -1 -6 -5
right_child=2 -3 -4 9 5 -7 -8 -9 -10 -11
leaf_value=-3.4786187650581728e-05 0.00032559289194846743 2.3021691810498626e-05 -3.6970815518522219e-05 -1.2106990991078703e-05 -9.3373827720455445e-06 3.9379285832996659e-05 -8.7618547034562519e-05 2.3575794434194109e-05 -5.7759796823919632e-05 -3.7875169996937079e-05
leaf_weight=25 28 31 25 20 24 26 30 22 20 21
leaf_count=25 28 31 25 20 24 26 30 22 20 21
internal_value=0.000367647 0.00508475 -0.00287356 0.000359712 0.00612245 0 -0.00324675 0.00531915 -0.00909091 -0.0134146
internal_weight=272 108 164 139 98 70 77 47 44 41
internal_count=272 108 164 139 98 70 77 47 44 41
cat_boundaries=0 1 2
cat_threshold=150 4
is_linear=0
shrinkage=0.05


Tree=418
num_leaves=10
num_cat=3
split_feature=0 5 6 12 3 2 5 12 2
split_gain=2.38188 3.20361 3.83046 3.05333 5.12923 3.84378 2.73944 1.9756 1.50002
threshold=0 32.500000000000007 25.366666666666671 27.500000000000004 32.500000000000007 1 19.583333333333339 13.500000000000002 2
decision_type=9 2 2 2 2 9 2 2 9
left_child=1 2 6 7 5 -5 -1 -2 -9
right_child=3 -3 -4 4 -6 -7 -8 8 -10
leaf_value=2.0415327790246352e-05 3.03770219613142e-05 -3.5981411497232332e-05 2.5981177063627572e-05 0.00047425850347391222 1.6470348836250538e-05 -0.00013980673228850549 -1.8199084982128966e-05 -5.317904450272693e-05 -2.307115002437854e-05
leaf_weight=23 21 21 39 21 20 32 37 21 37
leaf_count=23 21 21 39 21 20 32 37 21 37
internal_value=0.000367647 0.00538462 0.00959596 -0.0037037 0.00342466 -0.00471698 0.00166667 -0.0107595 -0.0155172
internal_weight=272 120 99 152 73 53 60 79 58
internal_count=272 120 99 152 73 53 60 79 58
cat_boundaries=0 1 2 3
cat_threshold=340 1 2
is_linear=0
shrinkage=0.05


Tree=419
num_leaves=11
num_cat=1
split_feature=0 5 12 12 10 3 12 5 6 3
split_gain=2.06615 4.40833 4.13088 3.64269 3.41779 3.63233 2.93966 2.71469 2.00906 1.11777
threshold=0 16.833333333333339 29.500000000000004 37.500000000000007 54.500000000000007 32.500000000000007 13.500000000000002 23.166666666666668 25.708333333333339 23.500000000000004
decision_type=9 2 2 2 2 2 2 2 2 2
left_child=1 -1 9 -4 6 8 -2 -8 -6 -3
right_child=4 2 3 -5 5 -7 7 -9 -10 -11
leaf_value=2.2368194612276682e-05 1.6238486687925047e-05 6.0915740140199409e-05 -0.00011752002868341549 1.575096467210102e-05 8.3156089714719894e-05 1.4700492040908843e-05 -0.00014532133752549471 -1.8271222133670052e-05 -0.00012393630466789318 1.8335378005218674e-06
leaf_weight=24 28 20 23 22 21 24 27 32 20 31
leaf_count=24 28 20 23 22 21 24 27 32 20 31
internal_value=0.000735294 0.00538462 0.00104167 -0.01 -0.00308642 0.00538462 -0.00977011 -0.0161017 -0.00365854 0.0107843
internal_weight=272 120 96 45 152 65 87 59 41 51
internal_count=272 120 96 45 152 65 87 59 41 51
cat_boundaries=0 1
cat_threshold=332
is_linear=0
shrinkage=0.05


Tree=420
num_leaves=11
num_cat=0
split_feature=12 10 12 10 10 12 3 5 7 3
split_gain=1.83359 8.73247 3.17258 4.78675 4.27111 2.56 2.31884 3.07735 1.77237 0.743034
threshold=35.500000000000007 76.500000000000014 29.500000000000004 54.500000000000007 67.500000000000014 45.500000000000007 37.500000000000007 28.833333333333339 1150000000.0000002 14.500000000000002
decision_type=2 2 2 2 2 2 2 2 2 2
left_child=2 -2 3 6 -4 -3 7 8 -1 -10
right_child=1 5 4 -5 -6 -7 -8 -9 9 -11
leaf_value=2.4223418093161087e-05 7.6188697018864108e-06 -9.2029849808739081e-05 -6.3125828359744679e-05 0.00011477307343259469 1.3147158315796048e-05 0.019421034317042365 -5.4670306063542289e-06 0.00011490523815220755 1.559679001061909e-07 -4.7942414975032936e-05
leaf_weight=27 21 25 25 23 20 20 23 20 30 38
leaf_count=27 21 25 25 23 20 20 23 20 30 38
internal_value=0.00183824 0.00909091 -0.000485437 0.00279503 -0.0122222 -0.00333333 -0.000724638 0.00217391 -0.00157895 -0.00588235
internal_weight=272 66 206 161 45 45 138 115 95 68
internal_count=272 66 206 161 45 45 138 115 95 68
is_linear=0
shrinkage=0.05


Tree=421
num_leaves=10
num_cat=0
split_feature=12 12 10 12 12 3 5 12 14
split_gain=3.47357 4.22821 4.3521 3.10117 2.97214 1.84854 3.28008 1.23118 0.491521
threshold=32.500000000000007 39.500000000000007 67.500000000000014 23.500000000000004 27.500000000000004 15.500000000000002 22.833333333333339 16.500000000000004 505.00000000000006
decision_type=2 2 2 2 2 2 2 2 2
left_child=3 2 -2 5 -5 -1 -7 -8 -4
right_child=1 -3 8 4 -6 6 7 -9 -10
leaf_value=5.8002664830203447e-05 -4.5066426025641709e-06 -0.0019236567482003863 1.9654707260485795e-05 -3.1247430473602125e-05 2.8624617725725446e-05 -0.00011977399929081757 -2.4379427554199752e-05 1.6569322823745126e-05 1.2452308159360826e-05
leaf_weight=36 21 32 21 38 30 20 28 26 20
leaf_count=36 21 32 21 38 30 20 28 26 20
internal_value=0.000735294 0.00851064 0.016129 -0.00337079 -0.0117647 0.00181818 -0.0027027 0.0037037 0.0256098
internal_weight=272 94 62 178 68 110 74 54 41
internal_count=272 94 62 178 68 110 74 54 41
is_linear=0
shrinkage=0.05


Tree=422
num_leaves=11
num_cat=0
split_feature=12 10 12 10 12 12 12 6 3 12
split_gain=2.90916 7.76681 2.66941 4.27111 3.4824 2.91599 3.36099 2.10897 2.80358 1.77778
threshold=35.500000000000007 76.500000000000014 29.500000000000004 67.500000000000014 26.500000000000004 19.500000000000004 22.500000000000004 25.708333333333339 15.500000000000002 45.500000000000007
decision_type=2 2 2 2 2 2 2 2 2 2
left_child=2 -2 4 -4 5 7 -7 8 -1 -3
right_child=1 9 3 -5 -6 6 -8 -9 -10 -11
leaf_value=8.5066748285100863e-05 6.6153108086552954e-06 -8.8050972726350096e-05 -6.140076782816806e-05 1.168712501460334e-05 0.00098116622678805503 -4.6161957037682556e-05 1.1305746035361608e-06 0.00051598366621821159 -0.00021909645757709484 0.018546165438600326
leaf_weight=21 21 25 25 20 23 31 37 27 22 20
leaf_count=21 21 25 25 20 23 31 37 27 22 20
internal_value=0.00147059 0.0106061 -0.00145631 -0.0122222 0.0015528 -0.00144928 -0.00882353 0.00571429 -0.00116279 -0.00111111
internal_weight=272 66 206 45 161 138 68 70 43 45
internal_count=272 66 206 45 161 138 68 70 43 45
is_linear=0
shrinkage=0.05


Tree=423
num_leaves=12
num_cat=0
split_feature=12 12 10 3 10 3 5 6 14 14 7
split_gain=3.15285 4.22821 4.3521 3.28031 4.09465 3.64069 1.4389 3.13613 0.818182 0.491521 0.380952
threshold=32.500000000000007 39.500000000000007 67.500000000000014 19.500000000000004 58.500000000000007 11.500000000000002 24.416666666666668 26.916666666666668 530.00000000000011 505.00000000000006 1300000000.0000002
decision_type=2 2 2 2 2 2 2 2 2 2 2
left_child=3 2 -2 5 6 10 -5 -8 -9 -4 -1
right_child=1 -3 9 4 -6 -7 7 8 -10 -11 -12
leaf_value=3.7745815220091575e-07 -1.2112720810364408e-06 -0.0018230713621537832 1.8087615646678048e-05 -7.3223040105929726e-05 -0.00017184741966325134 0.00014009629306439565 2.8380401478500519e-05 -2.6202387138685168e-05 -1.934020589020591e-05 1.37387889440177e-05 -6.6258256527618194e-06
leaf_weight=21 21 32 21 27 22 22 21 22 22 20 21
leaf_count=21 21 32 21 27 22 22 21 22 22 20 21
internal_value=0.00110294 0.00851064 0.016129 -0.00280899 -0.00789474 0.00625 -0.00326087 0.000769231 -0.00681818 0.0256098 -0.00238095
internal_weight=272 94 62 178 114 64 92 65 44 41 42
internal_count=272 94 62 178 114 64 92 65 44 41 42
is_linear=0
shrinkage=0.05


Tree=424
num_leaves=10
num_cat=0
split_feature=12 10 12 10 10 12 12 12 12
split_gain=2.90916 7.76681 2.66941 4.27111 3.4824 1.86893 4.22427 1.85296 1.77778
threshold=35.500000000000007 76.500000000000014 29.500000000000004 67.500000000000014 54.500000000000007 19.500000000000004 22.500000000000004 11.500000000000002 45.500000000000007
decision_type=2 2 2 2 2 2 2 2 2
left_child=2 -2 4 -4 5 7 -7 -1 -3
right_child=1 8 3 -5 -6 6 -8 -9 -10
leaf_value=-2.0532971930276034e-05 5.5976058209950002e-06 -8.4335363537135777e-05 -4.9738358453765846e-05 1.0307108649065811e-05 7.0130850928507013e-05 -4.3522567903231393e-05 6.8267523920084734e-06 8.0794537963235779e-05 0.017710010734777983
leaf_weight=31 21 25 25 20 23 31 37 39 20
leaf_count=31 21 25 25 20 23 31 37 39 20
internal_value=0.00147059 0.0106061 -0.00145631 -0.0122222 0.0015528 -0.00144928 -0.00735294 0.00428571 -0.00111111
internal_weight=272 66 206 45 161 138 68 70 45
internal_count=272 66 206 45 161 138 68 70 45
is_linear=0
shrinkage=0.05


Tree=425
num_leaves=11
num_cat=0
split_feature=12 12 7 3 10 5 3 6 6 5
split_gain=3.11964 4.85964 2.99727 2.56358 2.36578 2.03532 1.64792 1.37724 1.3018 1.55878
threshold=32.500000000000007 39.500000000000007 1425000000.0000002 15.500000000000002 27.500000000000004 23.166666666666668 1.0000000180025095e-35 24.708333333333339 26.916666666666668 31.166666666666668
decision_type=2 2 2 2 2 2 2 2 2 2
left_child=3 2 7 6 -5 -6 -1 -2 -7 -10
right_child=1 -3 -4 4 5 8 -8 -9 9 -11
leaf_value=-4.1184059750065675e-06 9.3244074729881283e-06 -0.0017277010258691661 3.4189569245057784e-06 3.9860403099512003e-05 -0.00015811555627212039 4.6443453636690892e-06 6.092022274994946e-05 1.4955874207522868e-05 -3.0746745801302212e-05 -6.083983686444583e-06
leaf_weight=25 21 32 21 28 22 24 29 20 23 27
leaf_count=25 21 32 21 28 22 24 29 20 23 27
internal_value=0.00220588 0.00957447 0.0177419 -0.00168539 -0.00564516 -0.009375 0.00740741 0.0256098 -0.00540541 -0.01
internal_weight=272 94 62 178 124 96 54 41 74 50
internal_count=272 94 62 178 124 96 54 41 74 50
is_linear=0
shrinkage=0.05


Tree=426
num_leaves=10
num_cat=0
split_feature=12 12 7 12 12 10 12 5 6
split_gain=3.43871 4.85964 2.99727 1.96955 3.64979 4.60807 1.85296 1.80597 1.37724
threshold=32.500000000000007 39.500000000000007 1425000000.0000002 19.500000000000004 22.500000000000004 49.500000000000007 11.500000000000002 29.833333333333339 24.708333333333339
decision_type=2 2 2 2 2 2 2 2 2
left_child=3 2 8 6 -5 -6 -1 -7 -2
right_child=1 -3 -4 4 5 7 -8 -9 -10
leaf_value=-1.7968986043648274e-05 8.858187099392012e-06 -0.001641315974575619 3.2480090784048345e-06 -4.1140519209292851e-05 0.00037864976278267903 -4.264570186638395e-05 7.3708799927629798e-05 -3.8078324929102793e-05 1.4208080497191134e-05
leaf_weight=31 21 32 21 31 20 37 39 20 20
leaf_count=31 21 32 21 31 20 37 39 20 20
internal_value=0.00183824 0.00957447 0.0177419 -0.00224719 -0.00648148 -0.000649351 0.00428571 -0.00789474 0.0256098
internal_weight=272 94 62 178 108 77 70 57 41
internal_count=272 94 62 178 108 77 70 57 41
is_linear=0
shrinkage=0.05


Tree=427
num_leaves=9
num_cat=0
split_feature=12 12 12 12 12 12 12 12
split_gain=2.33521 3.60597 3.54353 4.22484 2.44109 4.07664 1.90162 1.83333
threshold=16.500000000000004 12.500000000000002 21.500000000000004 27.500000000000004 39.500000000000007 35.500000000000007 31.500000000000004 24.500000000000004
decision_type=2 2 2 2 2 2 2 2
left_child=1 -1 -2 7 5 6 -5 -4
right_child=2 -3 3 4 -6 -7 -8 -9
leaf_value=4.7124419732202943e-06 8.2005303834620246e-06 -0.00075479499035160382 1.6398730553301987e-05 0.00066854895808869945 -0.001559250175846927 7.7563197189434163e-06 -7.6330705143234923e-06 -6.419984774161947e-05
leaf_weight=37 37 20 22 24 32 34 34 32
leaf_count=37 37 20 22 24 32 34 34 32
internal_value=0.00110294 -0.00789474 0.00348837 0.000561798 0.00564516 0.00978261 0.00172414 -0.0111111
internal_weight=272 57 215 178 124 92 58 54
internal_count=272 57 215 178 124 92 58 54
is_linear=0
shrinkage=0.05


Tree=428
num_leaves=10
num_cat=1
split_feature=1 8 10 12 10 6 3 14 3
split_gain=2.31181 3.62963 4.3776 2.99944 6.11289 2.1 1.49486 1.22501 0.71243
threshold=0 1.0000000180025095e-35 36.500000000000007 32.500000000000007 30.000000000000004 24.708333333333339 20.500000000000004 530.00000000000011 26.500000000000004
decision_type=1 2 2 2 2 2 2 2 2
left_child=1 2 -1 4 -2 -5 -6 -8 -4
right_child=3 -3 8 5 6 -7 7 -9 -10
leaf_value=-0.00012782823219685825 0.00015445325600249582 -0.00023956759414360819 0.00010776310944882184 3.3638896322685244e-06 5.7088334752819498e-07 1.7665851233417129e-05 -9.4306570955549066e-06 -7.8470773004823968e-05 2.2967965940701164e-06
leaf_weight=23 30 36 27 32 31 28 22 21 22
leaf_count=23 30 36 27 32 31 28 22 21 22
internal_value=0.00220588 -0.00338983 0.00277778 0.00574713 0.000961538 0.015 -0.00675676 -0.0127907 0.0112245
internal_weight=272 108 72 164 104 60 74 43 49
internal_count=272 108 72 164 104 60 74 43 49
cat_boundaries=0 1
cat_threshold=864
is_linear=0
shrinkage=0.05


Tree=429
num_leaves=11
num_cat=1
split_feature=0 3 6 6 5 12 7 12 14 6
split_gain=2.38188 2.97259 2.05263 3.28205 3.05417 2.94772 1.88348 1.84924 1.82287 2.59286
threshold=0 22.500000000000004 19.100000000000005 23.183333333333337 26.833333333333339 26.500000000000004 1300000000.0000002 30.500000000000004 450.00000000000006 26.733333333333338
decision_type=9 2 2 2 2 2 2 2 2 2
left_child=1 7 6 -4 -5 -6 -2 -1 -3 -10
right_child=2 8 3 4 5 -7 -8 -9 9 -11
leaf_value=7.1164939885193232e-05 -5.3719999311141468e-07 8.2620367189534256e-06 9.4005713905076513e-05 -0.00064146383586445317 -3.5599480082648686e-05 7.1927576370178775e-05 -5.7361449596093911e-05 2.9872106226846997e-06 -5.074814106702519e-05 2.3245277292360813e-06
leaf_weight=27 23 23 26 21 26 31 25 22 20 28
leaf_count=27 23 23 26 21 26 31 25 22 20 28
internal_value=0.000367647 0.00538462 -0.0037037 0 -0.00512821 0.000877193 -0.0125 0.0153061 -0.000704225 -0.00625
internal_weight=272 120 152 104 78 57 48 49 71 48
internal_count=272 120 152 104 78 57 48 49 71 48
cat_boundaries=0 1
cat_threshold=452
is_linear=0
shrinkage=0.05


Tree=430
num_leaves=11
num_cat=1
split_feature=0 14 3 6 6 14 12 12 7 3
split_gain=1.99658 2.93889 3.55926 3.24 2.91667 1.45263 1.84821 2.72841 3.23 1.38947
threshold=0 490.00000000000006 20.500000000000004 26.366666666666671 27.083333333333339 490.00000000000006 16.500000000000004 23.500000000000004 1550000000.0000002 15.500000000000002
decision_type=9 2 2 2 2 2 2 2 2 2
left_child=1 4 -3 -4 -1 9 -7 -8 -9 -2
right_child=5 2 3 -5 -6 6 7 8 -10 -11
leaf_value=2.4158105143712308e-05 4.4142800424751275e-06 1.8707714151489087e-05 -0.00012522348165013852 3.5970422960218684e-06 -4.3855734721987007e-06 -8.5404509235109681e-06 0.00085629707582031151 5.7219790161866516e-05 -2.6147561860412341e-05 -0.00010064849180553282
leaf_weight=28 22 27 20 25 20 28 20 21 23 38
leaf_count=28 22 27 20 25 20 28 20 21 23 38
internal_value=0 0.00461538 -0.00138889 -0.01 0.0145833 -0.0037037 0 0.0046875 -0.00227273 -0.01
internal_weight=272 120 72 45 48 152 92 64 44 60
internal_count=272 120 72 45 48 152 92 64 44 60
cat_boundaries=0 1
cat_threshold=456
is_linear=0
shrinkage=0.05


Tree=431
num_leaves=11
num_cat=0
split_feature=12 7 5 3 5 6 10 5 5 6
split_gain=2.84766 4.56433 3.0689 1.88776 2.55335 3.48913 1.77289 1.2766 1.07765 0.535192
threshold=32.500000000000007 1300000000.0000002 24.166666666666668 15.500000000000002 24.166666666666668 28.916666666666668 42.500000000000007 33.416666666666679 23.833333333333339 22.416666666666668
decision_type=2 2 2 2 2 2 2 2 2 2
left_child=3 2 -2 6 9 -6 -1 -7 -3 -5
right_child=1 8 -4 4 5 7 -8 -9 -10 -11
leaf_value=6.190931483454066e-05 8.897779393457484e-06 5.1133979173556556e-06 9.0648572825813289e-06 -0.0001749288734826493 1.7292641503718899e-05 -3.60687761194356e-05 -2.3620299996274242e-05 -2.6012762575078341e-06 -4.6866034762871328e-05 -6.3588679011239435e-06
leaf_weight=28 22 20 29 21 36 27 26 20 23 20
leaf_count=28 22 20 29 21 36 27 26 20 23 20
internal_value=0.00147059 0.00851064 0.0186275 -0.00224719 -0.00564516 -0.00060241 0.00555556 -0.00957447 -0.00348837 -0.0158537
internal_weight=272 94 51 178 124 83 54 47 43 41
internal_count=272 94 51 178 124 83 54 47 43 41
is_linear=0
shrinkage=0.05


Tree=432
num_leaves=12
num_cat=1
split_feature=1 12 12 10 5 5 6 12 5 5 5
split_gain=2.58238 4.736 2.66442 2.32038 2.30149 6.47893 4.14216 4.21037 1.66759 0.58072 0.513124
threshold=0 32.500000000000007 13.500000000000002 80.500000000000014 23.833333333333339 18.416666666666668 26.733333333333338 25.500000000000004 27.833333333333339 11.083333333333334 24.416666666666668
decision_type=1 2 2 2 2 2 2 2 2 2 2
left_child=1 2 -1 4 5 9 -6 -8 -4 -2 -3
right_child=3 10 8 -5 6 -7 7 -9 -10 -11 -12
leaf_value=6.6600554407836296e-05 -6.4439920892667153e-07 5.2752186076965304e-05 -4.0824471654676843e-05 -0.00042342924697091888 5.6992968524038902e-05 -0.00011235823801785117 -2.4665490744801846e-05 4.9451891990237584e-06 5.7763975505054077e-06 7.47317435489947e-05 8.6116144185410807e-06
leaf_weight=22 20 20 24 22 20 31 22 26 23 21 21
leaf_count=22 20 20 24 22 20 31 22 26 23 21 21
internal_value=0.00110294 0.00666667 -0.000724638 -0.00290698 -0.000714286 -0.00694444 0.00588235 -0.00208333 -0.00744681 0.00609756 0.0207317
internal_weight=272 110 69 162 140 72 68 48 47 41 41
internal_count=272 110 69 162 140 72 68 48 47 41 41
cat_boundaries=0 1
cat_threshold=142
is_linear=0
shrinkage=0.05


Tree=433
num_leaves=10
num_cat=1
split_feature=0 10 3 3 10 8 14 10 5
split_gain=2.43203 2.2098 1.91802 2.5176 2.27478 2.61673 2.10069 1.70982 2.26471
threshold=0 67.500000000000014 22.500000000000004 29.500000000000004 69.500000000000014 1.0000000180025095e-35 530.00000000000011 34.500000000000007 26.833333333333339
decision_type=9 2 2 2 2 2 2 2 2
left_child=1 7 4 -4 5 -2 -5 -1 -9
right_child=2 -3 3 6 -6 -7 -8 8 -10
leaf_value=6.2285160248976019e-06 7.0995156371544965e-05 2.9571462481214897e-05 -2.0123643562230956e-05 -3.4085813361173224e-06 1.5762927416673733e-06 2.0188769693518794e-05 8.1810336975962628e-06 -4.3656931228941435e-05 2.0018973415236732e-05
leaf_weight=37 21 27 30 34 22 22 23 34 22
leaf_count=37 21 27 30 34 22 22 23 34 22
internal_value=0.00220588 -0.00307692 0.00617284 0.00172414 0.0130769 0.0197674 0.00789474 -0.00698925 -0.0125
internal_weight=272 120 152 87 65 43 57 93 56
internal_count=272 120 152 87 65 43 57 93 56
cat_boundaries=0 1
cat_threshold=561
is_linear=0
shrinkage=0.05


Tree=434
num_leaves=11
num_cat=1
split_feature=0 10 12 3 10 5 5 3 6 12
split_gain=3.32656 2.65163 5.2288 2.71148 3.5861 2.23869 4.80171 2.18182 1.74904 0.531401
threshold=0 61.500000000000007 39.500000000000007 30.500000000000004 42.500000000000007 24.166666666666668 27.833333333333339 18.500000000000004 19.100000000000005 27.500000000000004
decision_type=9 2 2 2 2 2 2 2 2 2
left_child=5 3 -3 4 8 7 -7 -1 -2 -8
right_child=1 2 -4 -5 -6 6 9 -9 -10 -11
leaf_value=1.9567812119181129e-05 -1.0189124678650075e-06 4.1335148079824081e-05 -0.0050019499850174403 -7.558084300596235e-05 -6.2934749680287891e-05 1.0352854399720002e-05 2.77109770809858e-06 -3.6887280006148165e-05 7.7937121787385877e-05 5.104180774750944e-06
leaf_weight=30 20 34 22 28 25 20 22 25 23 23
leaf_count=30 20 34 22 28 25 20 22 25 23 23
internal_value=0.00183824 -0.00308642 0.00535714 -0.00833333 -0.00294118 0.00769231 0.0146154 0.000909091 0.00581395 0.00555556
internal_weight=272 152 56 96 68 120 65 55 43 45
internal_count=272 152 56 96 68 120 65 55 43 45
cat_boundaries=0 1
cat_threshold=452
is_linear=0
shrinkage=0.05


Tree=435
num_leaves=11
num_cat=0
split_feature=12 3 10 12 12 10 6 5 3 10
split_gain=2.3123 4.22888 2.63416 1.90355 2.99721 2.74728 1.93099 1.6217 1.47368 1.33492
threshold=32.500000000000007 15.500000000000002 80.500000000000014 23.500000000000004 16.500000000000004 36.500000000000007 29.416666666666668 23.166666666666668 27.500000000000004 69.500000000000014
decision_type=2 2 2 2 2 2 2 2 2 2
left_child=3 -2 9 4 8 -6 7 -5 -1 -3
right_child=1 2 -4 6 5 -7 -8 -9 -10 -11
leaf_value=6.8151262081705971e-06 -2.1021070818960655e-05 2.6657881008418372e-06 -3.2037441089372011e-06 -0.00018761598591838792 3.734100509413807e-05 1.5365357759478115e-06 -2.5950783684969282e-05 4.308999705493477e-06 -0.00024786462971011504 1.4845391267215292e-05
leaf_weight=36 27 21 22 26 20 33 21 21 21 24
leaf_count=36 27 21 22 26 20 33 21 21 21 24
internal_value=0.00110294 0.00744681 0.0141791 -0.00224719 0.00181818 0.0103774 -0.00882353 -0.00319149 -0.00614035 0.0211111
internal_weight=272 94 67 178 110 53 68 47 57 45
internal_count=272 94 67 178 110 53 68 47 57 45
is_linear=0
shrinkage=0.05


Tree=436
num_leaves=11
num_cat=1
split_feature=0 5 6 14 14 5 12 5 6 10
split_gain=2.18512 1.76434 2.71385 2.19377 1.6 1.48796 2.7606 1.99775 3.07451 1.03704
threshold=0 24.166666666666668 26.916666666666668 530.00000000000011 530.00000000000011 26.500000000000004 26.500000000000004 22.416666666666668 19.100000000000005 50.500000000000007
decision_type=9 2 2 2 2 2 2 2 2 2
left_child=1 3 -3 -1 -4 7 -7 8 9 -2
right_child=5 2 4 -5 -6 6 -8 -9 -10 -11
leaf_value=1.0851400617806207e-05 -6.147206937257011e-07 1.5402897029304087e-05 -6.9618454783437753e-05 -4.6648679640348691e-05 4.1001259464046317e-06 -1.8005913547725072e-05 7.6556204516720078e-05 -0.00047535534222475917 0.00048324707723885753 -6.3389640987310267e-05
leaf_weight=32 27 25 20 23 20 28 31 25 20 21
leaf_count=32 27 25 20 23 20 28 31 25 20 21
internal_value=0.00220588 0.00692308 0.0130769 0.000909091 0.005 -0.00185185 0.00423729 -0.00591398 -0.00147059 -0.00833333
internal_weight=272 120 65 55 40 152 59 93 68 48
internal_count=272 120 65 55 40 152 59 93 68 48
cat_boundaries=0 1
cat_threshold=452
is_linear=0
shrinkage=0.05


Tree=437
num_leaves=12
num_cat=2
split_feature=0 6 5 3 10 6 2 3 7 6 7
split_gain=3.39755 2.19834 4.32134 1.99626 2.1645 1.7503 4.03333 2.5 1.90821 1.7415 1.11243
threshold=0 23.183333333333337 26.833333333333339 30.500000000000004 54.500000000000007 19.583333333333339 1 21.500000000000004 1300000000.0000002 19.583333333333339 1300000000.0000002
decision_type=9 2 2 2 2 2 9 2 2 2 2
left_child=1 9 -3 5 -5 8 -7 -8 -2 -1 -4
right_child=3 2 10 4 -6 6 7 -9 -10 -11 -12
leaf_value=2.0976358486812786e-05 5.230615610596346e-06 4.0807519062013854e-05 1.4632752177945463e-05 -0.00012428053404245354 1.2300037380974517e-05 0.0022289850805832681 -0.00018877438845361639 2.9432717117039432e-05 -4.186165734463288e-05 -2.6649948060697427e-05 -2.4858250798054374e-05
leaf_weight=21 24 23 27 22 20 20 20 20 26 28 21
leaf_count=21 24 23 27 22 20 20 20 20 26 28 21
internal_value=0.00257353 0.00846154 0.0147887 -0.00246914 -0.0119048 0.000909091 0.00666667 -0.0025 -0.006 0.00102041 0.00625
internal_weight=272 120 71 152 42 110 60 40 50 49 48
internal_count=272 120 71 152 42 110 60 40 50 49 48
cat_boundaries=0 1 2
cat_threshold=452 1
is_linear=0
shrinkage=0.05


Tree=438
num_leaves=10
num_cat=1
split_feature=0 12 12 12 5 5 6 3 12
split_gain=2.57856 3.26762 3.31157 2.62692 2.42358 3.26962 3.09664 2.2196 1.51363
threshold=0 30.500000000000004 36.500000000000007 22.500000000000004 26.500000000000004 23.500000000000004 21.583333333333339 35.500000000000007 23.500000000000004
decision_type=9 2 2 2 2 2 2 2 2
left_child=1 3 -3 -1 5 6 8 -6 -2
right_child=4 2 -4 -5 7 -7 -8 -9 -10
leaf_value=4.2147541511994289e-06 -1.9695908402894701e-06 -4.3376836189068514e-05 8.9164000662833587e-06 9.6273377937095009e-05 2.2091129178569702e-05 -6.3674629333920765e-05 0.00010967331352649268 -2.4754450621067293e-05 -5.0388983276761227e-05
leaf_weight=37 27 23 30 30 38 20 24 23 20
leaf_count=37 27 23 30 30 38 20 24 23 20
internal_value=0.00257353 0.00769231 -0.000943396 0.0156716 -0.00185185 -0.00714286 -0.00211268 0.0057377 -0.00957447
internal_weight=272 120 53 67 152 91 71 61 47
internal_count=272 120 53 67 152 91 71 61 47
cat_boundaries=0 1
cat_threshold=332
is_linear=0
shrinkage=0.05


Tree=439
num_leaves=11
num_cat=1
split_feature=0 7 10 3 3 10 12 7 3 6
split_gain=2.18512 3.50635 3.4381 4.76034 1.13821 1.0812 2.11675 3.0759 3.50635 2.81069
threshold=0 1550000000.0000002 74.500000000000014 22.500000000000004 34.500000000000007 67.500000000000014 23.500000000000004 1425000000.0000002 15.500000000000002 25.550000000000004
decision_type=9 2 2 2 2 2 2 2 2 2
left_child=1 2 3 -1 -5 6 7 8 -2 -8
right_child=5 -3 -4 4 -6 -7 9 -9 -10 -11
leaf_value=3.1112898600049733e-05 8.0703238928947492e-06 -2.6895854732345017e-05 -2.8599847771282329e-05 -1.8342249842540071e-06 4.0040164435595217e-06 1.3867720572058318e-05 -5.3113869406118398e-05 0.00034734104517211153 -0.0035799443773442798 1.8574286638539662e-06
leaf_weight=23 21 36 20 20 21 34 21 32 24 20
leaf_count=23 21 36 20 20 21 34 21 32 24 20
internal_value=0.00220588 0.00692308 0.0130952 0.01875 0.00853659 -0.00185185 -0.00423729 0.000649351 -0.00777778 -0.0134146
internal_weight=272 120 84 64 41 152 118 77 45 41
internal_count=272 120 84 64 41 152 118 77 45 41
cat_boundaries=0 1
cat_threshold=456
is_linear=0
shrinkage=0.05


Tree=440
num_leaves=11
num_cat=0
split_feature=12 12 12 3 12 12 12 12 5 5
split_gain=3.07832 6.55325 3.97835 3.11469 3.06027 3.10256 1.88161 3.29571 1.61731 1.15283
threshold=13.500000000000002 8.5000000000000018 27.500000000000004 10.500000000000002 39.500000000000007 32.500000000000007 19.500000000000004 22.500000000000004 24.166666666666668 25.583333333333339
decision_type=2 2 2 2 2 2 2 2 2 2
left_child=1 -1 6 -4 5 -5 -2 -8 -7 -9
right_child=2 -3 3 4 -6 8 7 9 -10 -11
leaf_value=-0.0012572255300042025 0.00014549548905322675 0.00014079854338504562 -1.8566893026061849e-05 -2.5167644148282878e-06 -0.00016085568626884595 5.3708587278933356e-06 -3.3949542296696226e-05 6.0122705841436644e-06 1.0139330204772534e-05 -2.8254611123657017e-06
leaf_weight=22 28 20 21 26 25 20 31 26 32 21
leaf_count=22 28 20 21 26 25 20 31 26 32 21
internal_value=0.00183824 0.0142857 -0.000434783 0.00564516 0.0092233 0.0141026 -0.00754717 -0.0115385 0.0211538 -0.00319149
internal_weight=272 42 230 124 103 78 106 78 52 47
internal_count=272 42 230 124 103 78 106 78 52 47
is_linear=0
shrinkage=0.05


Tree=441
num_leaves=11
num_cat=1
split_feature=0 7 12 5 5 14 3 7 3 5
split_gain=2.94257 3.96825 2.33728 3.57205 4.36364 2.361 2.14796 1.07037 0.935086 0.237863
threshold=0 1550000000.0000002 13.500000000000002 26.833333333333339 22.416666666666668 505.00000000000006 23.500000000000004 1300000000.0000002 15.500000000000002 28.833333333333339
decision_type=9 2 2 2 2 2 2 2 2 2
left_child=1 6 -2 4 5 -4 8 -5 -1 -8
right_child=2 -3 3 7 -6 -7 9 -9 -10 -11
leaf_value=4.4286788932978998e-06 0.00013262166353031902 -2.4631686910581152e-05 9.3642848129960047e-06 2.8387262214923939e-05 -0.00040052568934636492 -2.9876360753178235e-05 2.0405882605878389e-06 -3.2580470489484981e-06 5.3987821452761156e-05 1.7081863177281777e-07
leaf_weight=23 32 36 23 30 22 21 20 24 20 21
leaf_count=23 32 36 23 30 22 21 20 24 20 21
internal_value=0.00220588 0.00769231 -0.00246914 -0.00583333 -0.0136364 -0.00454545 0.0142857 0.0037037 0.022093 0.00609756
internal_weight=272 120 152 120 66 44 84 54 43 41
internal_count=272 120 152 120 66 44 84 54 43 41
cat_boundaries=0 1
cat_threshold=204
is_linear=0
shrinkage=0.05


Tree=442
num_leaves=10
num_cat=1
split_feature=1 3 6 6 12 7 3 10 5
split_gain=1.63774 2.8222 2.81667 4.82143 2.25072 2.11616 5.50137 2.07879 1.88758
threshold=0 33.500000000000007 23.083333333333339 19.100000000000005 22.500000000000004 1150000000.0000002 25.500000000000004 54.500000000000007 23.500000000000004
decision_type=1 2 2 2 2 2 2 2 2
left_child=2 5 3 -1 -4 6 -2 -3 -7
right_child=1 7 4 -5 -6 8 -8 -9 -10
leaf_value=-2.1878450093826274e-05 5.7159241536730578e-05 1.9294922728096966e-05 -3.3081820210956185e-05 0.0001303920599210695 -1.6812365108975769e-06 -5.3913147768724913e-05 -4.9232900834539354e-05 1.5841032495345075e-05 1.0872091002411822e-05
leaf_weight=28 37 20 22 20 38 39 23 22 23
leaf_count=28 37 20 22 20 38 39 23 22 23
internal_value=0.00220588 0.00517241 -0.00254237 0.00625 -0.01 0.00163934 0.00833333 0.0166667 -0.00483871
internal_weight=272 164 108 48 60 122 60 42 62
internal_count=272 164 108 48 60 122 60 42 62
cat_boundaries=0 1
cat_threshold=610
is_linear=0
shrinkage=0.05


Tree=443
num_leaves=10
num_cat=2
split_feature=1 10 12 10 12 10 12 8 2
split_gain=1.53646 4.45286 2.86711 2.25761 2.4636 1.99275 1.41176 1.33636 2.04901
threshold=0 76.500000000000014 22.500000000000004 74.500000000000014 19.500000000000004 23.500000000000004 29.500000000000004 1.0000000180025095e-35 1
decision_type=1 2 2 2 2 2 2 2 9
left_child=1 2 -1 4 5 -2 -4 8 -6
right_child=3 -3 6 -5 7 -7 -8 -9 -10
leaf_value=-2.548614853008502e-05 3.9425110227586657e-05 -0.00011201602718671212 5.31366296719682e-05 3.412137765241852e-05 -4.1119852527771174e-05 0.00016915374475217073 3.4606907988177227e-06 1.5702838759068528e-06 -4.7108644943172353e-06
leaf_weight=37 22 20 27 30 23 24 24 33 32
leaf_count=37 22 20 27 30 23 24 24 33 32
internal_value=0.00110294 -0.00338983 0.00113636 0.00402299 0.00149254 0.0108696 0.00882353 -0.00340909 -0.00818182
internal_weight=272 108 88 164 134 46 51 88 55
internal_count=272 108 88 164 134 46 51 88 55
cat_boundaries=0 1 2
cat_threshold=609 2
is_linear=0
shrinkage=0.05


Tree=444
num_leaves=10
num_cat=1
split_feature=1 6 5 5 10 5 12 5 3
split_gain=1.31114 3.39055 7.37524 3.95819 2.60741 2.31493 2.28511 2.19448 1.16965
threshold=0 21.583333333333339 25.166666666666668 16.833333333333339 76.500000000000014 29.166666666666668 22.500000000000004 32.500000000000007 22.500000000000004
decision_type=1 2 2 2 2 2 2 2 2
left_child=4 3 -3 -2 6 -4 -1 -7 -8
right_child=1 2 5 -5 -6 7 8 -9 -10
leaf_value=-2.4211841103571885e-05 2.2341670517178614e-06 8.7998661553667648e-05 -6.0256427141158754e-05 -2.3213190649507001e-05 -0.00010641522582730545 1.824735196045424e-05 7.6544143896484237e-05 -7.8205848054047072e-05 2.811320719775523e-06
leaf_weight=37 37 30 28 22 20 20 23 27 28
leaf_count=37 37 30 28 22 20 20 23 27 28
internal_value=0.000735294 0.00344828 0.00904762 -0.0059322 -0.00338983 0.000666667 0 0.00744681 0.00686275
internal_weight=272 164 105 59 108 75 88 47 51
internal_count=272 164 105 59 108 75 88 47 51
cat_boundaries=0 1
cat_threshold=609
is_linear=0
shrinkage=0.05


Tree=445
num_leaves=11
num_cat=2
split_feature=1 3 12 2 3 12 12 3 6 3
split_gain=1.78035 3.9357 4.03618 3.93472 3.46667 3.25528 3.19298 3.02212 2.22952 1.45455
threshold=0 37.500000000000007 33.500000000000007 1 31.500000000000004 25.500000000000004 35.500000000000007 19.500000000000004 24.583333333333339 17.500000000000004
decision_type=1 2 2 9 2 2 2 2 2 2
left_child=4 2 3 -2 6 9 7 -1 -4 -5
right_child=1 -3 8 5 -6 -7 -8 -9 -10 -11
leaf_value=7.9823927693567495e-06 0.000344575986714446 -3.332554510837582e-05 -4.28354903824868e-05 -0.00012061364523745511 2.1425044879164193e-05 7.3573267803617181e-05 5.8500391805438317e-06 -7.6365864337546446e-05 -8.6565882604361379e-07 1.8113468250646747e-05
leaf_weight=29 28 22 20 22 30 27 21 28 23 22
leaf_count=29 28 22 20 22 30 27 21 28 23 22
internal_value=0.000367647 -0.00287356 0 0.00555556 0.00508475 -0.000704225 0 -0.00614035 -0.0127907 -0.00909091
internal_weight=272 164 142 99 108 71 78 57 43 44
internal_count=272 164 142 99 108 71 78 57 43 44
cat_boundaries=0 1 2
cat_threshold=278 4
is_linear=0
shrinkage=0.05


Tree=446
num_leaves=11
num_cat=1
split_feature=1 3 5 10 12 3 6 5 10 6
split_gain=1.91404 4.65645 4.41829 3.07273 3.23597 2.30476 1.21951 0.871474 0.604181 0.252962
threshold=0 32.500000000000007 24.833333333333339 27.500000000000004 32.500000000000007 17.500000000000004 24.708333333333339 18.416666666666668 45.500000000000007 29.733333333333338
decision_type=1 2 2 2 2 2 2 2 2 2
left_child=1 2 7 -2 6 -6 8 -1 -5 -8
right_child=3 -3 -4 4 5 -7 9 -9 -10 -11
leaf_value=-1.1894304566162363e-06 0.00020471818468226211 -3.3218133133772201e-05 6.6959506786901107e-05 -1.2872593546298106e-05 -2.3696559615160596e-05 1.8181888773582956e-05 -7.4617879806915263e-05 -0.0001467387433082834 7.6354748644646978e-06 -5.8642127978014713e-05
leaf_weight=31 24 31 28 20 21 35 21 20 21 20
leaf_count=31 24 31 28 20 21 35 21 20 21 20
internal_value=0.000735294 -0.00416667 0.00189873 0.00406977 0.00144928 0.0107143 -0.00487805 -0.00686275 0.00121951 -0.0109756
internal_weight=272 110 79 162 138 56 82 51 41 41
internal_count=272 110 79 162 138 56 82 51 41 41
cat_boundaries=0 1
cat_threshold=616
is_linear=0
shrinkage=0.05


Tree=447
num_leaves=10
num_cat=1
split_feature=1 3 3 14 12 3 8 6 7
split_gain=2.17691 5.45624 4.39115 2.15458 1.82035 2.38388 1.74681 3.19508 2.52606
threshold=0 31.500000000000004 32.500000000000007 490.00000000000006 35.500000000000007 20.500000000000004 1.0000000180025095e-35 19.100000000000005 1300000000.0000002
decision_type=1 2 2 2 2 2 2 2 2
left_child=1 4 6 -4 5 -1 7 -2 -8
right_child=2 -3 3 -5 -6 -7 8 -9 -10
leaf_value=3.7004197579904032e-06 -6.9063560641957624e-06 1.7272794334743936e-05 -3.1801663526564996e-06 -3.1557226477119118e-05 6.7423652023279608e-06 -6.9216070926003686e-05 3.225568305094129e-05 7.224852609741817e-05 -7.8305151249935539e-05
leaf_weight=34 31 31 22 25 21 22 23 39 24
leaf_count=34 31 31 22 25 21 22 23 39 24
internal_value=0.000735294 0.0059322 -0.00287356 -0.0159574 -0.000649351 -0.00535714 0.00213675 0.00714286 -0.00531915
internal_weight=272 108 164 47 77 56 117 70 47
internal_count=272 108 164 47 77 56 117 70 47
cat_boundaries=0 1
cat_threshold=23
is_linear=0
shrinkage=0.05


Tree=448
num_leaves=11
num_cat=1
split_feature=1 3 3 14 12 3 10 10 12 10
split_gain=2.4739 5.45624 3.98611 2.15458 1.82035 2.38388 1.57621 2.30792 2.91382 1.08782
threshold=0 31.500000000000004 32.500000000000007 490.00000000000006 35.500000000000007 20.500000000000004 49.500000000000007 64.500000000000014 39.500000000000007 36.500000000000007
decision_type=1 2 2 2 2 2 2 2 2 2
left_child=1 4 6 -4 5 -1 9 -8 -9 -2
right_child=2 -3 3 -5 -6 -7 7 8 -10 -11
leaf_value=3.5153987701264102e-06 8.5722206113914023e-06 1.6409154617846868e-05 -3.0211580350325565e-06 -2.997936515320987e-05 6.4052469422648531e-06 -6.5755267379685731e-05 -1.0066905031358431e-05 1.4713600180726872e-05 -0.0050319064958792127 0.00027338712804443334
leaf_weight=34 29 31 22 25 21 22 26 21 20 21
leaf_count=34 29 31 22 25 21 22 26 21 20 21
internal_value=0.000367647 0.0059322 -0.00344828 -0.0159574 -0.000649351 -0.00535714 0.00128205 -0.00373134 0.00365854 0.008
internal_weight=272 108 164 47 77 56 117 67 41 50
internal_count=272 108 164 47 77 56 117 67 41 50
cat_boundaries=0 1
cat_threshold=23
is_linear=0
shrinkage=0.05


Tree=449
num_leaves=10
num_cat=1
split_feature=1 3 3 14 14 3 12 3 10
split_gain=3.11758 5.45624 3.23481 2.46778 2.15458 2.09655 1.82035 2.38388 1.44837
threshold=0 31.500000000000004 32.500000000000007 490.00000000000006 490.00000000000006 21.500000000000004 35.500000000000007 20.500000000000004 49.500000000000007
decision_type=1 2 2 2 2 2 2 2 2
left_child=1 6 3 8 -4 -5 7 -1 -2
right_child=2 -3 4 5 -6 -7 -8 -9 -10
leaf_value=3.3396288316112078e-06 8.1436095808129491e-06 1.5588696886936759e-05 -2.8701001332009927e-06 2.8623965584273495e-05 -2.8480396895602669e-05 0.00049632104068155771 6.0849845951338468e-06 -6.2467504010754746e-05 -6.6437720589007661e-06
leaf_weight=34 23 31 22 38 25 20 21 22 36
leaf_count=34 23 31 22 38 25 20 21 22 36
internal_value=-0.000367647 0.0059322 -0.0045977 -0.00042735 -0.0159574 0.00689655 -0.000649351 -0.00535714 -0.00762712
internal_weight=272 108 164 117 47 58 77 56 59
internal_count=272 108 164 117 47 58 77 56 59
cat_boundaries=0 1
cat_threshold=23
is_linear=0
shrinkage=0.05


Tree=450
num_leaves=10
num_cat=2
split_feature=1 3 3 3 3 14 2 10 5
split_gain=2.18637 4.74074 3.90086 3.00687 3.92 1.90717 1.58113 2.49428 0.9
threshold=0 29.500000000000004 30.500000000000004 20.500000000000004 11.500000000000002 490.00000000000006 1 49.500000000000007 22.416666666666668
decision_type=1 2 2 2 2 2 9 2 2
left_child=1 3 6 4 -1 -4 8 -8 -2
right_child=2 -3 5 -5 -6 -7 7 -9 -10
leaf_value=-4.1967044383461885e-05 -1.1087785434149568e-05 1.2317758506652511e-05 -4.1752911556613979e-06 -4.473029252975991e-05 6.7601406504635975e-05 -2.1528452583918779e-05 0.00010996996040626429 -2.3995979514523924e-06 1.3378582949652441e-05
leaf_weight=25 20 36 25 22 25 28 34 37 20
leaf_count=25 20 36 25 22 25 28 34 37 20
internal_value=-0.00110294 0.00423729 -0.0045977 -0.00277778 0.004 -0.0160377 0.00045045 0.00492958 -0.0075
internal_weight=272 108 164 72 50 53 111 71 40
internal_count=272 108 164 72 50 53 111 71 40
cat_boundaries=0 1 2
cat_threshold=23 1
is_linear=0
shrinkage=0.05


Tree=451
num_leaves=11
num_cat=0
split_feature=12 12 12 3 12 12 12 6 14 6
split_gain=1.92362 4.17493 2.683 2.31512 1.75325 2.14286 1.6901 3.875 1.27201 0.9
threshold=19.500000000000004 27.500000000000004 23.500000000000004 10.500000000000002 8.5000000000000018 13.500000000000002 33.500000000000007 24.583333333333339 490.00000000000006 22.416666666666668
decision_type=2 2 2 2 2 2 2 2 2 2
left_child=4 2 9 -3 -1 -6 -5 -8 -9 -2
right_child=1 3 -4 6 5 -7 7 8 -10 -11
leaf_value=-0.0012052560767205735 1.4721471868206493e-06 -2.094115178330469e-05 -2.0452029954665108e-05 0.00016643644432754457 0.00010581683801049736 0.00010447146238599104 -2.5867389157241406e-05 1.0412240700219401e-05 6.4505265271463941e-06 -1.508040014686074e-05
leaf_weight=22 20 21 38 37 20 28 25 21 20 20
leaf_count=22 20 21 38 37 20 28 25 21 20 20
internal_value=0 -0.00247525 -0.0115385 0.00322581 0.00714286 0.0125 0.00631068 0.00151515 0.0109756 -0.0025
internal_weight=272 202 78 124 70 48 103 66 41 40
internal_count=272 202 78 124 70 48 103 66 41 40
is_linear=0
shrinkage=0.05


Tree=452
num_leaves=11
num_cat=2
split_feature=5 0 2 12 12 6 12 14 3 3
split_gain=1.74336 2.74939 3.7684 3.32157 3.10049 3.62963 3.38162 2.61633 1.92358 0.446714
threshold=34.833333333333336 0 1 13.500000000000002 27.500000000000004 22.100000000000005 33.500000000000007 490.00000000000006 26.500000000000004 22.500000000000004
decision_type=2 9 9 2 2 2 2 2 2 2
left_child=1 2 -1 -3 5 -5 -6 -4 -9 -8
right_child=-2 3 7 4 6 -7 9 8 -10 -11
leaf_value=1.3909476637508079e-05 2.3245807846450364e-05 6.3715154255117315e-05 -2.5611835136896133e-05 -8.2743509214111558e-06 0.00034082130225625566 -0.00010638078211879788 -6.0935370827408521e-06 5.228550703755275e-05 -7.6725777337749441e-06 -1.4226430822716907e-05
leaf_weight=37 24 21 30 27 22 27 20 21 20 23
leaf_count=37 24 21 30 27 22 27 20 21 20 23
internal_value=-0.000367647 -0.0016129 0.00423729 -0.006 -0.00966387 -0.0185185 -0.00230769 -0.00211268 0.00609756 -0.0104651
internal_weight=272 248 108 140 119 54 65 71 41 43
internal_count=272 248 108 140 119 54 65 71 41 43
cat_boundaries=0 1 2
cat_threshold=340 4
is_linear=0
shrinkage=0.05


Tree=453
num_leaves=10
num_cat=2
split_feature=1 5 10 12 3 8 5 2 5
split_gain=2.4739 4.60585 4.04322 2.29496 4.07436 2.26685 2.25989 3.22744 1.74545
threshold=0 27.500000000000004 32.500000000000007 27.500000000000004 26.500000000000004 1.0000000180025095e-35 16.833333333333339 1 33.166666666666679
decision_type=1 2 2 2 2 2 2 9 2
left_child=3 2 -2 4 -1 -5 -4 -8 -3
right_child=1 8 6 5 -6 -7 7 -9 -10
leaf_value=-5.2644063601725577e-06 4.5985082489208295e-05 3.2844115369634608e-05 4.0330082503814429e-06 1.5483489508483218e-05 -0.0001227555299937677 -1.1596149946058177e-06 -1.8746431860261483e-05 -7.4907777229071831e-06 2.500731080878893e-06
leaf_weight=34 30 33 26 28 21 25 20 33 22
leaf_count=34 30 33 26 28 21 25 20 33 22
internal_value=-0.000367647 0.00344828 -0.00229358 -0.0059322 -0.0136364 0.000943396 -0.00822785 -0.0141509 0.0154545
internal_weight=272 164 109 108 55 53 79 53 55
internal_count=272 164 109 108 55 53 79 53 55
cat_boundaries=0 1 2
cat_threshold=736 2
is_linear=0
shrinkage=0.05


Tree=454
num_leaves=9
num_cat=2
split_feature=5 1 3 3 2 12 3 14
split_gain=2.41855 2.17904 3.9167 3.55643 2.21201 1.5183 3.04088 1.3494
threshold=34.416666666666679 0 30.500000000000004 31.500000000000004 1 32.500000000000007 19.500000000000004 505.00000000000006
decision_type=2 1 2 2 9 2 2 2
left_child=1 3 4 5 -3 6 -1 -6
right_child=-2 2 -4 -5 7 -7 -8 -9
leaf_value=4.07600836336286e-06 1.1735558050762762e-05 -1.1192279938043726e-05 -2.2036196866714876e-05 1.2939963563596281e-05 -1.1016342448044726e-06 3.5867073123085904e-06 -7.062494601628444e-05 0.00010341172723569159
leaf_weight=33 28 31 34 29 31 33 28 25
leaf_count=33 28 31 34 29 31 33 28 25
internal_value=0.000367647 -0.00122951 -0.00572519 0.00338346 -0.000574713 -0.00106383 -0.0057377 0.00535714
internal_weight=272 244 121 123 87 94 61 56
internal_count=272 244 121 123 87 94 61 56
cat_boundaries=0 1 2
cat_threshold=279 1
is_linear=0
shrinkage=0.05


Tree=455
num_leaves=10
num_cat=0
split_feature=5 6 10 7 6 7 5 10 12
split_gain=2.86669 2.21364 2.13595 2.55059 2.06597 1.95014 2.44034 4.61288 1.85276
threshold=29.166666666666668 26.916666666666668 71.500000000000014 1150000000.0000002 24.583333333333339 800000000.00000012 22.416666666666668 67.500000000000014 23.500000000000004
decision_type=2 2 2 2 2 2 2 2 2
left_child=1 4 3 -2 5 -1 7 8 -7
right_child=2 -3 -4 -5 -6 6 -8 -9 -10
leaf_value=2.830953848231843e-06 -1.5919769983518962e-05 -3.7436616333774712e-05 1.4442568174288795e-05 4.5571761916107793e-06 9.8241140873867039e-05 -5.7493550503551208e-06 -1.0846130865260762e-05 3.9053652370668601e-05 -4.3248982043042619e-05
leaf_weight=21 20 26 22 37 27 39 35 25 20
leaf_count=21 20 26 22 37 27 39 35 25 20
internal_value=0.00147059 -0.00181347 0.00949367 0.00438596 0.000299401 -0.00214286 -0.00462185 0 -0.00762712
internal_weight=272 193 79 57 167 140 119 84 59
internal_count=272 193 79 57 167 140 119 84 59
is_linear=0
shrinkage=0.05


Tree=456
num_leaves=11
num_cat=0
split_feature=5 12 12 3 3 12 6 5 5 7
split_gain=2.68084 1.74507 2.5 1.84766 2.09554 1.66984 5.01961 5.9521 4.08265 1.5291
threshold=34.416666666666679 13.500000000000002 8.5000000000000018 10.500000000000002 36.500000000000007 37.500000000000007 26.733333333333338 23.833333333333339 18.416666666666668 1425000000.0000002
decision_type=2 2 2 2 2 2 2 2 2 2
left_child=1 2 -1 9 5 6 7 8 -5 -3
right_child=-2 3 -4 4 -6 -7 -8 -9 -10 -11
leaf_value=-0.011659063179029894 1.0673786539072694e-05 -3.3743358340743158e-05 9.7136227461991353e-05 3.7100969752046359e-05 -1.3939145276786747e-05 1.0348892887179773e-05 -5.0965675022318638e-05 2.3797125988522796e-05 -1.7325923355926422e-05 -8.4702168390293764e-06
leaf_weight=20 28 27 20 21 23 31 34 22 25 21
leaf_count=20 28 27 20 21 23 31 34 22 25 21
internal_value=-0.000367647 -0.00204918 0.0075 -0.00392157 -0.00128205 0.00112782 -0.00196078 0.00588235 -0.00434783 -0.0125
internal_weight=272 244 40 204 156 133 102 68 46 48
internal_count=272 244 40 204 156 133 102 68 46 48
is_linear=0
shrinkage=0.05


Tree=457
num_leaves=10
num_cat=0
split_feature=5 5 5 6 6 12 10 5 10
split_gain=3.41622 2.93883 2.66825 1.88849 1.72987 2.47884 1.40967 2.75457 1.43575
threshold=29.166666666666668 32.500000000000007 34.833333333333336 26.916666666666668 22.583333333333339 30.500000000000004 32.500000000000007 16.166666666666668 68.500000000000014
decision_type=2 2 2 2 2 2 2 2 2
left_child=3 -2 -3 4 6 -6 -1 -8 -9
right_child=1 2 -4 -5 5 -7 7 8 -10
leaf_value=1.2943415197241849e-05 1.0177863619986738e-05 -4.9049300963233126e-05 2.0550374755146096e-05 -3.6155212943622671e-05 6.8127771708326182e-05 -2.1947688336609874e-05 4.1489795505000876e-06 -2.5442883957182972e-05 -2.2683335050288633e-06
leaf_weight=25 34 21 24 26 34 21 38 29 20
leaf_count=25 34 21 24 26 34 21 38 29 20
internal_value=0.000735294 0.00949367 0.00111111 -0.00284974 -0.000898204 0.00636364 -0.00446429 -0.00747126 -0.0153061
internal_weight=272 79 45 193 167 55 112 87 49
internal_count=272 79 45 193 167 55 112 87 49
is_linear=0
shrinkage=0.05


Tree=458
num_leaves=11
num_cat=1
split_feature=5 12 5 12 6 2 5 14 3 10
split_gain=4.09651 2.18312 1.8722 3.50061 2.13019 2.54613 1.36848 1.1938 0.223229 0.1
threshold=26.500000000000004 32.500000000000007 22.416666666666668 25.500000000000004 18.633333333333336 0 31.416666666666668 530.00000000000011 5.5000000000000009 76.500000000000014
decision_type=2 2 2 2 2 9 2 2 2 2
left_child=2 6 4 -4 5 -1 -2 -6 -7 -3
right_child=1 9 3 -5 7 8 -8 -9 -10 -11
leaf_value=-4.1099779865660935e-05 1.7023926838000138e-06 2.246229660762822e-06 3.8169896514617108e-06 -1.8749440259036021e-05 0.0001308978607987399 -5.3563212516039023e-06 -1.5760258400732142e-05 6.1808893652148811e-06 3.9415305730372552e-06 1.2090460992908448e-05
leaf_weight=23 37 20 25 30 21 21 33 22 20 20
leaf_count=23 37 20 25 30 21 21 33 22 20 20
internal_value=0.000735294 0.00818182 -0.00432099 -0.0118182 -0.00046729 -0.00625 0.00285714 0.00813953 0.00121951 0.0175
internal_weight=272 110 162 55 107 64 70 43 41 40
internal_count=272 110 162 55 107 64 70 43 41 40
cat_boundaries=0 1
cat_threshold=1
is_linear=0
shrinkage=0.05


Tree=459
num_leaves=12
num_cat=1
split_feature=5 12 14 10 7 2 3 10 6 3 10
split_gain=3.70199 2.18312 2.13675 1.84136 1.60034 2.72306 2.08333 1.41538 1.28444 1.21212 0.1
threshold=26.500000000000004 32.500000000000007 450.00000000000006 52.500000000000007 1550000000.0000002 0 16.500000000000004 49.500000000000007 20.366666666666671 35.500000000000007 76.500000000000014
decision_type=2 2 2 2 2 9 2 2 2 2 2
left_child=2 3 8 9 5 -4 -7 -6 -1 -2 -3
right_child=1 10 4 -5 7 6 -8 -9 -10 -11 -12
leaf_value=-3.669933674643744e-06 0.00010222374279571511 2.1339181776269812e-06 1.2564060499986596e-05 -2.5221617617798844e-05 0.00021827971195813591 -3.5239207879111947e-05 -8.7530486609033172e-06 -3.4726409030128025e-05 2.1479427536785779e-05 -7.4043134651091694e-06 1.148593794333408e-05
leaf_weight=25 24 20 23 26 20 24 24 26 20 20 20
leaf_count=25 24 20 23 26 20 24 24 26 20 20 20
internal_value=0.00110294 0.00818182 -0.0037037 0.00285714 -0.00726496 -0.0119718 -0.01875 0 0.00555556 0.00909091 0.0175
internal_weight=272 110 162 70 117 71 48 46 45 44 40
internal_count=272 110 162 70 117 71 48 46 45 44 40
cat_boundaries=0 1
cat_threshold=2
is_linear=0
shrinkage=0.05


Tree=460
num_leaves=10
num_cat=0
split_feature=5 5 12 12 6 3 3 14 10
split_gain=3.70199 2.19318 3.50061 2.18312 1.69269 2.90827 1.36848 1.1938 0.1
threshold=26.500000000000004 22.416666666666668 25.500000000000004 32.500000000000007 18.633333333333336 8.5000000000000018 33.500000000000007 530.00000000000011 76.500000000000014
decision_type=2 2 2 2 2 2 2 2 2
left_child=1 4 -3 6 5 -1 -2 -6 -5
right_child=3 2 -4 8 7 -7 -8 -9 -10
leaf_value=1.4247489367846811e-06 -4.0625552690798372e-06 5.3624606204394354e-06 -1.7907243542136798e-05 2.0272222686301689e-06 0.00012327899638195917 -3.86071384394171e-05 1.987488722843267e-06 6.4259036101077527e-06 1.0911641046007504e-05
leaf_weight=39 33 25 30 20 21 25 37 22 20
leaf_count=39 33 25 30 20 21 25 37 22 20
internal_value=0.00110294 -0.0037037 -0.0118182 0.00818182 0.00046729 -0.0046875 0.00285714 0.00813953 0.0175
internal_weight=272 162 55 110 107 64 70 43 40
internal_count=272 162 55 110 107 64 70 43 40
is_linear=0
shrinkage=0.05


Tree=461
num_leaves=11
num_cat=0
split_feature=5 12 7 7 12 8 3 3 3 10
split_gain=2.63826 2.18312 1.8163 1.98372 3.38903 2.76051 1.36848 0.9909 0.681818 0.1
threshold=26.500000000000004 32.500000000000007 1150000000.0000002 1425000000.0000002 22.500000000000004 1.0000000180025095e-35 33.500000000000007 19.500000000000004 19.500000000000004 76.500000000000014
decision_type=2 2 2 2 2 2 2 2 2 2
left_child=2 6 8 4 -4 7 -2 -5 -1 -3
right_child=1 9 3 5 -6 -7 -8 -9 -10 -11
leaf_value=2.3673744869778801e-05 -3.8594275055814364e-06 1.9258611553496508e-06 -3.8033921478408673e-05 8.5612170885518429e-05 -2.9056365171697962e-06 -6.0730068473979772e-05 1.8881142866966627e-06 -5.2735774653811522e-07 -7.7167034604030966e-06 1.0366058993582784e-05
leaf_weight=24 33 20 22 23 31 22 37 20 20 20
leaf_count=24 33 20 22 23 31 22 37 20 20 20
internal_value=0.00220588 0.00818182 -0.00185185 -0.00508475 -0.0122642 0.000769231 0.00285714 0.00813953 0.00681818 0.0175
internal_weight=272 110 162 118 53 65 70 43 44 40
internal_count=272 110 162 118 53 65 70 43 44 40
is_linear=0
shrinkage=0.05


Tree=462
num_leaves=11
num_cat=0
split_feature=12 12 12 10 7 5 14 6 12 12
split_gain=1.86883 4.96074 4.7284 3.66178 1.63333 2.5 1.37143 2.51905 1.35087 1.25952
threshold=29.500000000000004 22.500000000000004 19.500000000000004 67.500000000000014 1150000000.0000002 23.833333333333339 450.00000000000006 22.100000000000005 8.5000000000000018 13.500000000000002
decision_type=2 2 2 2 2 2 2 2 2 2
left_child=1 2 8 -2 -3 -6 -5 -8 -1 -10
right_child=3 4 -4 6 5 -7 7 -9 9 -11
leaf_value=-0.00085537521984799811 -1.4403080584912687e-05 1.0152836217880436e-05 -3.0235510125820042e-05 1.4474931456121e-06 0.00012090911462987465 5.9087967939142065e-05 7.3158399794692747e-05 -4.8839540864165092e-05 7.5722310764758671e-05 8.8634026773970484e-05
leaf_weight=22 31 20 31 24 20 20 21 35 20 28
leaf_count=22 31 20 31 24 20 20 21 35 20 28
internal_value=0.00183824 0.0052795 -0.00148515 -0.00315315 0.0166667 0.0225 0.0025 -0.00178571 0.00571429 0.0104167
internal_weight=272 161 101 111 60 40 80 56 70 48
internal_count=272 161 101 111 60 40 80 56 70 48
is_linear=0
shrinkage=0.05


Tree=463
num_leaves=10
num_cat=0
split_feature=5 3 5 12 3 3 12 6 6
split_gain=2.29246 3.04963 2.03919 4.10501 1.92008 1.42245 2.73667 1.33333 1.18154
threshold=34.416666666666679 37.500000000000007 26.500000000000004 32.500000000000007 21.500000000000004 10.500000000000002 24.500000000000004 23.183333333333337 20.366666666666671
decision_type=2 2 2 2 2 2 2 2 2
left_child=1 2 4 -4 5 6 -1 -6 -7
right_child=-2 -3 3 -5 7 8 -8 -9 -10
leaf_value=5.2603994765476617e-06 9.0216334768022936e-06 -1.1839117830358959e-05 -2.1546806241445893e-06 9.5240883757341521e-06 -1.6733609817798367e-06 -7.3828903518258219e-06 -3.8536803560340621e-05 -6.7012810593691793e-05 6.6291681313934705e-05
leaf_weight=28 28 27 39 24 30 24 26 20 26
leaf_count=28 28 27 39 24 30 24 26 20 26
internal_value=0.000735294 -0.000819672 0.00115207 0.00873016 -0.00194805 0.00192308 -0.0037037 -0.01 0.008
internal_weight=272 244 217 63 154 104 54 50 50
internal_count=272 244 217 63 154 104 54 50 50
is_linear=0
shrinkage=0.05


Tree=464
num_leaves=10
num_cat=1
split_feature=5 1 10 5 6 3 14 6 5
split_gain=2.41855 2.17904 3.19861 4.08 4.73525 3.10303 2.56489 3.46485 5.08093
threshold=34.416666666666679 0 74.500000000000014 28.166666666666668 21.583333333333339 7.5000000000000009 490.00000000000006 22.100000000000005 28.833333333333339
decision_type=2 1 2 2 2 2 2 2 2
left_child=1 2 3 4 5 -1 -3 -8 -9
right_child=-2 6 -4 -5 -6 -7 7 8 -10
leaf_value=5.2896372963573419e-06 8.5705518030110287e-06 -3.1254844366745972e-05 3.6006985920167271e-05 -5.9690321283056846e-05 3.4907736021771996e-05 -1.8075679827367352e-05 7.1427319982930729e-05 -9.2648448056031904e-05 7.5737174235257502e-06
leaf_weight=20 28 24 21 27 31 24 35 38 24
leaf_count=20 28 24 21 27 31 24 35 38 24
internal_value=0.000367647 -0.00122951 0.00338346 0 0.006 -0.00454545 -0.00572519 -0.00257732 -0.00967742
internal_weight=272 244 123 102 75 44 121 97 62
internal_count=272 244 123 102 75 44 121 97 62
cat_boundaries=0 1
cat_threshold=410
is_linear=0
shrinkage=0.05


Tree=465
num_leaves=11
num_cat=0
split_feature=5 12 12 5 10 10 6 6 3 12
split_gain=2.86669 3.52311 3.29818 2.93913 2.39296 1.70465 1.7 4.36545 1.33385 1.15714
threshold=29.166666666666668 30.500000000000004 32.500000000000007 22.833333333333339 52.500000000000007 51.500000000000007 23.750000000000004 21.083333333333339 7.5000000000000009 37.500000000000007
decision_type=2 2 2 2 2 2 2 2 2 2
left_child=1 4 5 9 6 -2 7 8 -1 -3
right_child=2 3 -4 -5 -6 -7 -8 -9 -10 -11
leaf_value=1.2347547483138045e-06 1.8522047675162412e-05 -9.7390633129634817e-06 8.0687064668794047e-06 -4.7308872723483834e-05 6.3801551913389429e-05 -5.7560515266708029e-05 -2.3701081887939069e-05 1.8837405009097809e-05 -9.1615818028678578e-05 9.6940334844042308e-05
leaf_weight=26 27 21 32 24 22 20 30 22 24 24
leaf_count=26 27 21 32 24 22 20 30 22 24 24
internal_value=0.00147059 -0.00181347 0.00949367 -0.0108696 0.00322581 0.00106383 0 0.00416667 -0.004 -0.00333333
internal_weight=272 193 79 69 124 47 102 72 50 45
internal_count=272 193 79 69 124 47 102 72 50 45
is_linear=0
shrinkage=0.05


Tree=466
num_leaves=10
num_cat=0
split_feature=5 3 7 12 3 3 5 12 10
split_gain=3.25835 3.47205 3.68584 2.65826 2.43445 5.31868 2.03576 1.38528 0.934437
threshold=29.166666666666668 28.500000000000004 1150000000.0000002 32.500000000000007 20.500000000000004 11.500000000000002 25.166666666666668 24.500000000000004 51.500000000000007
decision_type=2 2 2 2 2 2 2 2 2
left_child=1 2 -1 8 5 7 -3 -4 -2
right_child=3 6 4 -5 -6 -7 -8 -9 -10
leaf_value=8.8524339051954123e-05 1.7595945291404293e-05 -2.6136677675481226e-07 -1.5183623176451279e-05 7.6652711436864255e-06 -2.2625297777345568e-05 4.5242137099599236e-05 -0.00026368734833557287 -3.844454028234523e-05 -5.468248950339927e-05
leaf_weight=38 27 21 20 32 33 36 23 22 20
leaf_count=38 27 21 20 32 33 36 23 22 20
internal_value=0.00220588 -0.00129534 0.00234899 0.0107595 -0.00225225 0.0025641 -0.0136364 -0.00952381 0.00319149
internal_weight=272 193 149 79 111 78 44 42 47
internal_count=272 193 149 79 111 78 44 42 47
is_linear=0
shrinkage=0.05


Tree=467
num_leaves=10
num_cat=0
split_feature=5 12 5 12 10 14 5 3 6
split_gain=3.52244 3.73457 4.47103 2.33242 2.30211 2.18788 1.09609 0.512121 0.209059
threshold=26.500000000000004 23.500000000000004 22.416666666666668 16.500000000000004 67.500000000000014 530.00000000000011 30.166666666666668 32.500000000000007 21.708333333333339
decision_type=2 2 2 2 2 2 2 2 2
left_child=1 3 4 8 -3 6 -2 -7 -1
right_child=5 2 -4 -5 -6 7 -8 -9 -10
leaf_value=-1.9973622260494041e-05 1.2456673976046773e-05 -4.601540437931817e-05 -4.7075863072620907e-06 3.1999109350699939e-05 2.5602389203882583e-05 6.1252730377603374e-06 -8.6833017718390695e-07 1.031581636805612e-05 -9.1647910838155155e-07
leaf_weight=21 27 25 33 31 32 20 39 24 20
leaf_count=21 27 25 33 31 32 20 39 24 20
internal_value=0.000367647 -0.00432099 -0.0111111 0.00416667 -0.00263158 0.00727273 0.00151515 0.0159091 -0.00365854
internal_weight=272 162 90 72 57 110 66 44 41
internal_count=272 162 90 72 57 110 66 44 41
is_linear=0
shrinkage=0.05


Tree=468
num_leaves=10
num_cat=0
split_feature=5 5 14 6 5 7 5 6 3
split_gain=3.52244 4.23457 2.18788 1.93846 2.02616 1.14966 1.09609 1.00087 0.512121
threshold=26.500000000000004 23.500000000000004 530.00000000000011 21.708333333333339 15.333333333333334 1300000000.0000002 30.166666666666668 19.583333333333339 32.500000000000007
decision_type=2 2 2 2 2 2 2 2 2
left_child=1 3 6 4 5 -1 -2 -6 -4
right_child=2 -3 8 -5 7 -7 -8 -9 -10
leaf_value=-9.3407290370439724e-06 1.1833840277297726e-05 -4.2238177377029734e-06 5.8190093858101482e-06 3.700044252319401e-05 -0.00023546326458396828 7.4091853157653988e-06 -8.2491366839576594e-07 -1.1253377674336208e-05 9.8000255496444324e-06
leaf_weight=28 27 36 20 35 20 21 39 22 24
leaf_count=28 27 36 20 35 20 21 39 22 24
internal_value=0.000367647 -0.00432099 0.00727273 0 -0.00384615 0.00306122 0.00151515 -0.0119048 0.0159091
internal_weight=272 162 110 126 91 49 66 42 44
internal_count=272 162 110 126 91 49 66 42 44
is_linear=0
shrinkage=0.05


Tree=469
num_leaves=11
num_cat=2
split_feature=0 12 12 5 3 2 12 5 5 3
split_gain=2.45416 2.88 2.71858 1.98772 4.75396 2.73221 1.82767 1.6099 1.29078 0.505561
threshold=0 29.500000000000004 22.500000000000004 28.833333333333339 21.500000000000004 1 35.500000000000007 24.833333333333339 17.500000000000004 31.500000000000004
decision_type=9 2 2 2 2 9 2 2 2 2
left_child=1 2 7 4 5 -2 -3 -1 -7 -5
right_child=3 6 -4 9 -6 8 -8 -9 -10 -11
leaf_value=-8.4191183031823158e-06 0.00027855276341490768 -0.00010348933701465057 0.00040466508208441003 -3.7647346626812352e-07 -2.4944010482030876e-05 -2.212167760440309e-06 2.9158664574424621e-06 8.2220902953711322e-05 -0.00022046335958627596 9.7442913091327916e-06
leaf_weight=22 29 22 28 20 33 26 23 25 21 23
leaf_count=22 29 22 28 20 33 26 23 25 21 23
internal_value=0.00110294 0.00615385 0.0126667 -0.00308642 -0.00688073 0 -0.00333333 0.00531915 -0.00744681 0.00581395
internal_weight=272 120 75 152 109 76 45 47 47 43
internal_count=272 120 75 152 109 76 45 47 47 43
cat_boundaries=0 1 2
cat_threshold=284 1
is_linear=0
shrinkage=0.05


Tree=470
num_leaves=10
num_cat=0
split_feature=12 12 12 3 3 6 12 12 14
split_gain=1.56833 3.7313 3.93311 2.07491 2.49191 3.66013 1.35087 1.25952 0.86689
threshold=19.500000000000004 27.500000000000004 24.500000000000004 10.500000000000002 21.500000000000004 27.083333333333339 8.5000000000000018 13.500000000000002 505.00000000000006
decision_type=2 2 2 2 2 2 2 2 2
left_child=6 2 8 -3 -5 -6 -1 -8 -2
right_child=1 3 -4 4 5 -7 7 -9 -10
leaf_value=-0.00081822719722144397 3.6420758873667582e-06 -1.9327210350539304e-05 -2.0212782653761253e-05 2.0463873442011504e-05 -1.1738109512826611e-05 1.1598171050053453e-05 7.1307531013431455e-05 8.828762693626758e-05 -2.5783601731443895e-05
leaf_weight=22 26 21 32 33 36 34 20 28 20
leaf_count=22 26 21 32 33 36 34 20 28 20
internal_value=-0.000735294 -0.0029703 -0.0115385 0.00241935 0.00533981 0 0.00571429 0.0104167 -0.00217391
internal_weight=272 202 78 124 103 70 70 48 46
internal_count=272 202 78 124 103 70 70 48 46
is_linear=0
shrinkage=0.05


Tree=471
num_leaves=10
num_cat=1
split_feature=1 3 12 10 6 5 10 10 5
split_gain=2.18637 3.62169 5.56565 3.24638 2.25775 2.46502 2.40714 2.40903 2.17391
threshold=0 11.500000000000002 27.500000000000004 34.500000000000007 24.583333333333339 32.500000000000007 49.500000000000007 67.500000000000014 27.500000000000004
decision_type=1 2 2 2 2 2 2 2 2
left_child=1 -1 3 -3 6 8 -2 -8 -6
right_child=4 2 -4 -5 5 -7 7 -9 -10
leaf_value=-5.4992714274337828e-05 -1.3649599202913977e-06 2.8111173111700084e-05 1.4470098916774533e-05 -1.9379943834785252e-05 -3.4874099984705254e-06 -1.6141726665441781e-05 -1.8692596520075713e-05 -2.8737144739920952e-05 2.8360645634606385e-05
leaf_weight=24 39 25 38 21 23 32 24 23 23
leaf_count=24 39 25 38 21 23 32 24 23 23
internal_value=-0.00110294 0.00423729 0.00952381 -0.00217391 -0.0045977 0.00128205 -0.0104651 -0.0180851 0.00869565
internal_weight=272 108 84 46 164 78 86 47 46
internal_count=272 108 84 46 164 78 86 47 46
cat_boundaries=0 1
cat_threshold=135
is_linear=0
shrinkage=0.05


Tree=472
num_leaves=10
num_cat=1
split_feature=1 3 12 10 6 12 5 5 5
split_gain=1.31114 3.24074 4.49047 3.24638 2.30382 2.35659 1.86667 1.68618 2.17391
threshold=0 11.500000000000002 27.500000000000004 34.500000000000007 24.583333333333339 24.500000000000004 17.833333333333339 32.500000000000007 27.500000000000004
decision_type=1 2 2 2 2 2 2 2 2
left_child=1 -1 3 -3 5 -2 -7 8 -6
right_child=4 2 -4 -5 7 6 -8 -9 -10
leaf_value=-5.2243078560554324e-05 -1.9556861690084305e-07 2.6705614456101759e-05 1.3746593970864752e-05 -1.8410946642966054e-05 -3.3130394985647628e-06 -1.7425148670024981e-05 -2.2695000442141124e-05 -1.5334640332209659e-05 2.6942613352787248e-05
leaf_weight=24 38 25 38 21 23 20 28 32 23
leaf_count=24 38 25 38 21 23 20 28 32 23
internal_value=-0.000735294 0.00338983 0.00833333 -0.00217391 -0.00344828 -0.00930233 -0.0166667 0.0025641 0.00869565
internal_weight=272 108 84 46 164 86 48 78 46
internal_count=272 108 84 46 164 86 48 78 46
cat_boundaries=0 1
cat_threshold=135
is_linear=0
shrinkage=0.05


Tree=473
num_leaves=11
num_cat=1
split_feature=2 14 6 12 12 3 5 6 12 5
split_gain=1.66056 2.84444 1.80224 3.0296 2.92704 1.74753 1.69179 1.28444 1.15714 0.728139
threshold=0 505.00000000000006 24.583333333333339 33.500000000000007 27.500000000000004 28.500000000000004 17.166666666666668 24.083333333333339 25.500000000000004 30.583333333333339
decision_type=9 2 2 2 2 2 2 2 2 2
left_child=1 8 3 6 5 -4 -2 -3 -1 -6
right_child=2 7 4 -5 9 -7 -8 -9 -10 -11
leaf_value=-4.4602447712094323e-06 -3.0847315098903043e-05 5.3187743711191621e-05 2.1528354288857801e-05 -3.340350537861525e-05 7.6352123134704192e-05 -1.7310451098673242e-05 5.8661198966802892e-06 6.6349857901215621e-07 2.9320526651943627e-06 9.1139223030722864e-07
leaf_weight=21 28 25 22 28 22 28 34 20 24 20
leaf_count=21 28 25 22 28 22 28 34 20 24 20
internal_value=0 0.00555556 -0.00274725 -0.00777778 0.00217391 -0.006 -0.0016129 0.0144444 -0.00333333 0.0119048
internal_weight=272 90 182 90 92 50 62 45 45 42
internal_count=272 90 182 90 92 50 62 45 45 42
cat_boundaries=0 1
cat_threshold=2
is_linear=0
shrinkage=0.05


Tree=474
num_leaves=10
num_cat=0
split_feature=3 3 12 12 5 10 5 7 10
split_gain=1.29482 3.05374 2.57143 2.10626 1.97811 1.68873 3.46053 1.42912 1.33516
threshold=10.500000000000002 14.500000000000002 24.500000000000004 32.500000000000007 29.166666666666668 34.500000000000007 24.833333333333339 1425000000.0000002 52.500000000000007
decision_type=2 2 2 2 2 2 2 2 2
left_child=2 -2 -1 5 -5 6 -3 8 -7
right_child=1 3 -4 4 -6 7 -8 -9 -10
leaf_value=5.0071643734384e-06 8.2502196754452592e-05 -1.4804637832366297e-05 -3.2304339347000167e-05 -3.2939901569051246e-06 3.0864352529746954e-06 1.0242385776315645e-05 5.7171828041235885e-05 -1.693657305485985e-05 -0.0001321343266857511
leaf_weight=28 20 21 28 37 32 28 26 28 24
leaf_count=28 20 21 28 37 32 28 26 28 24
internal_value=-0.000367647 0.00138889 -0.00714286 -0.000510204 0.00652174 -0.00433071 0.00319149 -0.00875 -0.00384615
internal_weight=272 216 56 196 69 127 47 80 52
internal_count=272 216 56 196 69 127 47 80 52
is_linear=0
shrinkage=0.05


Tree=475
num_leaves=10
num_cat=1
split_feature=0 3 7 7 5 6 7 5 5
split_gain=1.25151 2.43324 1.25031 1.13894 2.98646 4.47598 2.0525 1.42408 1.00027
threshold=0 30.500000000000004 1150000000.0000002 800000000.00000012 26.500000000000004 23.083333333333339 1425000000.0000002 17.833333333333339 22.416666666666668
decision_type=9 2 2 2 2 2 2 2 2
left_child=1 2 -1 -2 5 7 -6 -5 -4
right_child=3 -3 8 4 6 -7 -8 -9 -10
leaf_value=3.5853308421707197e-05 -1.0227717799793368e-05 -7.545639902328816e-06 1.2812091511715806e-05 -1.4064405940761304e-05 0.00016640292080971619 -0.00023235746239498313 -3.4073554644464822e-09 5.0084970744013192e-05 -1.1525793241418115e-05
leaf_weight=24 30 34 32 39 20 22 21 20 30
leaf_count=24 30 34 32 39 20 22 21 20 30
internal_value=-0.00147059 0.00230769 0.00697674 -0.00432099 -0.00245902 -0.00802469 0.00853659 -0.000847458 0.00322581
internal_weight=272 120 86 152 122 81 41 59 62
internal_count=272 120 86 152 122 81 41 59 62
cat_boundaries=0 1
cat_threshold=360
is_linear=0
shrinkage=0.05


Tree=476
num_leaves=11
num_cat=1
split_feature=1 5 5 12 12 3 10 6 6 5
split_gain=2.77287 2.7089 4.38378 2.26197 2.40441 1.85035 1.62338 1.53846 3.21429 0.312554
threshold=0 25.166666666666668 16.166666666666668 29.500000000000004 22.500000000000004 33.500000000000007 27.500000000000004 29.416666666666668 21.083333333333339 24.166666666666668
decision_type=1 2 2 2 2 2 2 2 2 2
left_child=1 2 -1 4 6 -3 -2 8 -5 -6
right_child=3 5 -4 7 9 -7 -8 -9 -10 -11
leaf_value=-1.3361185643745444e-05 0.00010595667174362333 -3.1107719574841043e-05 4.2517955065157764e-05 -1.2566350040188468e-05 0.00014130270912975364 5.3466666564361281e-06 -1.2257203980503563e-05 2.0078254738820079e-07 -0.00036028560824608036 8.3356069578321989e-06
leaf_weight=25 20 30 33 21 20 22 35 20 24 22
leaf_count=25 20 30 33 21 20 22 35 20 24 22
internal_value=0 0.00583333 0.0137931 -0.00406977 0.000515464 -0.00192308 -0.00636364 -0.0115385 -0.0166667 0.00952381
internal_weight=272 110 58 162 97 52 55 65 45 42
internal_count=272 110 58 162 97 52 55 65 45 42
cat_boundaries=0 1
cat_threshold=142
is_linear=0
shrinkage=0.05


Tree=477
num_leaves=10
num_cat=3
split_feature=1 2 8 2 5 3 6 6 3
split_gain=1.31114 3.9435 5.41769 3.12963 3.37302 4.42366 2.72595 2.61163 0.977508
threshold=0 1 1.0000000180025095e-35 2 29.833333333333339 24.500000000000004 20.366666666666671 23.750000000000004 24.500000000000004
decision_type=1 9 2 9 2 2 2 2 2
left_child=3 8 6 -1 5 -5 -3 -8 -2
right_child=1 2 -4 4 -6 -7 7 -9 -10
leaf_value=2.8879913599233479e-06 -0.00019454932964606543 -2.3400868516176844e-05 5.5948211324174936e-05 -1.1938032538338917e-05 1.6535923683846932e-05 -0.000191390671665026 3.7377648131808888e-05 -1.3276114785298887e-08 -1.0245726755897522e-06
leaf_weight=36 23 24 36 31 21 20 21 29 31
leaf_count=36 23 24 36 31 21 20 21 29 31
internal_value=0.000735294 0.00344828 0.00909091 -0.00338983 -0.00972222 -0.0166667 0.00135135 0.008 -0.00740741
internal_weight=272 164 110 108 72 51 74 50 54
internal_count=272 164 110 108 72 51 74 50 54
cat_boundaries=0 1 2 3
cat_threshold=864 4 4
is_linear=0
shrinkage=0.05


Tree=478
num_leaves=11
num_cat=1
split_feature=12 12 12 10 10 14 2 12 12 14
split_gain=1.56833 6.59782 4.30413 4.64007 2.49804 1.86667 1.55556 1.35087 1.25952 0.857143
threshold=19.500000000000004 22.500000000000004 29.500000000000004 71.500000000000014 51.500000000000007 530.00000000000011 0 8.5000000000000018 13.500000000000002 505.00000000000006
decision_type=2 2 2 2 2 2 9 2 2 2
left_child=7 -2 4 5 -3 -4 -5 -1 -9 -8
right_child=1 2 3 6 -6 -7 9 8 -10 -11
leaf_value=-0.00078236809896181647 -1.4282318103298053e-05 1.9558265477392923e-06 -1.4287196044016071e-05 -1.2918053155885901e-05 4.9434199065867551e-05 -5.7292493345073585e-07 6.9415896970070896e-06 5.7448363400158797e-05 8.4511396149578044e-05 6.8706954770192394e-05
leaf_weight=22 31 26 28 21 34 20 21 20 28 21
leaf_count=22 31 26 28 21 34 20 21 20 28 21
internal_value=-0.000735294 -0.0029703 0.000877193 -0.00495495 0.0116667 -0.0166667 0.00396825 0.00571429 0.0104167 0.00952381
internal_weight=272 202 171 111 60 48 63 70 48 42
internal_count=272 202 171 111 60 48 63 70 48 42
cat_boundaries=0 1
cat_threshold=4
is_linear=0
shrinkage=0.05


Tree=479
num_leaves=10
num_cat=2
split_feature=1 6 5 2 3 5 5 8 3
split_gain=1.54052 1.91678 3.17358 1.49383 3.87879 2.49024 2.5286 2.74054 0.857143
threshold=0 21.583333333333339 28.166666666666668 1 26.500000000000004 16.833333333333339 22.833333333333339 1.0000000180025095e-35 7.5000000000000009
decision_type=1 2 2 9 2 2 2 2 2
left_child=1 8 -3 4 -2 -5 -7 -8 -1
right_child=3 2 -4 5 -6 6 7 -9 -10
leaf_value=1.0556181878129679e-05 2.4329826228353114e-06 5.6950497640606561e-05 -2.2382722825398106e-06 5.8967054175873558e-05 -0.00014065780012435526 -7.0965315303439522e-05 6.5945102122100255e-06 -1.9946534150960817e-05 -1.1817862908358734e-05
leaf_weight=21 32 38 30 20 22 25 39 24 21
leaf_count=21 32 38 30 20 22 25 39 24 21
internal_value=-0.00110294 0.00333333 0.00882353 -0.00406977 -0.0111111 -0.000925926 -0.00454545 0.000793651 -0.0047619
internal_weight=272 110 68 162 54 108 88 63 42
internal_count=272 110 68 162 54 108 88 63 42
cat_boundaries=0 1 2
cat_threshold=30 1
is_linear=0
shrinkage=0.05


Tree=480
num_leaves=9
num_cat=0
split_feature=3 3 7 8 12 7 6 10
split_gain=1.89356 2.14741 2.88549 2.29635 1.78571 1.35517 1.34694 1.56695
threshold=10.500000000000002 28.500000000000004 1150000000.0000002 1.0000000180025095e-35 24.500000000000004 1425000000.0000002 26.100000000000005 59.500000000000007
decision_type=2 2 2 2 2 2 2 2
left_child=4 2 -2 5 -1 -4 -3 -8
right_child=1 6 3 -5 -6 -7 7 -9
leaf_value=-3.9714215462893779e-07 5.6231466441047934e-05 -5.8110077222117699e-06 -7.5263616793108671e-06 -2.0451383711428406e-05 -3.8010005199939915e-05 3.4642668431317246e-05 -6.9751886485391882e-06 6.5077240101629743e-06
leaf_weight=28 32 32 23 30 28 33 39 27
leaf_count=28 32 32 23 30 28 33 39 27
internal_value=-0.000735294 0.00138889 0.0059322 0.00116279 -0.00892857 0.00714286 -0.00408163 0
internal_weight=272 216 118 86 56 56 98 66
internal_count=272 216 118 86 56 56 98 66
is_linear=0
shrinkage=0.05


Tree=481
num_leaves=10
num_cat=1
split_feature=0 7 12 3 3 6 3 3 6
split_gain=1.48952 2.99284 2.25799 2.46848 3.00465 1.86458 1.48734 3.19814 0.992063
threshold=0 1150000000.0000002 19.500000000000004 30.500000000000004 24.500000000000004 26.366666666666671 22.500000000000004 11.500000000000002 24.583333333333339
decision_type=9 2 2 2 2 2 2 2 2
left_child=2 8 -1 4 -4 6 7 -3 -2
right_child=1 5 3 -5 -6 -7 -8 -9 -10
leaf_value=0.00013569722594288791 -1.6185883495722919e-06 -3.7169036269446569e-05 -1.0391480929072827e-06 -1.4334305540320003e-05 2.3233964180491286e-05 -2.6190346908094853e-05 -7.1500435954163777e-06 3.7165445450426661e-05 1.9400329248497885e-05
leaf_weight=33 21 31 37 30 20 33 21 22 24
leaf_count=33 21 31 37 30 20 33 21 22 24
internal_value=-0.00183824 -0.00493827 0.00230769 -0.00172414 0.00438596 -0.00981308 -0.00540541 -0.000943396 0.00555556
internal_weight=272 152 120 87 57 107 74 53 45
internal_count=272 152 120 87 57 107 74 53 45
cat_boundaries=0 1
cat_threshold=284
is_linear=0
shrinkage=0.05


Tree=482
num_leaves=11
num_cat=1
split_feature=6 5 10 12 3 6 2 10 7 12
split_gain=1.71798 2.39681 3.31325 2.38974 2.20353 1.96 2.54613 1.96609 1.14018 0.694623
threshold=24.583333333333339 22.416666666666668 55.500000000000007 32.500000000000007 26.500000000000004 18.633333333333336 0 48.500000000000007 1300000000.0000002 38.500000000000007
decision_type=2 2 2 2 2 2 9 2 2 2
left_child=1 5 -3 4 -2 6 -1 -8 -6 -5
right_child=3 2 -4 9 8 -7 7 -9 -10 -11
leaf_value=-3.8354190822786906e-05 3.707991048056414e-05 -1.3124962784161199e-06 -7.2488314097896023e-06 6.3820145085102812e-06 -0.00013718269067997113 2.5343304812786019e-05 -2.9435420008994132e-06 1.8431535817597933e-05 -1.1977829621478976e-07 3.6937669598557932e-06
leaf_weight=23 27 23 20 22 31 36 20 21 24 25
leaf_count=23 27 23 20 22 31 36 20 21 24 25
internal_value=-0.00147059 -0.00524476 -0.0151163 0.00271318 -0.00243902 -0.001 -0.00625 0.00121951 -0.00818182 0.0117021
internal_weight=272 143 43 129 82 100 64 41 55 47
internal_count=272 143 43 129 82 100 64 41 55 47
cat_boundaries=0 1
cat_threshold=1
is_linear=0
shrinkage=0.05


Tree=483
num_leaves=10
num_cat=2
split_feature=0 10 12 10 3 12 5 2 14
split_gain=1.64341 2.237 4.46383 3.01498 3.61111 3.82009 2.17861 4.09246 2.96318
threshold=0 71.500000000000014 29.500000000000004 51.500000000000007 27.500000000000004 19.500000000000004 24.833333333333339 1 505.00000000000006
decision_type=9 2 2 2 2 2 2 9 2
left_child=6 2 3 4 5 -2 7 -1 -8
right_child=1 -3 -4 -5 -6 -7 8 -9 -10
leaf_value=-8.8849675795188435e-05 0.00019822736834314015 3.0002302852238928e-05 -7.9863632340249076e-06 4.7507105405308896e-05 -0.00017228435399729847 -1.4459929602317346e-05 -3.1461999130399935e-07 1.3878661711608232e-05 6.559016137401841e-05
leaf_weight=25 29 35 25 20 20 23 30 36 29
leaf_count=25 29 35 25 20 20 23 30 36 29
internal_value=-0.000367647 -0.0037037 -0.00726496 -0.00217391 -0.00694444 0 0.00384615 -0.00245902 0.0110169
internal_weight=272 152 117 92 72 52 120 61 59
internal_count=272 152 117 92 72 52 120 61 59
cat_boundaries=0 1 2
cat_threshold=396 1
is_linear=0
shrinkage=0.05


Tree=484
num_leaves=10
num_cat=1
split_feature=0 14 5 10 12 10 12 7 3
split_gain=1.92028 2.7 2.59318 2.57253 2.33193 2.36058 2.30476 1.92358 1.2356
threshold=0 505.00000000000006 24.833333333333339 71.500000000000014 29.500000000000004 47.500000000000007 13.500000000000002 1425000000.0000002 28.500000000000004
decision_type=9 2 2 2 2 2 2 2 2
left_child=1 8 -3 4 5 6 -2 -5 -1
right_child=3 2 -4 7 -6 -7 -8 -9 -10
leaf_value=9.0492906184458387e-06 1.742165899605297e-05 3.3443995786086592e-07 6.6568668085764679e-05 8.4519154905038363e-05 -5.358154020029815e-06 3.6742312682136461e-06 -4.5584818497346197e-05 -7.7339729577019515e-06 -5.6182978308605416e-05
leaf_weight=34 21 31 29 21 25 30 35 20 26
leaf_count=34 21 31 29 21 25 30 35 20 26
internal_value=-0.000735294 0.00384615 0.0116667 -0.00432099 -0.00855856 -0.00465116 -0.0107143 0.00609756 -0.00333333
internal_weight=272 120 60 152 111 86 56 41 60
internal_count=272 120 60 152 111 86 56 41 60
cat_boundaries=0 1
cat_threshold=284
is_linear=0
shrinkage=0.05


Tree=485
num_leaves=11
num_cat=2
split_feature=0 10 6 6 12 12 2 5 5 3
split_gain=2.53394 2.33509 2.62945 1.92709 1.38988 2.29183 1.03058 0.702341 0.857143 0.677352
threshold=0 83.500000000000014 26.366666666666671 22.416666666666668 13.500000000000002 32.500000000000007 1 29.833333333333339 23.166666666666668 1.0000000180025095e-35
decision_type=9 2 2 2 2 2 9 2 2 2
left_child=4 2 3 6 -1 7 -2 8 -6 -8
right_child=1 -3 -4 -5 5 -7 9 -9 -10 -11
leaf_value=0.00012916355770684618 1.9070513374686016e-06 0.0080822647917834448 -1.39813820231538e-05 1.8718068689738135e-05 -1.2863329576440209e-05 1.4933299025621239e-05 -4.3305577572461123e-05 -1.1706404981026708e-05 1.5780084504868342e-06 -1.049188439790072e-05
leaf_weight=23 22 20 39 30 21 32 21 23 21 20
leaf_count=23 22 20 39 30 21 32 21 23 21 20
internal_value=-0.00147059 -0.00555556 -0.00833333 -0.00376344 0.00384615 0.00154639 -0.00873016 -0.00384615 0 -0.0134146
internal_weight=272 152 132 93 120 97 63 65 42 41
internal_count=272 152 132 93 120 97 63 65 42 41
cat_boundaries=0 1 2
cat_threshold=312 2
is_linear=0
shrinkage=0.05


Tree=486
num_leaves=10
num_cat=1
split_feature=0 3 6 6 5 10 5 3 10
split_gain=2.43203 4.07273 1.94107 2.97561 2.93683 2.17302 1.72893 1.72857 0.654183
threshold=0 37.500000000000007 28.916666666666668 24.583333333333339 19.583333333333339 37.500000000000007 26.500000000000004 25.500000000000004 53.500000000000007
decision_type=9 2 2 2 2 2 2 2 2
left_child=1 6 3 4 5 -2 7 -1 -8
right_child=2 -3 -4 -5 -6 -7 8 -9 -10
leaf_value=1.289838612530403e-05 -2.8836637860285566e-05 -5.8658555332158363e-06 -2.0182521138067955e-05 2.5003378503996033e-05 -5.4429356508123312e-06 1.6644686372035978e-05 2.0506026005850942e-05 -2.4094882630132376e-05 3.0564671673616317e-05
leaf_weight=36 20 21 31 34 31 36 22 20 21
leaf_count=36 20 21 31 34 31 36 22 20 21
internal_value=-0.00220588 0.00307692 -0.00617284 -0.00371901 -0.00862069 -0.00178571 0.00757576 0.00178571 0.0151163
internal_weight=272 120 152 121 87 56 99 56 43
internal_count=272 120 152 121 87 56 99 56 43
cat_boundaries=0 1
cat_threshold=312
is_linear=0
shrinkage=0.05


Tree=487
num_leaves=10
num_cat=2
split_feature=0 3 3 14 6 2 12 6 10
split_gain=2.20804 2.01524 1.90821 1.83633 3.43253 3.2 3.06348 1.38892 0.223229
threshold=0 26.500000000000004 33.500000000000007 530.00000000000011 23.750000000000004 1 24.500000000000004 22.416666666666668 51.500000000000007
decision_type=9 2 2 2 2 9 2 2 2
left_child=1 7 -3 5 -5 -2 -7 8 -1
right_child=3 2 -4 4 -6 6 -8 -9 -10
leaf_value=2.1629840340153805e-05 -2.7610456728943689e-06 -3.9339900511770055e-05 2.8369018196805484e-06 -2.7220643094238995e-06 -2.0028667414262459e-05 2.4590132368196296e-05 -7.1781653272040564e-06 0.00023331262786800979 -1.3180635834686429e-05
leaf_weight=20 30 26 24 32 30 22 38 29 21
leaf_count=20 30 26 24 32 30 22 38 29 21
internal_value=-0.00367647 0.00153846 -0.006 -0.00740741 -0.0145161 -0.00333333 0.00333333 0.00714286 0.00121951
internal_weight=272 120 50 152 62 90 60 70 41
internal_count=272 120 50 152 62 90 60 70 41
cat_boundaries=0 1 2
cat_threshold=300 2
is_linear=0
shrinkage=0.05


Tree=488
num_leaves=11
num_cat=3
split_feature=1 10 2 6 5 5 2 5 12 6
split_gain=1.47189 3.03872 3.2001 2.5508 6.45232 5.51538 2.03935 3.22793 1.7042 1.47703
threshold=0 76.500000000000014 1 24.583333333333339 23.500000000000004 28.166666666666668 2 16.833333333333339 26.500000000000004 28.916666666666668
decision_type=1 2 9 2 2 2 9 2 2 2
left_child=1 2 -1 4 6 -5 -2 -8 -7 -4
right_child=3 -3 9 5 -6 8 7 -9 -10 -11
leaf_value=-1.2965960027333524e-05 0.0001436187017088031 -0.00028653049474876014 2.9251269144481287e-05 0.00018581040924345871 -4.7622013497949925e-06 -0.00012597166225667423 2.3766412443393392e-05 -5.5141814498504971e-05 5.2733734790422206e-06 -3.9429158249504326e-07
leaf_weight=30 27 20 37 20 20 21 24 22 30 21
leaf_count=30 27 20 37 20 20 21 24 22 30 21
internal_value=-0.00257353 -0.00677966 -0.00340909 0.000574713 -0.00483871 0.00774648 0.00205479 -0.00434783 -0.000980392 0.00344828
internal_weight=272 108 88 164 93 71 73 46 51 58
internal_count=272 108 88 164 93 71 73 46 51 58
cat_boundaries=0 1 2 3
cat_threshold=353 1 1
is_linear=0
shrinkage=0.05


Tree=489
num_leaves=11
num_cat=1
split_feature=0 3 5 3 6 3 10 12 10 10
split_gain=2.43203 4.07273 1.72893 1.72857 1.43083 5.58607 3.05719 3.19306 2.17302 0.654183
threshold=0 37.500000000000007 26.500000000000004 25.500000000000004 26.366666666666671 34.500000000000007 71.500000000000014 26.500000000000004 30.000000000000004 53.500000000000007
decision_type=9 2 2 2 2 2 2 2 2 2
left_child=1 2 3 -1 6 -6 7 8 -2 -4
right_child=4 -3 9 -5 5 -7 -8 -9 -10 -11
leaf_value=1.0853916084307969e-05 -3.5731240370395768e-05 -4.6710539335137472e-06 2.3008617755149176e-05 -2.1078888851322478e-05 -6.677897456945914e-05 4.1967297690348462e-07 4.974938972441834e-05 -4.2535560474732396e-06 3.5087874184824844e-06 2.7932782898787425e-05
leaf_weight=36 20 21 22 20 25 22 26 23 36 21
leaf_count=36 20 21 22 20 25 22 26 23 36 21
internal_value=-0.00220588 0.00307692 0.00757576 0.00178571 -0.00617284 -0.0138298 -0.00333333 -0.00822785 -0.00178571 0.0151163
internal_weight=272 120 99 56 152 47 105 79 56 43
internal_count=272 120 99 56 152 47 105 79 56 43
cat_boundaries=0 1
cat_threshold=312
is_linear=0
shrinkage=0.05


Tree=490
num_leaves=10
num_cat=2
split_feature=1 3 5 3 5 3 6 2 6
split_gain=1.77834 4.11454 4.57721 3.24074 5.03089 3.9746 2.33978 1.71806 4.30182
threshold=0 30.500000000000004 24.833333333333339 11.500000000000002 22.833333333333339 33.500000000000007 26.733333333333338 1 18.633333333333336
decision_type=1 2 2 2 2 2 2 9 2
left_child=3 2 7 -1 -5 -6 -3 -2 -9
right_child=1 6 -4 4 5 -7 -8 8 -10
leaf_value=-3.6660936925869697e-05 1.4359811629383047e-05 -6.6527075942346418e-06 3.218724188327471e-05 4.3262724316406326e-05 -1.1512487003351169e-05 9.0413614208451071e-05 -3.0044368518389323e-06 -5.1553829443173886e-05 2.5106288892828845e-05
leaf_weight=24 26 20 37 23 37 24 31 28 22
leaf_count=24 26 20 37 23 37 24 31 28 22
internal_value=-0.00147059 -0.0045977 0.000442478 0.00338983 0.00833333 0.000819672 -0.0166667 -0.00657895 -0.012
internal_weight=272 164 113 108 84 61 51 76 50
internal_count=272 164 113 108 84 61 51 76 50
cat_boundaries=0 1 2
cat_threshold=135 4
is_linear=0
shrinkage=0.05


Tree=491
num_leaves=11
num_cat=1
split_feature=3 6 5 7 3 3 3 5 3 2
split_gain=2.80265 2.44198 4.15572 1.84893 2.72263 2.75238 2.75238 3.64069 2.43203 1.40192
threshold=30.500000000000004 26.100000000000005 31.416666666666668 1150000000.0000002 24.500000000000004 20.500000000000004 17.500000000000004 19.583333333333339 1.0000000180025095e-35 0
decision_type=2 2 2 2 2 2 2 2 2 9
left_child=3 -2 -3 9 5 6 7 8 -5 -1
right_child=1 2 -4 4 -6 -7 -8 -9 -10 -11
leaf_value=1.6130854133855623e-05 -3.8946607837431205e-06 2.3592962586072022e-05 -7.4412643991550455e-06 -1.9533721198383705e-05 1.1482753628833109e-05 -6.4350963428339011e-05 0.00012312713632915974 -0.00039509667590955646 2.1340480055798142e-05 1.3390383284583863e-05
leaf_weight=20 28 20 38 22 29 21 20 22 20 32
leaf_count=20 28 20 38 22 29 21 20 22 20 32
internal_value=-0.00183824 -0.00930233 -0.00344828 0.0016129 -0.00149254 -0.0052381 -0.00119048 -0.00625 0.00238095 0.00961538
internal_weight=272 86 58 186 134 105 84 64 42 52
internal_count=272 86 58 186 134 105 84 64 42 52
cat_boundaries=0 1
cat_threshold=2
is_linear=0
shrinkage=0.05


Tree=492
num_leaves=11
num_cat=1
split_feature=3 7 3 2 12 10 10 7 6 5
split_gain=4.82115 2.3811 1.64811 1.33322 4.20762 2.30801 1.81895 1.49087 0.990971 0.557724
threshold=30.500000000000004 1550000000.0000002 5.5000000000000009 0 35.500000000000007 55.500000000000007 38.500000000000007 1425000000.0000002 31.633333333333336 27.833333333333339
decision_type=2 2 2 9 2 2 2 2 2 2
left_child=2 8 -1 7 5 6 -5 -4 9 -2
right_child=1 -3 3 4 -6 -7 -8 -9 -10 -11
leaf_value=-7.9915814911402091e-06 -2.3995764784956467e-06 -4.0172177102171245e-06 9.7777685134303751e-06 -2.8163759899779706e-06 0.00016286622984402755 -8.1159181789303151e-06 1.5663959727163503e-05 -0.00046472991921202582 1.0553253240175309e-06 -4.9063068550125877e-06
leaf_weight=37 20 24 23 32 25 23 25 21 21 21
leaf_count=37 20 24 23 32 25 23 25 21 21 21
internal_value=-0.00183824 -0.0116279 0.00268817 0.00503356 0.00809524 0.0025 0.00789474 -0.00227273 -0.00645161 -0.0109756
internal_weight=272 86 186 149 105 80 57 44 62 41
internal_count=272 86 186 149 105 80 57 44 62 41
cat_boundaries=0 1
cat_threshold=4
is_linear=0
shrinkage=0.05


Tree=493
num_leaves=11
num_cat=2
split_feature=3 7 6 6 6 2 2 6 3 5
split_gain=4.46584 2.3811 1.4466 3.09018 1.00734 2.10561 2.09995 0.990971 0.628107 0.557724
threshold=30.500000000000004 1550000000.0000002 26.916666666666668 24.708333333333339 18.633333333333336 0 1 31.633333333333336 5.5000000000000009 27.833333333333339
decision_type=2 2 2 2 2 9 9 2 2 2
left_child=2 7 3 4 6 -6 -1 9 -8 -2
right_child=1 -3 -4 -5 5 -7 8 -9 -10 -11
leaf_value=-4.4014595103636368e-05 -2.2795976545531006e-06 -3.8163568246929463e-06 -7.2660257202983306e-06 2.9256723676818197e-05 1.6501855363237895e-05 -6.6750987315344906e-08 -5.6801613533608023e-06 1.0025590576390188e-06 1.0585394473494603e-05 -4.6609915122175499e-06
leaf_weight=23 20 24 39 24 22 37 21 21 20 21
leaf_count=23 20 24 39 24 22 37 21 21 20 21
internal_value=-0.00220588 -0.0116279 0.00215054 0.00442177 0.00121951 0.0059322 -0.003125 -0.00645161 0.00365854 -0.0109756
internal_weight=272 86 186 147 123 59 64 62 41 41
internal_count=272 86 186 147 123 59 64 62 41 41
cat_boundaries=0 1 2
cat_threshold=1 1
is_linear=0
shrinkage=0.05


Tree=494
num_leaves=12
num_cat=2
split_feature=3 7 6 2 3 3 12 2 6 3 5
split_gain=4.46584 2.3811 1.08624 2.24824 4.26596 3.77143 2.92943 2.09995 0.990971 0.628107 0.557724
threshold=30.500000000000004 1550000000.0000002 18.633333333333336 0 24.500000000000004 19.500000000000004 30.500000000000004 1 31.633333333333336 5.5000000000000009 27.833333333333339
decision_type=2 2 2 9 2 2 2 9 2 2 2
left_child=2 8 7 5 6 -4 -5 -1 10 -9 -2
right_child=1 -3 3 4 -6 -7 -8 9 -10 -11 -12
leaf_value=-4.1813865348494522e-05 -2.1656177718654134e-06 -3.6255389835204712e-06 0.00049721115311074371 3.3375668828838915e-05 2.7138455287811782e-05 -5.7822946866181732e-07 -0.0003182664855961193 -5.3961532857194079e-06 9.524311046504863e-07 1.0056124749890927e-05 -4.4279419366688444e-06
leaf_weight=23 20 24 20 27 31 22 22 21 21 20 21
leaf_count=23 20 24 20 27 31 22 22 21 21 20 21
internal_value=-0.00220588 -0.0116279 0.00215054 0.00491803 0 0.0142857 -0.00918367 -0.003125 -0.00645161 0.00365854 -0.0109756
internal_weight=272 86 186 122 80 42 49 64 62 41 41
internal_count=272 86 186 122 80 42 49 64 62 41 41
cat_boundaries=0 1 2
cat_threshold=1 1
is_linear=0
shrinkage=0.05


Tree=495
num_leaves=11
num_cat=0
split_feature=3 3 10 7 3 5 3 5 10 3
split_gain=2.84777 2.20226 2.27295 1.47792 1.52241 2.98295 2.5966 4.58046 0.934148 0.381818
threshold=30.500000000000004 33.500000000000007 54.500000000000007 1150000000.0000002 17.500000000000004 19.583333333333339 21.500000000000004 24.833333333333339 50.500000000000007 1.0000000180025095e-35
decision_type=2 2 2 2 2 2 2 2 2 2
left_child=3 -2 -3 8 5 9 -6 -8 -1 -5
right_child=1 2 -4 4 6 -7 7 -9 -10 -11
leaf_value=3.1706885387450257e-05 -0.00011358518586721545 -3.7709107698180591e-06 4.5254893459301116e-07 -1.7603640332009009e-05 2.4497241335286193e-05 -0.00037203749862362305 -0.00014754636570337711 2.5781532523438956e-05 6.4691211395739861e-06 2.172737227779109e-05
leaf_weight=23 20 32 34 22 26 22 21 23 29 20
leaf_count=23 20 32 34 22 26 22 21 23 29 20
internal_value=-0.00294118 -0.0104651 -0.00606061 0.000537634 -0.00223881 -0.0078125 0.00285714 -0.00454545 0.00769231 0
internal_weight=272 86 66 186 134 64 70 44 52 42
internal_count=272 86 66 186 134 64 70 44 52 42
is_linear=0
shrinkage=0.05


Tree=496
num_leaves=9
num_cat=0
split_feature=3 6 6 3 8 10 14 6
split_gain=2.80265 2.41301 3.38387 2.26564 2.13121 2.91201 1.66621 0.791696
threshold=30.500000000000004 18.633333333333336 26.916666666666668 8.5000000000000018 1.0000000180025095e-35 54.500000000000007 530.00000000000011 24.583333333333339
decision_type=2 2 2 2 2 2 2 2
left_child=1 3 6 -1 5 -2 7 -3
right_child=4 2 -4 -5 -6 -7 -8 -9
leaf_value=3.1986292437835576e-06 -3.5823652313471399e-06 1.5526454784620116e-05 -8.5831032556882292e-06 -2.127714875470588e-05 -7.341392315307616e-06 2.0491736950845053e-06 4.0511401087073295e-06 4.4013498287576172e-05
leaf_weight=39 34 29 39 25 22 30 34 20
leaf_count=39 34 29 39 25 22 30 34 20
internal_value=-0.00183824 0.0016129 0.0057377 -0.00625 -0.00930233 -0.0046875 0.0114458 0.0173469
internal_weight=272 186 122 64 86 64 83 49
internal_count=272 186 122 64 86 64 83 49
is_linear=0
shrinkage=0.05


Tree=497
num_leaves=11
num_cat=1
split_feature=5 0 3 10 3 5 12 5 12 12
split_gain=2.17303 2.21499 3.91127 3.90628 2.2198 3.67009 2.5198 1.93311 1.27201 1.17845
threshold=33.166666666666679 0 32.500000000000007 70.500000000000014 32.500000000000007 25.166666666666668 27.500000000000004 22.833333333333339 28.500000000000004 19.500000000000004
decision_type=2 9 2 2 2 2 2 2 2 2
left_child=1 2 3 7 5 6 9 -1 -2 -3
right_child=8 4 -4 -5 -6 -7 -8 -9 -10 -11
leaf_value=6.9487255483835501e-06 -3.8845424173317157e-06 -4.4060950670221644e-06 -3.8388810397194106e-06 -8.1266066267460246e-06 1.4412203615421506e-06 -6.6874432306818229e-05 1.9051226470523376e-05 3.1310270767104244e-05 -8.926529066108913e-05 -2.9360684488288769e-05
leaf_weight=23 21 33 27 29 23 23 26 26 20 21
leaf_count=23 21 33 27 29 23 23 26 26 20 21
internal_value=-0.000367647 0.00151515 0.00652174 0.0128205 -0.00294118 -0.00631068 -0.00125 0.0214286 -0.0109756 -0.00740741
internal_weight=272 231 105 78 126 103 80 49 41 54
internal_count=272 231 105 78 126 103 80 49 41 54
cat_boundaries=0 1
cat_threshold=344
is_linear=0
shrinkage=0.05


Tree=498
num_leaves=10
num_cat=0
split_feature=12 12 10 10 12 3 14 10 10
split_gain=2.14828 3.60597 1.89638 2.56705 3.54514 1.83995 1.66311 1.92248 1.64021
threshold=16.500000000000004 12.500000000000002 42.500000000000007 50.500000000000007 29.500000000000004 27.500000000000004 580.00000000000011 68.500000000000014 78.500000000000014
decision_type=2 2 2 2 2 2 2 2 2
left_child=1 -1 -2 -4 5 -5 7 -6 -9
right_child=2 -3 3 4 6 -7 -8 8 -10
leaf_value=4.0609490570542309e-05 2.8209008617174903e-05 -0.00056084233752846664 -1.3780943837993222e-05 5.3570473657948984e-06 -1.8455567465025526e-05 6.1932932361763454e-05 1.1994862749276081e-05 2.4289822881939926e-06 -0.00014480713525806267
leaf_weight=37 38 20 25 20 24 21 25 27 35
leaf_count=37 38 20 25 20 24 21 25 27 35
internal_value=0.000735294 -0.00789474 0.00302326 0.000847458 0.00328947 0.0158537 -0.00135135 -0.00465116 0
internal_weight=272 57 215 177 152 41 111 86 62
internal_count=272 57 215 177 152 41 111 86 62
is_linear=0
shrinkage=0.05


Tree=499
num_leaves=10
num_cat=1
split_feature=1 12 12 12 6 5 3 5 3
split_gain=2.4739 2.72279 4.23264 3.02322 4.46187 2.35867 1.72365 2.30903 3.05991
threshold=0 13.500000000000002 27.500000000000004 33.500000000000007 24.583333333333339 25.166666666666668 30.500000000000004 24.833333333333339 14.500000000000002
decision_type=1 2 2 2 2 2 2 2 2
left_child=6 -2 5 -4 -5 -3 7 8 -1
right_child=1 2 3 4 -6 -7 -8 -9 -10
leaf_value=5.6857518457853473e-06 9.6840344701032421e-05 1.0526209662131691e-06 0.00030163527063038488 -2.976841296025157e-05 8.5551485963009103e-06 -2.1036964495202427e-05 -3.8942432800670446e-06 9.0893401523572958e-06 -0.00030445619492871503
leaf_weight=24 28 30 28 27 24 27 30 27 27
leaf_count=24 28 30 28 27 24 27 30 27 27
internal_value=-0.000367647 0.00344828 0.000735294 0.00822785 0.000980392 -0.00964912 -0.0059322 -0.0025641 -0.00882353
internal_weight=272 164 136 79 51 57 108 78 51
internal_count=272 164 136 79 51 57 108 78 51
cat_boundaries=0 1
cat_threshold=368
is_linear=0
shrinkage=0.05


end of trees

feature_importances:
agencyOrdersQuantity=1708
unitsSoldLastMonth=566
rollingAvgSales3Months=560
rollingAvgSales6Months=473
testDrivesCount=456
avgPrice=173
agencyId=169
vehicleRangeKM=143
month=92
vehicleId=86
wasOnPromotion=63
agencyRegion=7
vehicleBatteryCapacity=3

parameters:
[boosting: gbdt]
[objective: regression_l1]
[metric: l1]
[tree_learner: serial]
[device_type: cpu]
[data_sample_strategy: bagging]
[data: ]
[valid: ]
[num_iterations: 500]
[learning_rate: 0.05]
[num_leaves: 31]
[num_threads: 10]
[seed: 42]
[deterministic: 0]
[force_col_wise: 0]
[force_row_wise: 0]
[histogram_pool_size: -1]
[max_depth: -1]
[min_data_in_leaf: 20]
[min_sum_hessian_in_leaf: 0.001]
[bagging_fraction: 1]
[pos_bagging_fraction: 1]
[neg_bagging_fraction: 1]
[bagging_freq: 0]
[bagging_seed: 400]
[bagging_by_query: 0]
[feature_fraction: 1]
[feature_fraction_bynode: 1]
[feature_fraction_seed: 30056]
[extra_trees: 0]
[extra_seed: 12879]
[early_stopping_round: 0]
[early_stopping_min_delta: 0]
[first_metric_only: 0]
[max_delta_step: 0]
[lambda_l1: 0]
[lambda_l2: 0]
[linear_lambda: 0]
[min_gain_to_split: 0]
[drop_rate: 0.1]
[max_drop: 50]
[skip_drop: 0.5]
[xgboost_dart_mode: 0]
[uniform_drop: 0]
[drop_seed: 17869]
[top_rate: 0.2]
[other_rate: 0.1]
[min_data_per_group: 100]
[max_cat_threshold: 32]
[cat_l2: 10]
[cat_smooth: 10]
[max_cat_to_onehot: 4]
[top_k: 20]
[monotone_constraints: ]
[monotone_constraints_method: basic]
[monotone_penalty: 0]
[feature_contri: ]
[forcedsplits_filename: ]
[refit_decay_rate: 0.9]
[cegb_tradeoff: 1]
[cegb_penalty_split: 0]
[cegb_penalty_feature_lazy: ]
[cegb_penalty_feature_coupled: ]
[path_smooth: 0]
[interaction_constraints: ]
[verbosity: 1]
[saved_feature_importance_type: 0]
[use_quantized_grad: 0]
[num_grad_quant_bins: 4]
[quant_train_renew_leaf: 0]
[stochastic_rounding: 1]
[linear_tree: 0]
[max_bin: 255]
[max_bin_by_feature: ]
[min_data_in_bin: 3]
[bin_construct_sample_cnt: 200000]
[data_random_seed: 175]
[is_enable_sparse: 1]
[enable_bundle: 1]
[use_missing: 1]
[zero_as_missing: 0]
[feature_pre_filter: 1]
[pre_partition: 0]
[two_round: 0]
[header: 0]
[label_column: ]
[weight_column: ]
[group_column: ]
[ignore_column: ]
[categorical_feature: 0,1,2,15,16]
[forcedbins_filename: ]
[precise_float_parser: 0]
[parser_config_file: ]
[objective_seed: 16083]
[num_class: 1]
[is_unbalance: 0]
[scale_pos_weight: 1]
[sigmoid: 1]
[boost_from_average: 1]
[reg_sqrt: 0]
[alpha: 0.9]
[fair_c: 1]
[poisson_max_delta_step: 0.7]
[tweedie_variance_power: 1.5]
[lambdarank_truncation_level: 30]
[lambdarank_norm: 1]
[label_gain: ]
[lambdarank_position_bias_regularization: 0]
[eval_at: ]
[multi_error_top_k: 1]
[auc_mu_weights: ]
[num_machines: 1]
[local_listen_port: 12400]
[time_out: 120]
[machine_list_filename: ]
[machines: ]
[gpu_platform_id: -1]
[gpu_device_id: -1]
[gpu_use_dp: 0]
[num_gpu: 1]

end of parameters

pandas_categorical:[]
